{
    "nan": {
        "digital_signal_analysis_processing": "-",
        "social_and_professional_issues_in_it": "-",
        "organization_and_management": "-",
        "information_systems": "-",
        "project_iii": "-",
        "data_mining": "-"
    },
    "14070005": {
        "digital_signal_analysis_processing": "F",
        "social_and_professional_issues_in_it": "-",
        "organization_and_management": "-",
        "information_systems": "-",
        "project_iii": "-",
        "data_mining": "-"
    },
    "14070020": {
        "digital_signal_analysis_processing": "F",
        "social_and_professional_issues_in_it": "-",
        "organization_and_management": "-",
        "information_systems": "-",
        "project_iii": "-",
        "data_mining": "-"
    },
    "14070033": {
        "digital_signal_analysis_processing": "B+",
        "social_and_professional_issues_in_it": "-",
        "organization_and_management": "-",
        "information_systems": "-",
        "project_iii": "-",
        "data_mining": "-"
    },
    "14070096": {
        "digital_signal_analysis_processing": "Abs",
        "social_and_professional_issues_in_it": "-",
        "organization_and_management": "-",
        "information_systems": "-",
        "project_iii": "-",
        "data_mining": "-"
    },
    "14070097": {
        "digital_signal_analysis_processing": "F",
        "social_and_professional_issues_in_it": "-",
        "organization_and_management": "-",
        "information_systems": "-",
        "project_iii": "-",
        "data_mining": "-"
    },
    "14070125": {
        "digital_signal_analysis_processing": "Abs",
        "social_and_professional_issues_in_it": "-",
        "organization_and_management": "Abs",
        "information_systems": "-",
        "project_iii": "-",
        "data_mining": "-"
    },
    "14070186": {
        "digital_signal_analysis_processing": "Abs",
        "social_and_professional_issues_in_it": "-",
        "organization_and_management": "-",
        "information_systems": "-",
        "project_iii": "-",
        "data_mining": "-"
    },
    "14070218": {
        "digital_signal_analysis_processing": "F",
        "social_and_professional_issues_in_it": "-",
        "organization_and_management": "-",
        "information_systems": "-",
        "project_iii": "-",
        "data_mining": "-"
    },
    "14070223": {
        "digital_signal_analysis_processing": "F",
        "social_and_professional_issues_in_it": "-",
        "organization_and_management": "-",
        "information_systems": "-",
        "project_iii": "-",
        "data_mining": "-"
    },
    "14070226": {
        "digital_signal_analysis_processing": "F",
        "social_and_professional_issues_in_it": "F",
        "organization_and_management": "-",
        "information_systems": "F",
        "project_iii": "-",
        "data_mining": "-"
    },
    "15070004": {
        "digital_signal_analysis_processing": "F",
        "social_and_professional_issues_in_it": "-",
        "organization_and_management": "-",
        "information_systems": "-",
        "project_iii": "-",
        "data_mining": "-"
    },
    "15070010": {
        "digital_signal_analysis_processing": "-",
        "social_and_professional_issues_in_it": "Abs",
        "organization_and_management": "F",
        "information_systems": "-",
        "project_iii": "-",
        "data_mining": "-"
    },
    "15070012": {
        "digital_signal_analysis_processing": "-",
        "social_and_professional_issues_in_it": "-",
        "organization_and_management": "-",
        "information_systems": "Abs",
        "project_iii": "-",
        "data_mining": "-"
    },
    "15070031": {
        "digital_signal_analysis_processing": "-",
        "social_and_professional_issues_in_it": "-",
        "organization_and_management": "-",
        "information_systems": "Abs",
        "project_iii": "-",
        "data_mining": "-"
    },
    "15070051": {
        "digital_signal_analysis_processing": "-",
        "social_and_professional_issues_in_it": "Abs",
        "organization_and_management": "-",
        "information_systems": "-",
        "project_iii": "-",
        "data_mining": "-"
    },
    "15070055": {
        "digital_signal_analysis_processing": "Abs",
        "social_and_professional_issues_in_it": "-",
        "organization_and_management": "-",
        "information_systems": "-",
        "project_iii": "-",
        "data_mining": "-"
    },
    "15070057": {
        "digital_signal_analysis_processing": "-",
        "social_and_professional_issues_in_it": "-",
        "organization_and_management": "-",
        "information_systems": "Abs",
        "project_iii": "-",
        "data_mining": "-"
    },
    "15070060": {
        "digital_signal_analysis_processing": "-",
        "social_and_professional_issues_in_it": "-",
        "organization_and_management": "-",
        "information_systems": "-",
        "project_iii": "B+",
        "data_mining": "-"
    },
    "15070068": {
        "digital_signal_analysis_processing": "F",
        "social_and_professional_issues_in_it": "-",
        "organization_and_management": "-",
        "information_systems": "-",
        "project_iii": "-",
        "data_mining": "-"
    },
    "15070069": {
        "digital_signal_analysis_processing": "-",
        "social_and_professional_issues_in_it": "C+",
        "organization_and_management": "-",
        "information_systems": "-",
        "project_iii": "-",
        "data_mining": "-"
    },
    "15070077": {
        "digital_signal_analysis_processing": "Abs",
        "social_and_professional_issues_in_it": "-",
        "organization_and_management": "-",
        "information_systems": "-",
        "project_iii": "-",
        "data_mining": "-"
    },
    "15070080": {
        "digital_signal_analysis_processing": "F",
        "social_and_professional_issues_in_it": "-",
        "organization_and_management": "-",
        "information_systems": "-",
        "project_iii": "-",
        "data_mining": "-"
    },
    "15070081": {
        "digital_signal_analysis_processing": "Abs",
        "social_and_professional_issues_in_it": "-",
        "organization_and_management": "-",
        "information_systems": "-",
        "project_iii": "-",
        "data_mining": "-"
    },
    "15070090": {
        "digital_signal_analysis_processing": "F",
        "social_and_professional_issues_in_it": "-",
        "organization_and_management": "-",
        "information_systems": "-",
        "project_iii": "-",
        "data_mining": "-"
    },
    "15070094": {
        "digital_signal_analysis_processing": "Abs",
        "social_and_professional_issues_in_it": "-",
        "organization_and_management": "-",
        "information_systems": "-",
        "project_iii": "-",
        "data_mining": "-"
    },
    "15070098": {
        "digital_signal_analysis_processing": "-",
        "social_and_professional_issues_in_it": "-",
        "organization_and_management": "-",
        "information_systems": "-",
        "project_iii": "A-",
        "data_mining": "-"
    },
    "15070105": {
        "digital_signal_analysis_processing": "-",
        "social_and_professional_issues_in_it": "-",
        "organization_and_management": "-",
        "information_systems": "F",
        "project_iii": "-",
        "data_mining": "-"
    },
    "15070121": {
        "digital_signal_analysis_processing": "F",
        "social_and_professional_issues_in_it": "-",
        "organization_and_management": "-",
        "information_systems": "-",
        "project_iii": "-",
        "data_mining": "-"
    },
    "15070131": {
        "digital_signal_analysis_processing": "Abs",
        "social_and_professional_issues_in_it": "-",
        "organization_and_management": "-",
        "information_systems": "-",
        "project_iii": "-",
        "data_mining": "-"
    },
    "15070140": {
        "digital_signal_analysis_processing": "-",
        "social_and_professional_issues_in_it": "F",
        "organization_and_management": "-",
        "information_systems": "-",
        "project_iii": "-",
        "data_mining": "-"
    },
    "15070157": {
        "digital_signal_analysis_processing": "Abs",
        "social_and_professional_issues_in_it": "-",
        "organization_and_management": "-",
        "information_systems": "-",
        "project_iii": "-",
        "data_mining": "-"
    },
    "15070160": {
        "digital_signal_analysis_processing": "A-",
        "social_and_professional_issues_in_it": "-",
        "organization_and_management": "-",
        "information_systems": "-",
        "project_iii": "-",
        "data_mining": "-"
    },
    "15070167": {
        "digital_signal_analysis_processing": "F",
        "social_and_professional_issues_in_it": "-",
        "organization_and_management": "-",
        "information_systems": "-",
        "project_iii": "B",
        "data_mining": "-"
    },
    "15070195": {
        "digital_signal_analysis_processing": "C+",
        "social_and_professional_issues_in_it": "-",
        "organization_and_management": "-",
        "information_systems": "-",
        "project_iii": "-",
        "data_mining": "-"
    },
    "15070210": {
        "digital_signal_analysis_processing": "Abs",
        "social_and_professional_issues_in_it": "-",
        "organization_and_management": "-",
        "information_systems": "-",
        "project_iii": "-",
        "data_mining": "-"
    },
    "15070238": {
        "digital_signal_analysis_processing": "Abs",
        "social_and_professional_issues_in_it": "-",
        "organization_and_management": "-",
        "information_systems": "-",
        "project_iii": "-",
        "data_mining": "-"
    },
    "15070241": {
        "digital_signal_analysis_processing": "Abs",
        "social_and_professional_issues_in_it": "-",
        "organization_and_management": "-",
        "information_systems": "Abs",
        "project_iii": "-",
        "data_mining": "-"
    },
    "15070272": {
        "digital_signal_analysis_processing": "F",
        "social_and_professional_issues_in_it": "-",
        "organization_and_management": "-",
        "information_systems": "-",
        "project_iii": "-",
        "data_mining": "-"
    },
    "15070282": {
        "digital_signal_analysis_processing": "-",
        "social_and_professional_issues_in_it": "-",
        "organization_and_management": "-",
        "information_systems": "Abs",
        "project_iii": "-",
        "data_mining": "-"
    },
    "15070289": {
        "digital_signal_analysis_processing": "F",
        "social_and_professional_issues_in_it": "-",
        "organization_and_management": "-",
        "information_systems": "-",
        "project_iii": "-",
        "data_mining": "-"
    },
    "15110035": {
        "digital_signal_analysis_processing": "F",
        "social_and_professional_issues_in_it": "-",
        "organization_and_management": "-",
        "information_systems": "F",
        "project_iii": "A-",
        "data_mining": "-"
    },
    "15110045": {
        "digital_signal_analysis_processing": "Abs",
        "social_and_professional_issues_in_it": "-",
        "organization_and_management": "-",
        "information_systems": "-",
        "project_iii": "-",
        "data_mining": "-"
    },
    "15110098": {
        "digital_signal_analysis_processing": "F",
        "social_and_professional_issues_in_it": "-",
        "organization_and_management": "-",
        "information_systems": "-",
        "project_iii": "-",
        "data_mining": "-"
    },
    "16070006": {
        "digital_signal_analysis_processing": "C",
        "social_and_professional_issues_in_it": "-",
        "organization_and_management": "-",
        "information_systems": "-",
        "project_iii": "-",
        "data_mining": "-"
    },
    "16070007": {
        "digital_signal_analysis_processing": "-",
        "social_and_professional_issues_in_it": "-",
        "organization_and_management": "-",
        "information_systems": "F",
        "project_iii": "-",
        "data_mining": "-"
    },
    "16070008": {
        "digital_signal_analysis_processing": "-",
        "social_and_professional_issues_in_it": "-",
        "organization_and_management": "-",
        "information_systems": "F",
        "project_iii": "-",
        "data_mining": "-"
    },
    "16070012": {
        "digital_signal_analysis_processing": "F",
        "social_and_professional_issues_in_it": "-",
        "organization_and_management": "-",
        "information_systems": "F",
        "project_iii": "-",
        "data_mining": "-"
    },
    "16070014": {
        "digital_signal_analysis_processing": "F",
        "social_and_professional_issues_in_it": "-",
        "organization_and_management": "-",
        "information_systems": "F",
        "project_iii": "-",
        "data_mining": "-"
    },
    "16070016": {
        "digital_signal_analysis_processing": "-",
        "social_and_professional_issues_in_it": "-",
        "organization_and_management": "-",
        "information_systems": "F",
        "project_iii": "-",
        "data_mining": "-"
    },
    "16070017": {
        "digital_signal_analysis_processing": "-",
        "social_and_professional_issues_in_it": "-",
        "organization_and_management": "B-",
        "information_systems": "-",
        "project_iii": "-",
        "data_mining": "-"
    },
    "16070019": {
        "digital_signal_analysis_processing": "-",
        "social_and_professional_issues_in_it": "-",
        "organization_and_management": "F",
        "information_systems": "-",
        "project_iii": "-",
        "data_mining": "-"
    },
    "16070023": {
        "digital_signal_analysis_processing": "Abs",
        "social_and_professional_issues_in_it": "-",
        "organization_and_management": "-",
        "information_systems": "-",
        "project_iii": "-",
        "data_mining": "-"
    },
    "16070031": {
        "digital_signal_analysis_processing": "-",
        "social_and_professional_issues_in_it": "-",
        "organization_and_management": "-",
        "information_systems": "F",
        "project_iii": "-",
        "data_mining": "-"
    },
    "16070032": {
        "digital_signal_analysis_processing": "Abs",
        "social_and_professional_issues_in_it": "-",
        "organization_and_management": "-",
        "information_systems": "-",
        "project_iii": "-",
        "data_mining": "-"
    },
    "16070036": {
        "digital_signal_analysis_processing": "-",
        "social_and_professional_issues_in_it": "-",
        "organization_and_management": "-",
        "information_systems": "F",
        "project_iii": "-",
        "data_mining": "-"
    },
    "16070038": {
        "digital_signal_analysis_processing": "F",
        "social_and_professional_issues_in_it": "-",
        "organization_and_management": "-",
        "information_systems": "-",
        "project_iii": "-",
        "data_mining": "-"
    },
    "16070040": {
        "digital_signal_analysis_processing": "F",
        "social_and_professional_issues_in_it": "-",
        "organization_and_management": "-",
        "information_systems": "-",
        "project_iii": "-",
        "data_mining": "-"
    },
    "16070042": {
        "digital_signal_analysis_processing": "Abs",
        "social_and_professional_issues_in_it": "-",
        "organization_and_management": "-",
        "information_systems": "-",
        "project_iii": "-",
        "data_mining": "-"
    },
    "16070045": {
        "digital_signal_analysis_processing": "Abs",
        "social_and_professional_issues_in_it": "-",
        "organization_and_management": "-",
        "information_systems": "-",
        "project_iii": "-",
        "data_mining": "-"
    },
    "16070061": {
        "digital_signal_analysis_processing": "-",
        "social_and_professional_issues_in_it": "-",
        "organization_and_management": "-",
        "information_systems": "Abs",
        "project_iii": "-",
        "data_mining": "-"
    },
    "16070072": {
        "digital_signal_analysis_processing": "-",
        "social_and_professional_issues_in_it": "-",
        "organization_and_management": "-",
        "information_systems": "F",
        "project_iii": "-",
        "data_mining": "-"
    },
    "16070080": {
        "digital_signal_analysis_processing": "-",
        "social_and_professional_issues_in_it": "-",
        "organization_and_management": "-",
        "information_systems": "C+",
        "project_iii": "-",
        "data_mining": "-"
    },
    "16070100": {
        "digital_signal_analysis_processing": "-",
        "social_and_professional_issues_in_it": "-",
        "organization_and_management": "-",
        "information_systems": "Abs",
        "project_iii": "-",
        "data_mining": "-"
    },
    "16070171": {
        "digital_signal_analysis_processing": "F",
        "social_and_professional_issues_in_it": "-",
        "organization_and_management": "-",
        "information_systems": "-",
        "project_iii": "-",
        "data_mining": "-"
    },
    "16070183": {
        "digital_signal_analysis_processing": "-",
        "social_and_professional_issues_in_it": "Abs",
        "organization_and_management": "-",
        "information_systems": "-",
        "project_iii": "-",
        "data_mining": "-"
    },
    "16070187": {
        "digital_signal_analysis_processing": "F",
        "social_and_professional_issues_in_it": "-",
        "organization_and_management": "-",
        "information_systems": "-",
        "project_iii": "-",
        "data_mining": "-"
    },
    "16070191": {
        "digital_signal_analysis_processing": "Abs",
        "social_and_professional_issues_in_it": "-",
        "organization_and_management": "-",
        "information_systems": "-",
        "project_iii": "-",
        "data_mining": "-"
    },
    "16070196": {
        "digital_signal_analysis_processing": "C-",
        "social_and_professional_issues_in_it": "-",
        "organization_and_management": "-",
        "information_systems": "-",
        "project_iii": "-",
        "data_mining": "-"
    },
    "16070206": {
        "digital_signal_analysis_processing": "F",
        "social_and_professional_issues_in_it": "-",
        "organization_and_management": "-",
        "information_systems": "-",
        "project_iii": "-",
        "data_mining": "-"
    },
    "16070211": {
        "digital_signal_analysis_processing": "-",
        "social_and_professional_issues_in_it": "-",
        "organization_and_management": "F",
        "information_systems": "-",
        "project_iii": "-",
        "data_mining": "-"
    },
    "16070214": {
        "digital_signal_analysis_processing": "-",
        "social_and_professional_issues_in_it": "Abs",
        "organization_and_management": "-",
        "information_systems": "-",
        "project_iii": "-",
        "data_mining": "-"
    },
    "16070243": {
        "digital_signal_analysis_processing": "-",
        "social_and_professional_issues_in_it": "-",
        "organization_and_management": "-",
        "information_systems": "-",
        "project_iii": "B-",
        "data_mining": "-"
    },
    "16070250": {
        "digital_signal_analysis_processing": "Abs",
        "social_and_professional_issues_in_it": "-",
        "organization_and_management": "-",
        "information_systems": "-",
        "project_iii": "-",
        "data_mining": "-"
    },
    "16070254": {
        "digital_signal_analysis_processing": "-",
        "social_and_professional_issues_in_it": "C-",
        "organization_and_management": "-",
        "information_systems": "-",
        "project_iii": "-",
        "data_mining": "-"
    },
    "16070256": {
        "digital_signal_analysis_processing": "B",
        "social_and_professional_issues_in_it": "-",
        "organization_and_management": "-",
        "information_systems": "-",
        "project_iii": "A-",
        "data_mining": "-"
    },
    "16070257": {
        "digital_signal_analysis_processing": "F",
        "social_and_professional_issues_in_it": "-",
        "organization_and_management": "-",
        "information_systems": "-",
        "project_iii": "-",
        "data_mining": "-"
    },
    "16070259": {
        "digital_signal_analysis_processing": "F",
        "social_and_professional_issues_in_it": "-",
        "organization_and_management": "-",
        "information_systems": "-",
        "project_iii": "-",
        "data_mining": "-"
    },
    "16070260": {
        "digital_signal_analysis_processing": "-",
        "social_and_professional_issues_in_it": "Abs",
        "organization_and_management": "Abs",
        "information_systems": "-",
        "project_iii": "-",
        "data_mining": "-"
    },
    "16070262": {
        "digital_signal_analysis_processing": "Abs",
        "social_and_professional_issues_in_it": "-",
        "organization_and_management": "-",
        "information_systems": "-",
        "project_iii": "-",
        "data_mining": "-"
    },
    "16070267": {
        "digital_signal_analysis_processing": "C+",
        "social_and_professional_issues_in_it": "-",
        "organization_and_management": "-",
        "information_systems": "-",
        "project_iii": "Incomplete",
        "data_mining": "-"
    },
    "16070273": {
        "digital_signal_analysis_processing": "Abs",
        "social_and_professional_issues_in_it": "Abs",
        "organization_and_management": "-",
        "information_systems": "Abs",
        "project_iii": "-",
        "data_mining": "-"
    },
    "16070274": {
        "digital_signal_analysis_processing": "-",
        "social_and_professional_issues_in_it": "F",
        "organization_and_management": "-",
        "information_systems": "-",
        "project_iii": "-",
        "data_mining": "-"
    },
    "16070275": {
        "digital_signal_analysis_processing": "-",
        "social_and_professional_issues_in_it": "Abs",
        "organization_and_management": "Abs",
        "information_systems": "Abs",
        "project_iii": "-",
        "data_mining": "-"
    },
    "16070276": {
        "digital_signal_analysis_processing": "B-",
        "social_and_professional_issues_in_it": "-",
        "organization_and_management": "-",
        "information_systems": "C",
        "project_iii": "Incomplete",
        "data_mining": "-"
    },
    "16070279": {
        "digital_signal_analysis_processing": "-",
        "social_and_professional_issues_in_it": "C-",
        "organization_and_management": "F",
        "information_systems": "-",
        "project_iii": "-",
        "data_mining": "-"
    },
    "16070281": {
        "digital_signal_analysis_processing": "-",
        "social_and_professional_issues_in_it": "-",
        "organization_and_management": "Abs",
        "information_systems": "Abs",
        "project_iii": "-",
        "data_mining": "-"
    },
    "16070286": {
        "digital_signal_analysis_processing": "A",
        "social_and_professional_issues_in_it": "-",
        "organization_and_management": "-",
        "information_systems": "-",
        "project_iii": "-",
        "data_mining": "-"
    },
    "16070287": {
        "digital_signal_analysis_processing": "F",
        "social_and_professional_issues_in_it": "-",
        "organization_and_management": "-",
        "information_systems": "-",
        "project_iii": "-",
        "data_mining": "-"
    },
    "16070288": {
        "digital_signal_analysis_processing": "Abs",
        "social_and_professional_issues_in_it": "-",
        "organization_and_management": "-",
        "information_systems": "-",
        "project_iii": "-",
        "data_mining": "-"
    },
    "16070291": {
        "digital_signal_analysis_processing": "B",
        "social_and_professional_issues_in_it": "-",
        "organization_and_management": "-",
        "information_systems": "-",
        "project_iii": "-",
        "data_mining": "-"
    },
    "16070299": {
        "digital_signal_analysis_processing": "-",
        "social_and_professional_issues_in_it": "-",
        "organization_and_management": "-",
        "information_systems": "-",
        "project_iii": "B+",
        "data_mining": "-"
    },
    "16070304": {
        "digital_signal_analysis_processing": "F",
        "social_and_professional_issues_in_it": "-",
        "organization_and_management": "-",
        "information_systems": "A-",
        "project_iii": "-",
        "data_mining": "-"
    },
    "16070313": {
        "digital_signal_analysis_processing": "Abs",
        "social_and_professional_issues_in_it": "-",
        "organization_and_management": "-",
        "information_systems": "-",
        "project_iii": "-",
        "data_mining": "-"
    },
    "16070317": {
        "digital_signal_analysis_processing": "-",
        "social_and_professional_issues_in_it": "-",
        "organization_and_management": "Abs",
        "information_systems": "-",
        "project_iii": "-",
        "data_mining": "-"
    },
    "16070330": {
        "digital_signal_analysis_processing": "-",
        "social_and_professional_issues_in_it": "D+",
        "organization_and_management": "-",
        "information_systems": "-",
        "project_iii": "-",
        "data_mining": "-"
    },
    "16070350": {
        "digital_signal_analysis_processing": "Abs",
        "social_and_professional_issues_in_it": "-",
        "organization_and_management": "-",
        "information_systems": "-",
        "project_iii": "-",
        "data_mining": "-"
    },
    "17070007": {
        "digital_signal_analysis_processing": "-",
        "social_and_professional_issues_in_it": "-",
        "organization_and_management": "-",
        "information_systems": "-",
        "project_iii": "A-",
        "data_mining": "-"
    },
    "17070010": {
        "digital_signal_analysis_processing": "-",
        "social_and_professional_issues_in_it": "Abs",
        "organization_and_management": "-",
        "information_systems": "-",
        "project_iii": "-",
        "data_mining": "-"
    },
    "17070012": {
        "digital_signal_analysis_processing": "-",
        "social_and_professional_issues_in_it": "-",
        "organization_and_management": "-",
        "information_systems": "Abs",
        "project_iii": "-",
        "data_mining": "-"
    },
    "17070013": {
        "digital_signal_analysis_processing": "-",
        "social_and_professional_issues_in_it": "-",
        "organization_and_management": "A-",
        "information_systems": "-",
        "project_iii": "-",
        "data_mining": "-"
    },
    "17070023": {
        "digital_signal_analysis_processing": "-",
        "social_and_professional_issues_in_it": "-",
        "organization_and_management": "-",
        "information_systems": "-",
        "project_iii": "A-",
        "data_mining": "-"
    },
    "17070086": {
        "digital_signal_analysis_processing": "-",
        "social_and_professional_issues_in_it": "-",
        "organization_and_management": "-",
        "information_systems": "-",
        "project_iii": "A-",
        "data_mining": "-"
    },
    "17070191": {
        "digital_signal_analysis_processing": "-",
        "social_and_professional_issues_in_it": "-",
        "organization_and_management": "-",
        "information_systems": "C+",
        "project_iii": "-",
        "data_mining": "-"
    },
    "17070198": {
        "digital_signal_analysis_processing": "-",
        "social_and_professional_issues_in_it": "-",
        "organization_and_management": "-",
        "information_systems": "F",
        "project_iii": "-",
        "data_mining": "-"
    },
    "17070207": {
        "digital_signal_analysis_processing": "F",
        "social_and_professional_issues_in_it": "-",
        "organization_and_management": "F",
        "information_systems": "F",
        "project_iii": "-",
        "data_mining": "-"
    },
    "17070215": {
        "digital_signal_analysis_processing": "-",
        "social_and_professional_issues_in_it": "-",
        "organization_and_management": "-",
        "information_systems": "F",
        "project_iii": "-",
        "data_mining": "-"
    },
    "17070226": {
        "digital_signal_analysis_processing": "-",
        "social_and_professional_issues_in_it": "-",
        "organization_and_management": "-",
        "information_systems": "-",
        "project_iii": "B+",
        "data_mining": "-"
    },
    "17070228": {
        "digital_signal_analysis_processing": "-",
        "social_and_professional_issues_in_it": "-",
        "organization_and_management": "-",
        "information_systems": "F",
        "project_iii": "-",
        "data_mining": "-"
    },
    "17070334": {
        "digital_signal_analysis_processing": "-",
        "social_and_professional_issues_in_it": "-",
        "organization_and_management": "Abs",
        "information_systems": "-",
        "project_iii": "-",
        "data_mining": "-"
    },
    "17070367": {
        "digital_signal_analysis_processing": "Abs",
        "social_and_professional_issues_in_it": "-",
        "organization_and_management": "-",
        "information_systems": "-",
        "project_iii": "-",
        "data_mining": "C"
    },
    "17070368": {
        "digital_signal_analysis_processing": "-",
        "social_and_professional_issues_in_it": "-",
        "organization_and_management": "-",
        "information_systems": "-",
        "project_iii": "-",
        "data_mining": "C+"
    },
    "17070369": {
        "digital_signal_analysis_processing": "F",
        "social_and_professional_issues_in_it": "-",
        "organization_and_management": "-",
        "information_systems": "-",
        "project_iii": "-",
        "data_mining": "C-"
    },
    "17070386": {
        "digital_signal_analysis_processing": "-",
        "social_and_professional_issues_in_it": "-",
        "organization_and_management": "-",
        "information_systems": "-",
        "project_iii": "-",
        "data_mining": "Abs"
    },
    "17070399": {
        "digital_signal_analysis_processing": "-",
        "social_and_professional_issues_in_it": "-",
        "organization_and_management": "-",
        "information_systems": "-",
        "project_iii": "-",
        "data_mining": "C+"
    },
    "17070401": {
        "digital_signal_analysis_processing": "-",
        "social_and_professional_issues_in_it": "-",
        "organization_and_management": "-",
        "information_systems": "-",
        "project_iii": "-",
        "data_mining": "C+"
    },
    "17070406": {
        "digital_signal_analysis_processing": "-",
        "social_and_professional_issues_in_it": "-",
        "organization_and_management": "-",
        "information_systems": "-",
        "project_iii": "-",
        "data_mining": "D+"
    },
    "17070409": {
        "digital_signal_analysis_processing": "-",
        "social_and_professional_issues_in_it": "-",
        "organization_and_management": "-",
        "information_systems": "-",
        "project_iii": "-",
        "data_mining": "C"
    }
}