{
    "nan": {
        "digital_signal_analysis_and_processing": "-",
        "social_and_professional_issues_in_it": "-",
        "organization_and_management": "-",
        "information_system": "-",
        "project_iii": "-",
        "data_mining": "-",
        "web_services_and_applications": "-",
        "engineering_entrepreneurship": "-"
    },
    "16070005": {
        "digital_signal_analysis_and_processing": "A",
        "social_and_professional_issues_in_it": "-",
        "organization_and_management": "-",
        "information_system": "-",
        "project_iii": "-",
        "data_mining": "-",
        "web_services_and_applications": "-",
        "engineering_entrepreneurship": "-"
    },
    "16070032": {
        "digital_signal_analysis_and_processing": "F",
        "social_and_professional_issues_in_it": "-",
        "organization_and_management": "-",
        "information_system": "-",
        "project_iii": "-",
        "data_mining": "-",
        "web_services_and_applications": "-",
        "engineering_entrepreneurship": "-"
    },
    "16070074": {
        "digital_signal_analysis_and_processing": "D",
        "social_and_professional_issues_in_it": "-",
        "organization_and_management": "-",
        "information_system": "C+",
        "project_iii": "-",
        "data_mining": "-",
        "web_services_and_applications": "-",
        "engineering_entrepreneurship": "-"
    },
    "16070092": {
        "digital_signal_analysis_and_processing": "-",
        "social_and_professional_issues_in_it": "-",
        "organization_and_management": "-",
        "information_system": "-",
        "project_iii": "A",
        "data_mining": "-",
        "web_services_and_applications": "-",
        "engineering_entrepreneurship": "-"
    },
    "16070206": {
        "digital_signal_analysis_and_processing": "Expelled",
        "social_and_professional_issues_in_it": "-",
        "organization_and_management": "-",
        "information_system": "-",
        "project_iii": "-",
        "data_mining": "-",
        "web_services_and_applications": "-",
        "engineering_entrepreneurship": "-"
    },
    "16070330": {
        "digital_signal_analysis_and_processing": "Abs",
        "social_and_professional_issues_in_it": "-",
        "organization_and_management": "-",
        "information_system": "-",
        "project_iii": "-",
        "data_mining": "-",
        "web_services_and_applications": "-",
        "engineering_entrepreneurship": "-"
    },
    "17070086": {
        "digital_signal_analysis_and_processing": "-",
        "social_and_professional_issues_in_it": "-",
        "organization_and_management": "F",
        "information_system": "-",
        "project_iii": "-",
        "data_mining": "-",
        "web_services_and_applications": "-",
        "engineering_entrepreneurship": "-"
    },
    "17070167": {
        "digital_signal_analysis_and_processing": "B",
        "social_and_professional_issues_in_it": "-",
        "organization_and_management": "-",
        "information_system": "-",
        "project_iii": "-",
        "data_mining": "-",
        "web_services_and_applications": "-",
        "engineering_entrepreneurship": "-"
    },
    "17070396": {
        "digital_signal_analysis_and_processing": "Abs",
        "social_and_professional_issues_in_it": "-",
        "organization_and_management": "-",
        "information_system": "-",
        "project_iii": "-",
        "data_mining": "-",
        "web_services_and_applications": "-",
        "engineering_entrepreneurship": "-"
    },
    "18070002": {
        "digital_signal_analysis_and_processing": "F",
        "social_and_professional_issues_in_it": "-",
        "organization_and_management": "-",
        "information_system": "-",
        "project_iii": "-",
        "data_mining": "-",
        "web_services_and_applications": "-",
        "engineering_entrepreneurship": "-"
    },
    "18070012": {
        "digital_signal_analysis_and_processing": "Abs",
        "social_and_professional_issues_in_it": "-",
        "organization_and_management": "-",
        "information_system": "-",
        "project_iii": "-",
        "data_mining": "-",
        "web_services_and_applications": "-",
        "engineering_entrepreneurship": "-"
    },
    "18070025": {
        "digital_signal_analysis_and_processing": "-",
        "social_and_professional_issues_in_it": "-",
        "organization_and_management": "-",
        "information_system": "-",
        "project_iii": "A",
        "data_mining": "-",
        "web_services_and_applications": "-",
        "engineering_entrepreneurship": "-"
    },
    "18070042": {
        "digital_signal_analysis_and_processing": "B",
        "social_and_professional_issues_in_it": "-",
        "organization_and_management": "-",
        "information_system": "-",
        "project_iii": "-",
        "data_mining": "-",
        "web_services_and_applications": "-",
        "engineering_entrepreneurship": "-"
    },
    "18070043": {
        "digital_signal_analysis_and_processing": "-",
        "social_and_professional_issues_in_it": "-",
        "organization_and_management": "-",
        "information_system": "-",
        "project_iii": "A",
        "data_mining": "-",
        "web_services_and_applications": "-",
        "engineering_entrepreneurship": "-"
    },
    "18070069": {
        "digital_signal_analysis_and_processing": "F",
        "social_and_professional_issues_in_it": "-",
        "organization_and_management": "-",
        "information_system": "-",
        "project_iii": "-",
        "data_mining": "-",
        "web_services_and_applications": "-",
        "engineering_entrepreneurship": "-"
    },
    "18070071": {
        "digital_signal_analysis_and_processing": "C+",
        "social_and_professional_issues_in_it": "-",
        "organization_and_management": "-",
        "information_system": "-",
        "project_iii": "-",
        "data_mining": "-",
        "web_services_and_applications": "-",
        "engineering_entrepreneurship": "-"
    },
    "18070090": {
        "digital_signal_analysis_and_processing": "-",
        "social_and_professional_issues_in_it": "-",
        "organization_and_management": "-",
        "information_system": "Abs",
        "project_iii": "-",
        "data_mining": "-",
        "web_services_and_applications": "-",
        "engineering_entrepreneurship": "-"
    },
    "18070102": {
        "digital_signal_analysis_and_processing": "Abs",
        "social_and_professional_issues_in_it": "-",
        "organization_and_management": "-",
        "information_system": "Abs",
        "project_iii": "-",
        "data_mining": "-",
        "web_services_and_applications": "-",
        "engineering_entrepreneurship": "-"
    },
    "18070107": {
        "digital_signal_analysis_and_processing": "Abs",
        "social_and_professional_issues_in_it": "-",
        "organization_and_management": "-",
        "information_system": "Abs",
        "project_iii": "-",
        "data_mining": "-",
        "web_services_and_applications": "-",
        "engineering_entrepreneurship": "-"
    },
    "18070122": {
        "digital_signal_analysis_and_processing": "B-",
        "social_and_professional_issues_in_it": "-",
        "organization_and_management": "-",
        "information_system": "-",
        "project_iii": "-",
        "data_mining": "-",
        "web_services_and_applications": "-",
        "engineering_entrepreneurship": "-"
    },
    "18070123": {
        "digital_signal_analysis_and_processing": "F",
        "social_and_professional_issues_in_it": "-",
        "organization_and_management": "-",
        "information_system": "-",
        "project_iii": "-",
        "data_mining": "-",
        "web_services_and_applications": "-",
        "engineering_entrepreneurship": "-"
    },
    "18070139": {
        "digital_signal_analysis_and_processing": "C-",
        "social_and_professional_issues_in_it": "-",
        "organization_and_management": "-",
        "information_system": "-",
        "project_iii": "-",
        "data_mining": "-",
        "web_services_and_applications": "-",
        "engineering_entrepreneurship": "-"
    },
    "18070143": {
        "digital_signal_analysis_and_processing": "Abs",
        "social_and_professional_issues_in_it": "-",
        "organization_and_management": "-",
        "information_system": "-",
        "project_iii": "-",
        "data_mining": "-",
        "web_services_and_applications": "-",
        "engineering_entrepreneurship": "-"
    },
    "18070146": {
        "digital_signal_analysis_and_processing": "F",
        "social_and_professional_issues_in_it": "-",
        "organization_and_management": "-",
        "information_system": "-",
        "project_iii": "-",
        "data_mining": "-",
        "web_services_and_applications": "-",
        "engineering_entrepreneurship": "-"
    },
    "18070149": {
        "digital_signal_analysis_and_processing": "Abs",
        "social_and_professional_issues_in_it": "-",
        "organization_and_management": "-",
        "information_system": "-",
        "project_iii": "-",
        "data_mining": "-",
        "web_services_and_applications": "-",
        "engineering_entrepreneurship": "-"
    },
    "18070157": {
        "digital_signal_analysis_and_processing": "C-",
        "social_and_professional_issues_in_it": "-",
        "organization_and_management": "-",
        "information_system": "-",
        "project_iii": "-",
        "data_mining": "-",
        "web_services_and_applications": "-",
        "engineering_entrepreneurship": "-"
    },
    "18070164": {
        "digital_signal_analysis_and_processing": "-",
        "social_and_professional_issues_in_it": "-",
        "organization_and_management": "-",
        "information_system": "-",
        "project_iii": "-",
        "data_mining": "Abs",
        "web_services_and_applications": "-",
        "engineering_entrepreneurship": "-"
    },
    "18070170": {
        "digital_signal_analysis_and_processing": "Abs",
        "social_and_professional_issues_in_it": "-",
        "organization_and_management": "-",
        "information_system": "-",
        "project_iii": "-",
        "data_mining": "-",
        "web_services_and_applications": "-",
        "engineering_entrepreneurship": "-"
    },
    "18070171": {
        "digital_signal_analysis_and_processing": "-",
        "social_and_professional_issues_in_it": "-",
        "organization_and_management": "-",
        "information_system": "Abs",
        "project_iii": "-",
        "data_mining": "-",
        "web_services_and_applications": "-",
        "engineering_entrepreneurship": "-"
    },
    "18070200": {
        "digital_signal_analysis_and_processing": "Abs",
        "social_and_professional_issues_in_it": "-",
        "organization_and_management": "-",
        "information_system": "-",
        "project_iii": "-",
        "data_mining": "-",
        "web_services_and_applications": "-",
        "engineering_entrepreneurship": "-"
    },
    "18070237": {
        "digital_signal_analysis_and_processing": "Abs",
        "social_and_professional_issues_in_it": "-",
        "organization_and_management": "-",
        "information_system": "-",
        "project_iii": "-",
        "data_mining": "-",
        "web_services_and_applications": "-",
        "engineering_entrepreneurship": "-"
    },
    "18070239": {
        "digital_signal_analysis_and_processing": "C",
        "social_and_professional_issues_in_it": "-",
        "organization_and_management": "-",
        "information_system": "-",
        "project_iii": "-",
        "data_mining": "-",
        "web_services_and_applications": "-",
        "engineering_entrepreneurship": "-"
    },
    "18070242": {
        "digital_signal_analysis_and_processing": "B-",
        "social_and_professional_issues_in_it": "-",
        "organization_and_management": "-",
        "information_system": "-",
        "project_iii": "-",
        "data_mining": "-",
        "web_services_and_applications": "-",
        "engineering_entrepreneurship": "-"
    },
    "18070263": {
        "digital_signal_analysis_and_processing": "Abs",
        "social_and_professional_issues_in_it": "-",
        "organization_and_management": "-",
        "information_system": "-",
        "project_iii": "-",
        "data_mining": "-",
        "web_services_and_applications": "-",
        "engineering_entrepreneurship": "-"
    },
    "18070271": {
        "digital_signal_analysis_and_processing": "B-",
        "social_and_professional_issues_in_it": "-",
        "organization_and_management": "-",
        "information_system": "-",
        "project_iii": "-",
        "data_mining": "-",
        "web_services_and_applications": "-",
        "engineering_entrepreneurship": "-"
    },
    "18070284": {
        "digital_signal_analysis_and_processing": "C+",
        "social_and_professional_issues_in_it": "-",
        "organization_and_management": "-",
        "information_system": "-",
        "project_iii": "-",
        "data_mining": "-",
        "web_services_and_applications": "-",
        "engineering_entrepreneurship": "-"
    },
    "18070298": {
        "digital_signal_analysis_and_processing": "F",
        "social_and_professional_issues_in_it": "-",
        "organization_and_management": "-",
        "information_system": "-",
        "project_iii": "-",
        "data_mining": "-",
        "web_services_and_applications": "-",
        "engineering_entrepreneurship": "-"
    },
    "18070334": {
        "digital_signal_analysis_and_processing": "Abs",
        "social_and_professional_issues_in_it": "-",
        "organization_and_management": "-",
        "information_system": "-",
        "project_iii": "-",
        "data_mining": "-",
        "web_services_and_applications": "-",
        "engineering_entrepreneurship": "-"
    },
    "18070336": {
        "digital_signal_analysis_and_processing": "-",
        "social_and_professional_issues_in_it": "-",
        "organization_and_management": "-",
        "information_system": "Abs",
        "project_iii": "-",
        "data_mining": "-",
        "web_services_and_applications": "-",
        "engineering_entrepreneurship": "-"
    },
    "18070337": {
        "digital_signal_analysis_and_processing": "F",
        "social_and_professional_issues_in_it": "-",
        "organization_and_management": "-",
        "information_system": "-",
        "project_iii": "-",
        "data_mining": "-",
        "web_services_and_applications": "-",
        "engineering_entrepreneurship": "-"
    },
    "18070348": {
        "digital_signal_analysis_and_processing": "Abs",
        "social_and_professional_issues_in_it": "-",
        "organization_and_management": "Abs",
        "information_system": "-",
        "project_iii": "-",
        "data_mining": "-",
        "web_services_and_applications": "-",
        "engineering_entrepreneurship": "-"
    },
    "18070359": {
        "digital_signal_analysis_and_processing": "Abs",
        "social_and_professional_issues_in_it": "-",
        "organization_and_management": "-",
        "information_system": "-",
        "project_iii": "-",
        "data_mining": "-",
        "web_services_and_applications": "-",
        "engineering_entrepreneurship": "-"
    },
    "18070365": {
        "digital_signal_analysis_and_processing": "Abs",
        "social_and_professional_issues_in_it": "-",
        "organization_and_management": "-",
        "information_system": "-",
        "project_iii": "-",
        "data_mining": "-",
        "web_services_and_applications": "-",
        "engineering_entrepreneurship": "-"
    },
    "18070370": {
        "digital_signal_analysis_and_processing": "F",
        "social_and_professional_issues_in_it": "-",
        "organization_and_management": "-",
        "information_system": "-",
        "project_iii": "-",
        "data_mining": "-",
        "web_services_and_applications": "-",
        "engineering_entrepreneurship": "-"
    },
    "18070382": {
        "digital_signal_analysis_and_processing": "F",
        "social_and_professional_issues_in_it": "-",
        "organization_and_management": "-",
        "information_system": "-",
        "project_iii": "-",
        "data_mining": "-",
        "web_services_and_applications": "-",
        "engineering_entrepreneurship": "-"
    },
    "18070385": {
        "digital_signal_analysis_and_processing": "F",
        "social_and_professional_issues_in_it": "-",
        "organization_and_management": "-",
        "information_system": "-",
        "project_iii": "-",
        "data_mining": "-",
        "web_services_and_applications": "-",
        "engineering_entrepreneurship": "-"
    },
    "18070395": {
        "digital_signal_analysis_and_processing": "F",
        "social_and_professional_issues_in_it": "-",
        "organization_and_management": "-",
        "information_system": "-",
        "project_iii": "-",
        "data_mining": "-",
        "web_services_and_applications": "-",
        "engineering_entrepreneurship": "-"
    },
    "18070400": {
        "digital_signal_analysis_and_processing": "F",
        "social_and_professional_issues_in_it": "-",
        "organization_and_management": "-",
        "information_system": "-",
        "project_iii": "-",
        "data_mining": "-",
        "web_services_and_applications": "-",
        "engineering_entrepreneurship": "-"
    },
    "18070401": {
        "digital_signal_analysis_and_processing": "F",
        "social_and_professional_issues_in_it": "-",
        "organization_and_management": "-",
        "information_system": "-",
        "project_iii": "-",
        "data_mining": "-",
        "web_services_and_applications": "-",
        "engineering_entrepreneurship": "-"
    },
    "18070431": {
        "digital_signal_analysis_and_processing": "C+",
        "social_and_professional_issues_in_it": "-",
        "organization_and_management": "-",
        "information_system": "-",
        "project_iii": "-",
        "data_mining": "-",
        "web_services_and_applications": "-",
        "engineering_entrepreneurship": "-"
    },
    "18070443": {
        "digital_signal_analysis_and_processing": "F",
        "social_and_professional_issues_in_it": "-",
        "organization_and_management": "-",
        "information_system": "-",
        "project_iii": "-",
        "data_mining": "-",
        "web_services_and_applications": "-",
        "engineering_entrepreneurship": "-"
    },
    "18070457": {
        "digital_signal_analysis_and_processing": "F",
        "social_and_professional_issues_in_it": "-",
        "organization_and_management": "-",
        "information_system": "-",
        "project_iii": "-",
        "data_mining": "-",
        "web_services_and_applications": "-",
        "engineering_entrepreneurship": "-"
    },
    "18070464": {
        "digital_signal_analysis_and_processing": "F",
        "social_and_professional_issues_in_it": "-",
        "organization_and_management": "-",
        "information_system": "-",
        "project_iii": "-",
        "data_mining": "-",
        "web_services_and_applications": "-",
        "engineering_entrepreneurship": "-"
    },
    "18070467": {
        "digital_signal_analysis_and_processing": "-",
        "social_and_professional_issues_in_it": "-",
        "organization_and_management": "-",
        "information_system": "Abs",
        "project_iii": "-",
        "data_mining": "-",
        "web_services_and_applications": "-",
        "engineering_entrepreneurship": "-"
    },
    "19070005": {
        "digital_signal_analysis_and_processing": "-",
        "social_and_professional_issues_in_it": "B-",
        "organization_and_management": "-",
        "information_system": "-",
        "project_iii": "-",
        "data_mining": "-",
        "web_services_and_applications": "-",
        "engineering_entrepreneurship": "-"
    },
    "19070006": {
        "digital_signal_analysis_and_processing": "-",
        "social_and_professional_issues_in_it": "B-",
        "organization_and_management": "-",
        "information_system": "-",
        "project_iii": "-",
        "data_mining": "-",
        "web_services_and_applications": "-",
        "engineering_entrepreneurship": "-"
    },
    "19070015": {
        "digital_signal_analysis_and_processing": "-",
        "social_and_professional_issues_in_it": "C",
        "organization_and_management": "C",
        "information_system": "-",
        "project_iii": "-",
        "data_mining": "-",
        "web_services_and_applications": "-",
        "engineering_entrepreneurship": "-"
    },
    "19070018": {
        "digital_signal_analysis_and_processing": "-",
        "social_and_professional_issues_in_it": "B-",
        "organization_and_management": "-",
        "information_system": "-",
        "project_iii": "-",
        "data_mining": "-",
        "web_services_and_applications": "-",
        "engineering_entrepreneurship": "-"
    },
    "19070028": {
        "digital_signal_analysis_and_processing": "-",
        "social_and_professional_issues_in_it": "-",
        "organization_and_management": "Abs",
        "information_system": "-",
        "project_iii": "-",
        "data_mining": "-",
        "web_services_and_applications": "-",
        "engineering_entrepreneurship": "-"
    },
    "19070052": {
        "digital_signal_analysis_and_processing": "-",
        "social_and_professional_issues_in_it": "-",
        "organization_and_management": "B-",
        "information_system": "B+",
        "project_iii": "-",
        "data_mining": "-",
        "web_services_and_applications": "-",
        "engineering_entrepreneurship": "-"
    },
    "19070058": {
        "digital_signal_analysis_and_processing": "C-",
        "social_and_professional_issues_in_it": "-",
        "organization_and_management": "-",
        "information_system": "-",
        "project_iii": "-",
        "data_mining": "-",
        "web_services_and_applications": "-",
        "engineering_entrepreneurship": "-"
    },
    "19070065": {
        "digital_signal_analysis_and_processing": "-",
        "social_and_professional_issues_in_it": "-",
        "organization_and_management": "-",
        "information_system": "B-",
        "project_iii": "-",
        "data_mining": "-",
        "web_services_and_applications": "-",
        "engineering_entrepreneurship": "-"
    },
    "19070070": {
        "digital_signal_analysis_and_processing": "B",
        "social_and_professional_issues_in_it": "-",
        "organization_and_management": "-",
        "information_system": "-",
        "project_iii": "-",
        "data_mining": "-",
        "web_services_and_applications": "-",
        "engineering_entrepreneurship": "-"
    },
    "19070074": {
        "digital_signal_analysis_and_processing": "-",
        "social_and_professional_issues_in_it": "-",
        "organization_and_management": "-",
        "information_system": "D+",
        "project_iii": "-",
        "data_mining": "-",
        "web_services_and_applications": "-",
        "engineering_entrepreneurship": "-"
    },
    "19070084": {
        "digital_signal_analysis_and_processing": "B+",
        "social_and_professional_issues_in_it": "-",
        "organization_and_management": "-",
        "information_system": "-",
        "project_iii": "-",
        "data_mining": "-",
        "web_services_and_applications": "-",
        "engineering_entrepreneurship": "-"
    },
    "19070088": {
        "digital_signal_analysis_and_processing": "D+",
        "social_and_professional_issues_in_it": "-",
        "organization_and_management": "-",
        "information_system": "-",
        "project_iii": "-",
        "data_mining": "-",
        "web_services_and_applications": "-",
        "engineering_entrepreneurship": "-"
    },
    "19070092": {
        "digital_signal_analysis_and_processing": "B",
        "social_and_professional_issues_in_it": "B-",
        "organization_and_management": "-",
        "information_system": "-",
        "project_iii": "-",
        "data_mining": "-",
        "web_services_and_applications": "-",
        "engineering_entrepreneurship": "-"
    },
    "19070095": {
        "digital_signal_analysis_and_processing": "F",
        "social_and_professional_issues_in_it": "-",
        "organization_and_management": "-",
        "information_system": "-",
        "project_iii": "-",
        "data_mining": "-",
        "web_services_and_applications": "-",
        "engineering_entrepreneurship": "-"
    },
    "19070097": {
        "digital_signal_analysis_and_processing": "C-",
        "social_and_professional_issues_in_it": "-",
        "organization_and_management": "-",
        "information_system": "-",
        "project_iii": "-",
        "data_mining": "-",
        "web_services_and_applications": "-",
        "engineering_entrepreneurship": "-"
    },
    "19070113": {
        "digital_signal_analysis_and_processing": "A-",
        "social_and_professional_issues_in_it": "-",
        "organization_and_management": "-",
        "information_system": "-",
        "project_iii": "-",
        "data_mining": "-",
        "web_services_and_applications": "-",
        "engineering_entrepreneurship": "-"
    },
    "19070116": {
        "digital_signal_analysis_and_processing": "A",
        "social_and_professional_issues_in_it": "-",
        "organization_and_management": "-",
        "information_system": "-",
        "project_iii": "-",
        "data_mining": "-",
        "web_services_and_applications": "-",
        "engineering_entrepreneurship": "-"
    },
    "19070117": {
        "digital_signal_analysis_and_processing": "-",
        "social_and_professional_issues_in_it": "-",
        "organization_and_management": "-",
        "information_system": "Abs",
        "project_iii": "-",
        "data_mining": "-",
        "web_services_and_applications": "-",
        "engineering_entrepreneurship": "-"
    },
    "19070126": {
        "digital_signal_analysis_and_processing": "Abs",
        "social_and_professional_issues_in_it": "-",
        "organization_and_management": "-",
        "information_system": "-",
        "project_iii": "-",
        "data_mining": "-",
        "web_services_and_applications": "-",
        "engineering_entrepreneurship": "-"
    },
    "19070133": {
        "digital_signal_analysis_and_processing": "Abs",
        "social_and_professional_issues_in_it": "-",
        "organization_and_management": "-",
        "information_system": "-",
        "project_iii": "-",
        "data_mining": "-",
        "web_services_and_applications": "-",
        "engineering_entrepreneurship": "-"
    },
    "19070135": {
        "digital_signal_analysis_and_processing": "Abs",
        "social_and_professional_issues_in_it": "-",
        "organization_and_management": "-",
        "information_system": "-",
        "project_iii": "-",
        "data_mining": "-",
        "web_services_and_applications": "-",
        "engineering_entrepreneurship": "-"
    },
    "19070136": {
        "digital_signal_analysis_and_processing": "F",
        "social_and_professional_issues_in_it": "-",
        "organization_and_management": "-",
        "information_system": "-",
        "project_iii": "-",
        "data_mining": "-",
        "web_services_and_applications": "-",
        "engineering_entrepreneurship": "-"
    },
    "19070141": {
        "digital_signal_analysis_and_processing": "F",
        "social_and_professional_issues_in_it": "-",
        "organization_and_management": "-",
        "information_system": "-",
        "project_iii": "-",
        "data_mining": "-",
        "web_services_and_applications": "-",
        "engineering_entrepreneurship": "-"
    },
    "19070151": {
        "digital_signal_analysis_and_processing": "F",
        "social_and_professional_issues_in_it": "-",
        "organization_and_management": "-",
        "information_system": "-",
        "project_iii": "-",
        "data_mining": "Abs",
        "web_services_and_applications": "-",
        "engineering_entrepreneurship": "-"
    },
    "19070156": {
        "digital_signal_analysis_and_processing": "Abs",
        "social_and_professional_issues_in_it": "-",
        "organization_and_management": "-",
        "information_system": "-",
        "project_iii": "-",
        "data_mining": "-",
        "web_services_and_applications": "-",
        "engineering_entrepreneurship": "-"
    },
    "19070158": {
        "digital_signal_analysis_and_processing": "F",
        "social_and_professional_issues_in_it": "-",
        "organization_and_management": "-",
        "information_system": "-",
        "project_iii": "-",
        "data_mining": "-",
        "web_services_and_applications": "-",
        "engineering_entrepreneurship": "-"
    },
    "19070168": {
        "digital_signal_analysis_and_processing": "C",
        "social_and_professional_issues_in_it": "-",
        "organization_and_management": "-",
        "information_system": "-",
        "project_iii": "-",
        "data_mining": "-",
        "web_services_and_applications": "-",
        "engineering_entrepreneurship": "-"
    },
    "19070174": {
        "digital_signal_analysis_and_processing": "C",
        "social_and_professional_issues_in_it": "-",
        "organization_and_management": "-",
        "information_system": "-",
        "project_iii": "-",
        "data_mining": "-",
        "web_services_and_applications": "-",
        "engineering_entrepreneurship": "-"
    },
    "19070175": {
        "digital_signal_analysis_and_processing": "C",
        "social_and_professional_issues_in_it": "-",
        "organization_and_management": "-",
        "information_system": "-",
        "project_iii": "-",
        "data_mining": "-",
        "web_services_and_applications": "-",
        "engineering_entrepreneurship": "-"
    },
    "19070179": {
        "digital_signal_analysis_and_processing": "F",
        "social_and_professional_issues_in_it": "-",
        "organization_and_management": "-",
        "information_system": "-",
        "project_iii": "-",
        "data_mining": "-",
        "web_services_and_applications": "-",
        "engineering_entrepreneurship": "-"
    },
    "19070182": {
        "digital_signal_analysis_and_processing": "-",
        "social_and_professional_issues_in_it": "-",
        "organization_and_management": "-",
        "information_system": "F",
        "project_iii": "-",
        "data_mining": "-",
        "web_services_and_applications": "-",
        "engineering_entrepreneurship": "-"
    },
    "19070198": {
        "digital_signal_analysis_and_processing": "F",
        "social_and_professional_issues_in_it": "-",
        "organization_and_management": "-",
        "information_system": "-",
        "project_iii": "-",
        "data_mining": "-",
        "web_services_and_applications": "-",
        "engineering_entrepreneurship": "-"
    },
    "19070199": {
        "digital_signal_analysis_and_processing": "C",
        "social_and_professional_issues_in_it": "-",
        "organization_and_management": "-",
        "information_system": "-",
        "project_iii": "-",
        "data_mining": "-",
        "web_services_and_applications": "-",
        "engineering_entrepreneurship": "-"
    },
    "19070209": {
        "digital_signal_analysis_and_processing": "-",
        "social_and_professional_issues_in_it": "-",
        "organization_and_management": "-",
        "information_system": "-",
        "project_iii": "Incomplete",
        "data_mining": "-",
        "web_services_and_applications": "-",
        "engineering_entrepreneurship": "-"
    },
    "19070210": {
        "digital_signal_analysis_and_processing": "C-",
        "social_and_professional_issues_in_it": "-",
        "organization_and_management": "-",
        "information_system": "-",
        "project_iii": "-",
        "data_mining": "-",
        "web_services_and_applications": "-",
        "engineering_entrepreneurship": "-"
    },
    "19070217": {
        "digital_signal_analysis_and_processing": "-",
        "social_and_professional_issues_in_it": "-",
        "organization_and_management": "-",
        "information_system": "-",
        "project_iii": "-",
        "data_mining": "-",
        "web_services_and_applications": "-",
        "engineering_entrepreneurship": "B+"
    },
    "19070230": {
        "digital_signal_analysis_and_processing": "F",
        "social_and_professional_issues_in_it": "-",
        "organization_and_management": "-",
        "information_system": "-",
        "project_iii": "-",
        "data_mining": "-",
        "web_services_and_applications": "-",
        "engineering_entrepreneurship": "-"
    },
    "19070231": {
        "digital_signal_analysis_and_processing": "Abs",
        "social_and_professional_issues_in_it": "-",
        "organization_and_management": "-",
        "information_system": "-",
        "project_iii": "-",
        "data_mining": "-",
        "web_services_and_applications": "-",
        "engineering_entrepreneurship": "-"
    },
    "19070238": {
        "digital_signal_analysis_and_processing": "F",
        "social_and_professional_issues_in_it": "-",
        "organization_and_management": "-",
        "information_system": "-",
        "project_iii": "-",
        "data_mining": "-",
        "web_services_and_applications": "-",
        "engineering_entrepreneurship": "-"
    },
    "19070258": {
        "digital_signal_analysis_and_processing": "F",
        "social_and_professional_issues_in_it": "-",
        "organization_and_management": "-",
        "information_system": "-",
        "project_iii": "-",
        "data_mining": "-",
        "web_services_and_applications": "-",
        "engineering_entrepreneurship": "-"
    },
    "19070267": {
        "digital_signal_analysis_and_processing": "Abs",
        "social_and_professional_issues_in_it": "-",
        "organization_and_management": "-",
        "information_system": "-",
        "project_iii": "-",
        "data_mining": "-",
        "web_services_and_applications": "-",
        "engineering_entrepreneurship": "-"
    },
    "19070274": {
        "digital_signal_analysis_and_processing": "Abs",
        "social_and_professional_issues_in_it": "-",
        "organization_and_management": "-",
        "information_system": "-",
        "project_iii": "-",
        "data_mining": "-",
        "web_services_and_applications": "-",
        "engineering_entrepreneurship": "-"
    },
    "19070287": {
        "digital_signal_analysis_and_processing": "-",
        "social_and_professional_issues_in_it": "-",
        "organization_and_management": "-",
        "information_system": "F",
        "project_iii": "-",
        "data_mining": "-",
        "web_services_and_applications": "-",
        "engineering_entrepreneurship": "-"
    },
    "19070303": {
        "digital_signal_analysis_and_processing": "Abs",
        "social_and_professional_issues_in_it": "-",
        "organization_and_management": "-",
        "information_system": "-",
        "project_iii": "-",
        "data_mining": "-",
        "web_services_and_applications": "-",
        "engineering_entrepreneurship": "-"
    },
    "19070315": {
        "digital_signal_analysis_and_processing": "-",
        "social_and_professional_issues_in_it": "-",
        "organization_and_management": "-",
        "information_system": "F",
        "project_iii": "-",
        "data_mining": "-",
        "web_services_and_applications": "-",
        "engineering_entrepreneurship": "-"
    },
    "19070319": {
        "digital_signal_analysis_and_processing": "B-",
        "social_and_professional_issues_in_it": "-",
        "organization_and_management": "-",
        "information_system": "-",
        "project_iii": "-",
        "data_mining": "-",
        "web_services_and_applications": "-",
        "engineering_entrepreneurship": "-"
    },
    "19070325": {
        "digital_signal_analysis_and_processing": "-",
        "social_and_professional_issues_in_it": "-",
        "organization_and_management": "-",
        "information_system": "B",
        "project_iii": "-",
        "data_mining": "-",
        "web_services_and_applications": "-",
        "engineering_entrepreneurship": "-"
    },
    "19070333": {
        "digital_signal_analysis_and_processing": "C+",
        "social_and_professional_issues_in_it": "-",
        "organization_and_management": "-",
        "information_system": "-",
        "project_iii": "-",
        "data_mining": "-",
        "web_services_and_applications": "-",
        "engineering_entrepreneurship": "-"
    },
    "19070335": {
        "digital_signal_analysis_and_processing": "C+",
        "social_and_professional_issues_in_it": "-",
        "organization_and_management": "-",
        "information_system": "-",
        "project_iii": "-",
        "data_mining": "-",
        "web_services_and_applications": "-",
        "engineering_entrepreneurship": "-"
    },
    "19070336": {
        "digital_signal_analysis_and_processing": "B",
        "social_and_professional_issues_in_it": "-",
        "organization_and_management": "-",
        "information_system": "-",
        "project_iii": "-",
        "data_mining": "-",
        "web_services_and_applications": "-",
        "engineering_entrepreneurship": "-"
    },
    "19070348": {
        "digital_signal_analysis_and_processing": "Abs",
        "social_and_professional_issues_in_it": "-",
        "organization_and_management": "-",
        "information_system": "-",
        "project_iii": "-",
        "data_mining": "-",
        "web_services_and_applications": "-",
        "engineering_entrepreneurship": "-"
    },
    "19070349": {
        "digital_signal_analysis_and_processing": "-",
        "social_and_professional_issues_in_it": "-",
        "organization_and_management": "C-",
        "information_system": "B",
        "project_iii": "-",
        "data_mining": "-",
        "web_services_and_applications": "-",
        "engineering_entrepreneurship": "-"
    },
    "19070362": {
        "digital_signal_analysis_and_processing": "B+",
        "social_and_professional_issues_in_it": "B",
        "organization_and_management": "B",
        "information_system": "B+",
        "project_iii": "-",
        "data_mining": "-",
        "web_services_and_applications": "-",
        "engineering_entrepreneurship": "-"
    },
    "19070364": {
        "digital_signal_analysis_and_processing": "C",
        "social_and_professional_issues_in_it": "-",
        "organization_and_management": "-",
        "information_system": "-",
        "project_iii": "-",
        "data_mining": "-",
        "web_services_and_applications": "-",
        "engineering_entrepreneurship": "-"
    },
    "19070366": {
        "digital_signal_analysis_and_processing": "-",
        "social_and_professional_issues_in_it": "-",
        "organization_and_management": "-",
        "information_system": "-",
        "project_iii": "-",
        "data_mining": "-",
        "web_services_and_applications": "D+",
        "engineering_entrepreneurship": "-"
    },
    "19070376": {
        "digital_signal_analysis_and_processing": "B",
        "social_and_professional_issues_in_it": "-",
        "organization_and_management": "-",
        "information_system": "-",
        "project_iii": "-",
        "data_mining": "-",
        "web_services_and_applications": "-",
        "engineering_entrepreneurship": "-"
    },
    "19070386": {
        "digital_signal_analysis_and_processing": "C+",
        "social_and_professional_issues_in_it": "-",
        "organization_and_management": "-",
        "information_system": "-",
        "project_iii": "-",
        "data_mining": "-",
        "web_services_and_applications": "-",
        "engineering_entrepreneurship": "-"
    },
    "19070387": {
        "digital_signal_analysis_and_processing": "B-",
        "social_and_professional_issues_in_it": "-",
        "organization_and_management": "-",
        "information_system": "-",
        "project_iii": "-",
        "data_mining": "-",
        "web_services_and_applications": "-",
        "engineering_entrepreneurship": "-"
    },
    "19070397": {
        "digital_signal_analysis_and_processing": "F",
        "social_and_professional_issues_in_it": "-",
        "organization_and_management": "-",
        "information_system": "-",
        "project_iii": "-",
        "data_mining": "-",
        "web_services_and_applications": "-",
        "engineering_entrepreneurship": "-"
    },
    "19070402": {
        "digital_signal_analysis_and_processing": "F",
        "social_and_professional_issues_in_it": "-",
        "organization_and_management": "-",
        "information_system": "-",
        "project_iii": "-",
        "data_mining": "-",
        "web_services_and_applications": "-",
        "engineering_entrepreneurship": "-"
    },
    "19070407": {
        "digital_signal_analysis_and_processing": "F",
        "social_and_professional_issues_in_it": "-",
        "organization_and_management": "-",
        "information_system": "-",
        "project_iii": "-",
        "data_mining": "-",
        "web_services_and_applications": "-",
        "engineering_entrepreneurship": "-"
    },
    "19070420": {
        "digital_signal_analysis_and_processing": "F",
        "social_and_professional_issues_in_it": "-",
        "organization_and_management": "-",
        "information_system": "-",
        "project_iii": "-",
        "data_mining": "-",
        "web_services_and_applications": "-",
        "engineering_entrepreneurship": "-"
    },
    "19070428": {
        "digital_signal_analysis_and_processing": "F",
        "social_and_professional_issues_in_it": "-",
        "organization_and_management": "-",
        "information_system": "-",
        "project_iii": "-",
        "data_mining": "-",
        "web_services_and_applications": "-",
        "engineering_entrepreneurship": "-"
    },
    "19070429": {
        "digital_signal_analysis_and_processing": "F",
        "social_and_professional_issues_in_it": "-",
        "organization_and_management": "-",
        "information_system": "-",
        "project_iii": "-",
        "data_mining": "-",
        "web_services_and_applications": "-",
        "engineering_entrepreneurship": "-"
    },
    "19070430": {
        "digital_signal_analysis_and_processing": "Abs",
        "social_and_professional_issues_in_it": "-",
        "organization_and_management": "-",
        "information_system": "-",
        "project_iii": "-",
        "data_mining": "-",
        "web_services_and_applications": "-",
        "engineering_entrepreneurship": "-"
    },
    "19070436": {
        "digital_signal_analysis_and_processing": "F",
        "social_and_professional_issues_in_it": "-",
        "organization_and_management": "-",
        "information_system": "-",
        "project_iii": "-",
        "data_mining": "-",
        "web_services_and_applications": "-",
        "engineering_entrepreneurship": "-"
    },
    "19070442": {
        "digital_signal_analysis_and_processing": "C+",
        "social_and_professional_issues_in_it": "-",
        "organization_and_management": "-",
        "information_system": "-",
        "project_iii": "-",
        "data_mining": "-",
        "web_services_and_applications": "-",
        "engineering_entrepreneurship": "-"
    },
    "19070448": {
        "digital_signal_analysis_and_processing": "C",
        "social_and_professional_issues_in_it": "-",
        "organization_and_management": "-",
        "information_system": "-",
        "project_iii": "-",
        "data_mining": "-",
        "web_services_and_applications": "-",
        "engineering_entrepreneurship": "-"
    },
    "19070463": {
        "digital_signal_analysis_and_processing": "-",
        "social_and_professional_issues_in_it": "-",
        "organization_and_management": "C+",
        "information_system": "-",
        "project_iii": "-",
        "data_mining": "-",
        "web_services_and_applications": "-",
        "engineering_entrepreneurship": "-"
    },
    "19070465": {
        "digital_signal_analysis_and_processing": "F",
        "social_and_professional_issues_in_it": "-",
        "organization_and_management": "-",
        "information_system": "-",
        "project_iii": "-",
        "data_mining": "-",
        "web_services_and_applications": "-",
        "engineering_entrepreneurship": "-"
    },
    "19070467": {
        "digital_signal_analysis_and_processing": "F",
        "social_and_professional_issues_in_it": "-",
        "organization_and_management": "-",
        "information_system": "-",
        "project_iii": "-",
        "data_mining": "-",
        "web_services_and_applications": "-",
        "engineering_entrepreneurship": "-"
    },
    "19070469": {
        "digital_signal_analysis_and_processing": "-",
        "social_and_professional_issues_in_it": "-",
        "organization_and_management": "-",
        "information_system": "C",
        "project_iii": "-",
        "data_mining": "-",
        "web_services_and_applications": "-",
        "engineering_entrepreneurship": "-"
    },
    "19070477": {
        "digital_signal_analysis_and_processing": "F",
        "social_and_professional_issues_in_it": "-",
        "organization_and_management": "-",
        "information_system": "-",
        "project_iii": "-",
        "data_mining": "-",
        "web_services_and_applications": "-",
        "engineering_entrepreneurship": "-"
    }
}