{
    "nan": {
        "simulation_and_modeling": "-",
        "data_communication": "-",
        "object_oriented_software_engineering": "-",
        "embedded_systems": "-",
        "project_ii": "-",
        "mobile_computing": "-",
        "data_mining": "-"
    },
    "14070005": {
        "simulation_and_modeling": "F",
        "data_communication": "C+",
        "object_oriented_software_engineering": "-",
        "embedded_systems": "-",
        "project_ii": "-",
        "mobile_computing": "-",
        "data_mining": "-"
    },
    "14070020": {
        "simulation_and_modeling": "-",
        "data_communication": "-",
        "object_oriented_software_engineering": "-",
        "embedded_systems": "F",
        "project_ii": "-",
        "mobile_computing": "-",
        "data_mining": "-"
    },
    "14070096": {
        "simulation_and_modeling": "-",
        "data_communication": "B-",
        "object_oriented_software_engineering": "-",
        "embedded_systems": "-",
        "project_ii": "-",
        "mobile_computing": "-",
        "data_mining": "-"
    },
    "14070097": {
        "simulation_and_modeling": "-",
        "data_communication": "-",
        "object_oriented_software_engineering": "-",
        "embedded_systems": "F",
        "project_ii": "-",
        "mobile_computing": "-",
        "data_mining": "-"
    },
    "14070124": {
        "simulation_and_modeling": "C",
        "data_communication": "-",
        "object_oriented_software_engineering": "B+",
        "embedded_systems": "-",
        "project_ii": "A",
        "mobile_computing": "-",
        "data_mining": "-"
    },
    "14070125": {
        "simulation_and_modeling": "-",
        "data_communication": "-",
        "object_oriented_software_engineering": "-",
        "embedded_systems": "-",
        "project_ii": "A",
        "mobile_computing": "-",
        "data_mining": "-"
    },
    "14070126": {
        "simulation_and_modeling": "-",
        "data_communication": "-",
        "object_oriented_software_engineering": "-",
        "embedded_systems": "-",
        "project_ii": "A",
        "mobile_computing": "-",
        "data_mining": "-"
    },
    "14070224": {
        "simulation_and_modeling": "Abs",
        "data_communication": "-",
        "object_oriented_software_engineering": "Abs",
        "embedded_systems": "-",
        "project_ii": "-",
        "mobile_computing": "-",
        "data_mining": "-"
    },
    "15070002": {
        "simulation_and_modeling": "-",
        "data_communication": "-",
        "object_oriented_software_engineering": "Abs",
        "embedded_systems": "-",
        "project_ii": "-",
        "mobile_computing": "-",
        "data_mining": "-"
    },
    "15070010": {
        "simulation_and_modeling": "-",
        "data_communication": "Abs",
        "object_oriented_software_engineering": "Abs",
        "embedded_systems": "Abs",
        "project_ii": "-",
        "mobile_computing": "-",
        "data_mining": "-"
    },
    "15070012": {
        "simulation_and_modeling": "-",
        "data_communication": "-",
        "object_oriented_software_engineering": "-",
        "embedded_systems": "Abs",
        "project_ii": "-",
        "mobile_computing": "-",
        "data_mining": "-"
    },
    "15070015": {
        "simulation_and_modeling": "F",
        "data_communication": "-",
        "object_oriented_software_engineering": "-",
        "embedded_systems": "-",
        "project_ii": "-",
        "mobile_computing": "-",
        "data_mining": "-"
    },
    "15070030": {
        "simulation_and_modeling": "-",
        "data_communication": "-",
        "object_oriented_software_engineering": "-",
        "embedded_systems": "F",
        "project_ii": "-",
        "mobile_computing": "-",
        "data_mining": "-"
    },
    "15070036": {
        "simulation_and_modeling": "-",
        "data_communication": "-",
        "object_oriented_software_engineering": "-",
        "embedded_systems": "Abs",
        "project_ii": "-",
        "mobile_computing": "-",
        "data_mining": "-"
    },
    "15070041": {
        "simulation_and_modeling": "-",
        "data_communication": "-",
        "object_oriented_software_engineering": "-",
        "embedded_systems": "Abs",
        "project_ii": "-",
        "mobile_computing": "-",
        "data_mining": "-"
    },
    "15070051": {
        "simulation_and_modeling": "Abs",
        "data_communication": "-",
        "object_oriented_software_engineering": "-",
        "embedded_systems": "Abs",
        "project_ii": "-",
        "mobile_computing": "-",
        "data_mining": "-"
    },
    "15070056": {
        "simulation_and_modeling": "-",
        "data_communication": "-",
        "object_oriented_software_engineering": "B",
        "embedded_systems": "Abs",
        "project_ii": "-",
        "mobile_computing": "-",
        "data_mining": "-"
    },
    "15070057": {
        "simulation_and_modeling": "F",
        "data_communication": "F",
        "object_oriented_software_engineering": "-",
        "embedded_systems": "-",
        "project_ii": "-",
        "mobile_computing": "-",
        "data_mining": "-"
    },
    "15070065": {
        "simulation_and_modeling": "Abs",
        "data_communication": "-",
        "object_oriented_software_engineering": "-",
        "embedded_systems": "-",
        "project_ii": "-",
        "mobile_computing": "-",
        "data_mining": "-"
    },
    "15070072": {
        "simulation_and_modeling": "-",
        "data_communication": "Abs",
        "object_oriented_software_engineering": "-",
        "embedded_systems": "-",
        "project_ii": "-",
        "mobile_computing": "-",
        "data_mining": "-"
    },
    "15070077": {
        "simulation_and_modeling": "Abs",
        "data_communication": "-",
        "object_oriented_software_engineering": "-",
        "embedded_systems": "-",
        "project_ii": "-",
        "mobile_computing": "-",
        "data_mining": "-"
    },
    "15070080": {
        "simulation_and_modeling": "-",
        "data_communication": "F",
        "object_oriented_software_engineering": "-",
        "embedded_systems": "F",
        "project_ii": "-",
        "mobile_computing": "-",
        "data_mining": "-"
    },
    "15070082": {
        "simulation_and_modeling": "-",
        "data_communication": "B-",
        "object_oriented_software_engineering": "-",
        "embedded_systems": "-",
        "project_ii": "-",
        "mobile_computing": "-",
        "data_mining": "-"
    },
    "15070085": {
        "simulation_and_modeling": "-",
        "data_communication": "-",
        "object_oriented_software_engineering": "C",
        "embedded_systems": "Abs",
        "project_ii": "-",
        "mobile_computing": "-",
        "data_mining": "-"
    },
    "15070098": {
        "simulation_and_modeling": "Abs",
        "data_communication": "-",
        "object_oriented_software_engineering": "-",
        "embedded_systems": "-",
        "project_ii": "-",
        "mobile_computing": "-",
        "data_mining": "-"
    },
    "15070105": {
        "simulation_and_modeling": "-",
        "data_communication": "F",
        "object_oriented_software_engineering": "-",
        "embedded_systems": "-",
        "project_ii": "-",
        "mobile_computing": "-",
        "data_mining": "-"
    },
    "15070113": {
        "simulation_and_modeling": "C",
        "data_communication": "-",
        "object_oriented_software_engineering": "-",
        "embedded_systems": "-",
        "project_ii": "-",
        "mobile_computing": "-",
        "data_mining": "-"
    },
    "15070157": {
        "simulation_and_modeling": "-",
        "data_communication": "Abs",
        "object_oriented_software_engineering": "-",
        "embedded_systems": "-",
        "project_ii": "-",
        "mobile_computing": "-",
        "data_mining": "-"
    },
    "15070161": {
        "simulation_and_modeling": "-",
        "data_communication": "-",
        "object_oriented_software_engineering": "-",
        "embedded_systems": "F",
        "project_ii": "-",
        "mobile_computing": "-",
        "data_mining": "-"
    },
    "15070162": {
        "simulation_and_modeling": "-",
        "data_communication": "-",
        "object_oriented_software_engineering": "C-",
        "embedded_systems": "F",
        "project_ii": "-",
        "mobile_computing": "-",
        "data_mining": "-"
    },
    "15070164": {
        "simulation_and_modeling": "-",
        "data_communication": "B-",
        "object_oriented_software_engineering": "-",
        "embedded_systems": "F",
        "project_ii": "-",
        "mobile_computing": "-",
        "data_mining": "-"
    },
    "15070167": {
        "simulation_and_modeling": "-",
        "data_communication": "-",
        "object_oriented_software_engineering": "C-",
        "embedded_systems": "-",
        "project_ii": "B",
        "mobile_computing": "-",
        "data_mining": "-"
    },
    "15070179": {
        "simulation_and_modeling": "-",
        "data_communication": "F",
        "object_oriented_software_engineering": "B+",
        "embedded_systems": "-",
        "project_ii": "-",
        "mobile_computing": "-",
        "data_mining": "-"
    },
    "15070187": {
        "simulation_and_modeling": "-",
        "data_communication": "F",
        "object_oriented_software_engineering": "-",
        "embedded_systems": "-",
        "project_ii": "-",
        "mobile_computing": "-",
        "data_mining": "-"
    },
    "15070197": {
        "simulation_and_modeling": "-",
        "data_communication": "Abs",
        "object_oriented_software_engineering": "-",
        "embedded_systems": "-",
        "project_ii": "-",
        "mobile_computing": "-",
        "data_mining": "-"
    },
    "15070205": {
        "simulation_and_modeling": "-",
        "data_communication": "-",
        "object_oriented_software_engineering": "-",
        "embedded_systems": "F",
        "project_ii": "-",
        "mobile_computing": "-",
        "data_mining": "-"
    },
    "15070210": {
        "simulation_and_modeling": "-",
        "data_communication": "Abs",
        "object_oriented_software_engineering": "-",
        "embedded_systems": "-",
        "project_ii": "-",
        "mobile_computing": "-",
        "data_mining": "-"
    },
    "15070241": {
        "simulation_and_modeling": "-",
        "data_communication": "Abs",
        "object_oriented_software_engineering": "-",
        "embedded_systems": "-",
        "project_ii": "-",
        "mobile_computing": "-",
        "data_mining": "-"
    },
    "15070262": {
        "simulation_and_modeling": "-",
        "data_communication": "Abs",
        "object_oriented_software_engineering": "-",
        "embedded_systems": "Abs",
        "project_ii": "-",
        "mobile_computing": "-",
        "data_mining": "-"
    },
    "15070272": {
        "simulation_and_modeling": "-",
        "data_communication": "F",
        "object_oriented_software_engineering": "-",
        "embedded_systems": "Abs",
        "project_ii": "-",
        "mobile_computing": "-",
        "data_mining": "-"
    },
    "15070282": {
        "simulation_and_modeling": "-",
        "data_communication": "-",
        "object_oriented_software_engineering": "-",
        "embedded_systems": "Abs",
        "project_ii": "-",
        "mobile_computing": "-",
        "data_mining": "-"
    },
    "15070284": {
        "simulation_and_modeling": "-",
        "data_communication": "Abs",
        "object_oriented_software_engineering": "F",
        "embedded_systems": "Abs",
        "project_ii": "-",
        "mobile_computing": "-",
        "data_mining": "-"
    },
    "15070315": {
        "simulation_and_modeling": "Abs",
        "data_communication": "Abs",
        "object_oriented_software_engineering": "-",
        "embedded_systems": "-",
        "project_ii": "-",
        "mobile_computing": "-",
        "data_mining": "-"
    },
    "16070005": {
        "simulation_and_modeling": "F",
        "data_communication": "-",
        "object_oriented_software_engineering": "-",
        "embedded_systems": "-",
        "project_ii": "-",
        "mobile_computing": "-",
        "data_mining": "-"
    },
    "16070007": {
        "simulation_and_modeling": "-",
        "data_communication": "-",
        "object_oriented_software_engineering": "F",
        "embedded_systems": "-",
        "project_ii": "-",
        "mobile_computing": "-",
        "data_mining": "-"
    },
    "16070008": {
        "simulation_and_modeling": "-",
        "data_communication": "-",
        "object_oriented_software_engineering": "F",
        "embedded_systems": "-",
        "project_ii": "-",
        "mobile_computing": "-",
        "data_mining": "-"
    },
    "16070012": {
        "simulation_and_modeling": "-",
        "data_communication": "-",
        "object_oriented_software_engineering": "-",
        "embedded_systems": "F",
        "project_ii": "-",
        "mobile_computing": "-",
        "data_mining": "-"
    },
    "16070014": {
        "simulation_and_modeling": "-",
        "data_communication": "F",
        "object_oriented_software_engineering": "-",
        "embedded_systems": "F",
        "project_ii": "-",
        "mobile_computing": "-",
        "data_mining": "-"
    },
    "16070016": {
        "simulation_and_modeling": "-",
        "data_communication": "F",
        "object_oriented_software_engineering": "F",
        "embedded_systems": "-",
        "project_ii": "-",
        "mobile_computing": "-",
        "data_mining": "-"
    },
    "16070019": {
        "simulation_and_modeling": "-",
        "data_communication": "F",
        "object_oriented_software_engineering": "-",
        "embedded_systems": "-",
        "project_ii": "-",
        "mobile_computing": "-",
        "data_mining": "-"
    },
    "16070023": {
        "simulation_and_modeling": "-",
        "data_communication": "F",
        "object_oriented_software_engineering": "-",
        "embedded_systems": "-",
        "project_ii": "-",
        "mobile_computing": "-",
        "data_mining": "-"
    },
    "16070024": {
        "simulation_and_modeling": "F",
        "data_communication": "-",
        "object_oriented_software_engineering": "-",
        "embedded_systems": "F",
        "project_ii": "-",
        "mobile_computing": "-",
        "data_mining": "-"
    },
    "16070025": {
        "simulation_and_modeling": "-",
        "data_communication": "F",
        "object_oriented_software_engineering": "-",
        "embedded_systems": "-",
        "project_ii": "-",
        "mobile_computing": "-",
        "data_mining": "-"
    },
    "16070031": {
        "simulation_and_modeling": "-",
        "data_communication": "-",
        "object_oriented_software_engineering": "F",
        "embedded_systems": "-",
        "project_ii": "-",
        "mobile_computing": "-",
        "data_mining": "-"
    },
    "16070032": {
        "simulation_and_modeling": "F",
        "data_communication": "-",
        "object_oriented_software_engineering": "-",
        "embedded_systems": "-",
        "project_ii": "-",
        "mobile_computing": "-",
        "data_mining": "-"
    },
    "16070037": {
        "simulation_and_modeling": "-",
        "data_communication": "-",
        "object_oriented_software_engineering": "C",
        "embedded_systems": "F",
        "project_ii": "-",
        "mobile_computing": "-",
        "data_mining": "-"
    },
    "16070040": {
        "simulation_and_modeling": "-",
        "data_communication": "F",
        "object_oriented_software_engineering": "-",
        "embedded_systems": "F",
        "project_ii": "-",
        "mobile_computing": "-",
        "data_mining": "-"
    },
    "16070042": {
        "simulation_and_modeling": "-",
        "data_communication": "Abs",
        "object_oriented_software_engineering": "F",
        "embedded_systems": "-",
        "project_ii": "-",
        "mobile_computing": "-",
        "data_mining": "-"
    },
    "16070044": {
        "simulation_and_modeling": "C",
        "data_communication": "-",
        "object_oriented_software_engineering": "-",
        "embedded_systems": "-",
        "project_ii": "-",
        "mobile_computing": "-",
        "data_mining": "-"
    },
    "16070058": {
        "simulation_and_modeling": "C+",
        "data_communication": "-",
        "object_oriented_software_engineering": "-",
        "embedded_systems": "-",
        "project_ii": "-",
        "mobile_computing": "-",
        "data_mining": "-"
    },
    "16070060": {
        "simulation_and_modeling": "F",
        "data_communication": "C+",
        "object_oriented_software_engineering": "-",
        "embedded_systems": "-",
        "project_ii": "-",
        "mobile_computing": "-",
        "data_mining": "-"
    },
    "16070061": {
        "simulation_and_modeling": "-",
        "data_communication": "Abs",
        "object_oriented_software_engineering": "-",
        "embedded_systems": "Abs",
        "project_ii": "-",
        "mobile_computing": "-",
        "data_mining": "-"
    },
    "16070062": {
        "simulation_and_modeling": "-",
        "data_communication": "C+",
        "object_oriented_software_engineering": "-",
        "embedded_systems": "-",
        "project_ii": "-",
        "mobile_computing": "-",
        "data_mining": "-"
    },
    "16070069": {
        "simulation_and_modeling": "-",
        "data_communication": "-",
        "object_oriented_software_engineering": "-",
        "embedded_systems": "-",
        "project_ii": "B+",
        "mobile_computing": "-",
        "data_mining": "-"
    },
    "16070071": {
        "simulation_and_modeling": "-",
        "data_communication": "Abs",
        "object_oriented_software_engineering": "-",
        "embedded_systems": "-",
        "project_ii": "-",
        "mobile_computing": "-",
        "data_mining": "-"
    },
    "16070072": {
        "simulation_and_modeling": "-",
        "data_communication": "Abs",
        "object_oriented_software_engineering": "-",
        "embedded_systems": "-",
        "project_ii": "-",
        "mobile_computing": "-",
        "data_mining": "-"
    },
    "16070074": {
        "simulation_and_modeling": "-",
        "data_communication": "F",
        "object_oriented_software_engineering": "C+",
        "embedded_systems": "-",
        "project_ii": "-",
        "mobile_computing": "-",
        "data_mining": "-"
    },
    "16070076": {
        "simulation_and_modeling": "-",
        "data_communication": "Abs",
        "object_oriented_software_engineering": "-",
        "embedded_systems": "Abs",
        "project_ii": "-",
        "mobile_computing": "-",
        "data_mining": "-"
    },
    "16070090": {
        "simulation_and_modeling": "Abs",
        "data_communication": "-",
        "object_oriented_software_engineering": "-",
        "embedded_systems": "-",
        "project_ii": "-",
        "mobile_computing": "-",
        "data_mining": "-"
    },
    "16070092": {
        "simulation_and_modeling": "-",
        "data_communication": "-",
        "object_oriented_software_engineering": "B+",
        "embedded_systems": "-",
        "project_ii": "-",
        "mobile_computing": "-",
        "data_mining": "-"
    },
    "16070097": {
        "simulation_and_modeling": "Abs",
        "data_communication": "-",
        "object_oriented_software_engineering": "-",
        "embedded_systems": "Abs",
        "project_ii": "-",
        "mobile_computing": "-",
        "data_mining": "-"
    },
    "16070098": {
        "simulation_and_modeling": "-",
        "data_communication": "F",
        "object_oriented_software_engineering": "C+",
        "embedded_systems": "-",
        "project_ii": "-",
        "mobile_computing": "-",
        "data_mining": "-"
    },
    "16070100": {
        "simulation_and_modeling": "-",
        "data_communication": "-",
        "object_oriented_software_engineering": "C",
        "embedded_systems": "-",
        "project_ii": "-",
        "mobile_computing": "-",
        "data_mining": "-"
    },
    "16070102": {
        "simulation_and_modeling": "Abs",
        "data_communication": "-",
        "object_oriented_software_engineering": "-",
        "embedded_systems": "-",
        "project_ii": "-",
        "mobile_computing": "-",
        "data_mining": "-"
    },
    "16070115": {
        "simulation_and_modeling": "-",
        "data_communication": "Abs",
        "object_oriented_software_engineering": "-",
        "embedded_systems": "-",
        "project_ii": "-",
        "mobile_computing": "-",
        "data_mining": "-"
    },
    "16070121": {
        "simulation_and_modeling": "-",
        "data_communication": "Abs",
        "object_oriented_software_engineering": "-",
        "embedded_systems": "-",
        "project_ii": "-",
        "mobile_computing": "-",
        "data_mining": "-"
    },
    "16070155": {
        "simulation_and_modeling": "F",
        "data_communication": "F",
        "object_oriented_software_engineering": "F",
        "embedded_systems": "Abs",
        "project_ii": "-",
        "mobile_computing": "-",
        "data_mining": "-"
    },
    "16070158": {
        "simulation_and_modeling": "F",
        "data_communication": "C+",
        "object_oriented_software_engineering": "-",
        "embedded_systems": "-",
        "project_ii": "-",
        "mobile_computing": "-",
        "data_mining": "-"
    },
    "16070169": {
        "simulation_and_modeling": "-",
        "data_communication": "F",
        "object_oriented_software_engineering": "-",
        "embedded_systems": "-",
        "project_ii": "-",
        "mobile_computing": "-",
        "data_mining": "-"
    },
    "16070176": {
        "simulation_and_modeling": "-",
        "data_communication": "-",
        "object_oriented_software_engineering": "F",
        "embedded_systems": "Abs",
        "project_ii": "-",
        "mobile_computing": "-",
        "data_mining": "-"
    },
    "16070189": {
        "simulation_and_modeling": "-",
        "data_communication": "Abs",
        "object_oriented_software_engineering": "F",
        "embedded_systems": "-",
        "project_ii": "-",
        "mobile_computing": "-",
        "data_mining": "-"
    },
    "16070191": {
        "simulation_and_modeling": "Abs",
        "data_communication": "Abs",
        "object_oriented_software_engineering": "-",
        "embedded_systems": "-",
        "project_ii": "-",
        "mobile_computing": "-",
        "data_mining": "-"
    },
    "16070192": {
        "simulation_and_modeling": "-",
        "data_communication": "-",
        "object_oriented_software_engineering": "C+",
        "embedded_systems": "-",
        "project_ii": "-",
        "mobile_computing": "-",
        "data_mining": "-"
    },
    "16070206": {
        "simulation_and_modeling": "-",
        "data_communication": "F",
        "object_oriented_software_engineering": "-",
        "embedded_systems": "-",
        "project_ii": "-",
        "mobile_computing": "-",
        "data_mining": "-"
    },
    "16070212": {
        "simulation_and_modeling": "-",
        "data_communication": "-",
        "object_oriented_software_engineering": "B-",
        "embedded_systems": "-",
        "project_ii": "-",
        "mobile_computing": "-",
        "data_mining": "-"
    },
    "16070214": {
        "simulation_and_modeling": "-",
        "data_communication": "-",
        "object_oriented_software_engineering": "F",
        "embedded_systems": "-",
        "project_ii": "-",
        "mobile_computing": "-",
        "data_mining": "-"
    },
    "16070215": {
        "simulation_and_modeling": "-",
        "data_communication": "F",
        "object_oriented_software_engineering": "B-",
        "embedded_systems": "-",
        "project_ii": "-",
        "mobile_computing": "-",
        "data_mining": "-"
    },
    "16070224": {
        "simulation_and_modeling": "-",
        "data_communication": "-",
        "object_oriented_software_engineering": "-",
        "embedded_systems": "-",
        "project_ii": "B+",
        "mobile_computing": "-",
        "data_mining": "-"
    },
    "16070225": {
        "simulation_and_modeling": "-",
        "data_communication": "-",
        "object_oriented_software_engineering": "-",
        "embedded_systems": "F",
        "project_ii": "-",
        "mobile_computing": "-",
        "data_mining": "-"
    },
    "16070250": {
        "simulation_and_modeling": "-",
        "data_communication": "Abs",
        "object_oriented_software_engineering": "-",
        "embedded_systems": "-",
        "project_ii": "-",
        "mobile_computing": "-",
        "data_mining": "-"
    },
    "16070251": {
        "simulation_and_modeling": "F",
        "data_communication": "F",
        "object_oriented_software_engineering": "-",
        "embedded_systems": "-",
        "project_ii": "-",
        "mobile_computing": "-",
        "data_mining": "-"
    },
    "16070255": {
        "simulation_and_modeling": "F",
        "data_communication": "C+",
        "object_oriented_software_engineering": "-",
        "embedded_systems": "-",
        "project_ii": "-",
        "mobile_computing": "-",
        "data_mining": "-"
    },
    "16070257": {
        "simulation_and_modeling": "-",
        "data_communication": "B-",
        "object_oriented_software_engineering": "C-",
        "embedded_systems": "-",
        "project_ii": "Incomplete",
        "mobile_computing": "-",
        "data_mining": "-"
    },
    "16070259": {
        "simulation_and_modeling": "-",
        "data_communication": "-",
        "object_oriented_software_engineering": "-",
        "embedded_systems": "F",
        "project_ii": "-",
        "mobile_computing": "-",
        "data_mining": "-"
    },
    "16070260": {
        "simulation_and_modeling": "-",
        "data_communication": "-",
        "object_oriented_software_engineering": "-",
        "embedded_systems": "-",
        "project_ii": "Incomplete",
        "mobile_computing": "-",
        "data_mining": "-"
    },
    "16070266": {
        "simulation_and_modeling": "-",
        "data_communication": "-",
        "object_oriented_software_engineering": "F",
        "embedded_systems": "F",
        "project_ii": "-",
        "mobile_computing": "-",
        "data_mining": "-"
    },
    "16070267": {
        "simulation_and_modeling": "-",
        "data_communication": "-",
        "object_oriented_software_engineering": "-",
        "embedded_systems": "Abs",
        "project_ii": "A-",
        "mobile_computing": "-",
        "data_mining": "-"
    },
    "16070271": {
        "simulation_and_modeling": "F",
        "data_communication": "-",
        "object_oriented_software_engineering": "-",
        "embedded_systems": "-",
        "project_ii": "-",
        "mobile_computing": "-",
        "data_mining": "-"
    },
    "16070275": {
        "simulation_and_modeling": "F",
        "data_communication": "-",
        "object_oriented_software_engineering": "-",
        "embedded_systems": "-",
        "project_ii": "-",
        "mobile_computing": "-",
        "data_mining": "-"
    },
    "16070279": {
        "simulation_and_modeling": "-",
        "data_communication": "Abs",
        "object_oriented_software_engineering": "-",
        "embedded_systems": "-",
        "project_ii": "-",
        "mobile_computing": "-",
        "data_mining": "-"
    },
    "16070283": {
        "simulation_and_modeling": "-",
        "data_communication": "Abs",
        "object_oriented_software_engineering": "Abs",
        "embedded_systems": "-",
        "project_ii": "-",
        "mobile_computing": "-",
        "data_mining": "-"
    },
    "16070299": {
        "simulation_and_modeling": "-",
        "data_communication": "-",
        "object_oriented_software_engineering": "-",
        "embedded_systems": "-",
        "project_ii": "B+",
        "mobile_computing": "-",
        "data_mining": "-"
    },
    "16070303": {
        "simulation_and_modeling": "-",
        "data_communication": "Abs",
        "object_oriented_software_engineering": "-",
        "embedded_systems": "-",
        "project_ii": "-",
        "mobile_computing": "-",
        "data_mining": "-"
    },
    "16070319": {
        "simulation_and_modeling": "-",
        "data_communication": "F",
        "object_oriented_software_engineering": "-",
        "embedded_systems": "-",
        "project_ii": "-",
        "mobile_computing": "-",
        "data_mining": "-"
    },
    "16070325": {
        "simulation_and_modeling": "-",
        "data_communication": "Abs",
        "object_oriented_software_engineering": "-",
        "embedded_systems": "-",
        "project_ii": "-",
        "mobile_computing": "-",
        "data_mining": "-"
    },
    "16070329": {
        "simulation_and_modeling": "-",
        "data_communication": "F",
        "object_oriented_software_engineering": "-",
        "embedded_systems": "-",
        "project_ii": "-",
        "mobile_computing": "-",
        "data_mining": "-"
    },
    "16070338": {
        "simulation_and_modeling": "C-",
        "data_communication": "-",
        "object_oriented_software_engineering": "-",
        "embedded_systems": "-",
        "project_ii": "-",
        "mobile_computing": "-",
        "data_mining": "-"
    },
    "16070345": {
        "simulation_and_modeling": "-",
        "data_communication": "-",
        "object_oriented_software_engineering": "-",
        "embedded_systems": "F",
        "project_ii": "-",
        "mobile_computing": "-",
        "data_mining": "-"
    },
    "16110055": {
        "simulation_and_modeling": "D",
        "data_communication": "C+",
        "object_oriented_software_engineering": "-",
        "embedded_systems": "-",
        "project_ii": "-",
        "mobile_computing": "-",
        "data_mining": "-"
    },
    "17070001": {
        "simulation_and_modeling": "-",
        "data_communication": "-",
        "object_oriented_software_engineering": "-",
        "embedded_systems": "C+",
        "project_ii": "-",
        "mobile_computing": "-",
        "data_mining": "-"
    },
    "17070005": {
        "simulation_and_modeling": "-",
        "data_communication": "Abs",
        "object_oriented_software_engineering": "-",
        "embedded_systems": "-",
        "project_ii": "-",
        "mobile_computing": "-",
        "data_mining": "-"
    },
    "17070009": {
        "simulation_and_modeling": "Abs",
        "data_communication": "-",
        "object_oriented_software_engineering": "-",
        "embedded_systems": "-",
        "project_ii": "-",
        "mobile_computing": "-",
        "data_mining": "-"
    },
    "17070012": {
        "simulation_and_modeling": "-",
        "data_communication": "-",
        "object_oriented_software_engineering": "-",
        "embedded_systems": "F",
        "project_ii": "-",
        "mobile_computing": "-",
        "data_mining": "-"
    },
    "17070013": {
        "simulation_and_modeling": "-",
        "data_communication": "-",
        "object_oriented_software_engineering": "Abs",
        "embedded_systems": "-",
        "project_ii": "-",
        "mobile_computing": "-",
        "data_mining": "-"
    },
    "17070016": {
        "simulation_and_modeling": "-",
        "data_communication": "A-",
        "object_oriented_software_engineering": "-",
        "embedded_systems": "Abs",
        "project_ii": "-",
        "mobile_computing": "-",
        "data_mining": "-"
    },
    "17070017": {
        "simulation_and_modeling": "-",
        "data_communication": "Abs",
        "object_oriented_software_engineering": "Abs",
        "embedded_systems": "-",
        "project_ii": "-",
        "mobile_computing": "-",
        "data_mining": "-"
    },
    "17070018": {
        "simulation_and_modeling": "-",
        "data_communication": "-",
        "object_oriented_software_engineering": "-",
        "embedded_systems": "F",
        "project_ii": "-",
        "mobile_computing": "-",
        "data_mining": "-"
    },
    "17070022": {
        "simulation_and_modeling": "F",
        "data_communication": "-",
        "object_oriented_software_engineering": "-",
        "embedded_systems": "-",
        "project_ii": "-",
        "mobile_computing": "-",
        "data_mining": "-"
    },
    "17070031": {
        "simulation_and_modeling": "B",
        "data_communication": "-",
        "object_oriented_software_engineering": "-",
        "embedded_systems": "F",
        "project_ii": "-",
        "mobile_computing": "-",
        "data_mining": "-"
    },
    "17070046": {
        "simulation_and_modeling": "F",
        "data_communication": "-",
        "object_oriented_software_engineering": "-",
        "embedded_systems": "-",
        "project_ii": "-",
        "mobile_computing": "-",
        "data_mining": "-"
    },
    "17070048": {
        "simulation_and_modeling": "-",
        "data_communication": "F",
        "object_oriented_software_engineering": "-",
        "embedded_systems": "-",
        "project_ii": "-",
        "mobile_computing": "F",
        "data_mining": "-"
    },
    "17070049": {
        "simulation_and_modeling": "-",
        "data_communication": "C+",
        "object_oriented_software_engineering": "-",
        "embedded_systems": "C",
        "project_ii": "-",
        "mobile_computing": "-",
        "data_mining": "-"
    },
    "17070050": {
        "simulation_and_modeling": "-",
        "data_communication": "-",
        "object_oriented_software_engineering": "-",
        "embedded_systems": "Abs",
        "project_ii": "-",
        "mobile_computing": "-",
        "data_mining": "-"
    },
    "17070067": {
        "simulation_and_modeling": "-",
        "data_communication": "B+",
        "object_oriented_software_engineering": "-",
        "embedded_systems": "-",
        "project_ii": "-",
        "mobile_computing": "-",
        "data_mining": "-"
    },
    "17070071": {
        "simulation_and_modeling": "-",
        "data_communication": "C-",
        "object_oriented_software_engineering": "-",
        "embedded_systems": "-",
        "project_ii": "-",
        "mobile_computing": "-",
        "data_mining": "-"
    },
    "17070073": {
        "simulation_and_modeling": "-",
        "data_communication": "-",
        "object_oriented_software_engineering": "-",
        "embedded_systems": "B-",
        "project_ii": "-",
        "mobile_computing": "-",
        "data_mining": "-"
    },
    "17070074": {
        "simulation_and_modeling": "F",
        "data_communication": "-",
        "object_oriented_software_engineering": "-",
        "embedded_systems": "-",
        "project_ii": "-",
        "mobile_computing": "-",
        "data_mining": "-"
    },
    "17070077": {
        "simulation_and_modeling": "-",
        "data_communication": "-",
        "object_oriented_software_engineering": "-",
        "embedded_systems": "-",
        "project_ii": "-",
        "mobile_computing": "B+",
        "data_mining": "-"
    },
    "17070079": {
        "simulation_and_modeling": "-",
        "data_communication": "C+",
        "object_oriented_software_engineering": "-",
        "embedded_systems": "-",
        "project_ii": "-",
        "mobile_computing": "-",
        "data_mining": "-"
    },
    "17070086": {
        "simulation_and_modeling": "-",
        "data_communication": "Abs",
        "object_oriented_software_engineering": "-",
        "embedded_systems": "-",
        "project_ii": "-",
        "mobile_computing": "-",
        "data_mining": "-"
    },
    "17070089": {
        "simulation_and_modeling": "-",
        "data_communication": "-",
        "object_oriented_software_engineering": "-",
        "embedded_systems": "F",
        "project_ii": "-",
        "mobile_computing": "-",
        "data_mining": "-"
    },
    "17070094": {
        "simulation_and_modeling": "-",
        "data_communication": "-",
        "object_oriented_software_engineering": "-",
        "embedded_systems": "B-",
        "project_ii": "-",
        "mobile_computing": "-",
        "data_mining": "-"
    },
    "17070105": {
        "simulation_and_modeling": "F",
        "data_communication": "-",
        "object_oriented_software_engineering": "-",
        "embedded_systems": "-",
        "project_ii": "-",
        "mobile_computing": "-",
        "data_mining": "-"
    },
    "17070107": {
        "simulation_and_modeling": "-",
        "data_communication": "-",
        "object_oriented_software_engineering": "-",
        "embedded_systems": "B-",
        "project_ii": "-",
        "mobile_computing": "-",
        "data_mining": "-"
    },
    "17070109": {
        "simulation_and_modeling": "F",
        "data_communication": "-",
        "object_oriented_software_engineering": "-",
        "embedded_systems": "-",
        "project_ii": "-",
        "mobile_computing": "-",
        "data_mining": "-"
    },
    "17070110": {
        "simulation_and_modeling": "F",
        "data_communication": "-",
        "object_oriented_software_engineering": "F",
        "embedded_systems": "-",
        "project_ii": "-",
        "mobile_computing": "-",
        "data_mining": "-"
    },
    "17070112": {
        "simulation_and_modeling": "F",
        "data_communication": "A-",
        "object_oriented_software_engineering": "-",
        "embedded_systems": "-",
        "project_ii": "-",
        "mobile_computing": "-",
        "data_mining": "-"
    },
    "17070113": {
        "simulation_and_modeling": "B",
        "data_communication": "-",
        "object_oriented_software_engineering": "-",
        "embedded_systems": "-",
        "project_ii": "-",
        "mobile_computing": "-",
        "data_mining": "-"
    },
    "17070132": {
        "simulation_and_modeling": "Abs",
        "data_communication": "F",
        "object_oriented_software_engineering": "-",
        "embedded_systems": "-",
        "project_ii": "-",
        "mobile_computing": "-",
        "data_mining": "-"
    },
    "17070136": {
        "simulation_and_modeling": "-",
        "data_communication": "F",
        "object_oriented_software_engineering": "-",
        "embedded_systems": "-",
        "project_ii": "-",
        "mobile_computing": "-",
        "data_mining": "-"
    },
    "17070140": {
        "simulation_and_modeling": "B",
        "data_communication": "-",
        "object_oriented_software_engineering": "-",
        "embedded_systems": "-",
        "project_ii": "-",
        "mobile_computing": "-",
        "data_mining": "-"
    },
    "17070141": {
        "simulation_and_modeling": "-",
        "data_communication": "F",
        "object_oriented_software_engineering": "F",
        "embedded_systems": "-",
        "project_ii": "-",
        "mobile_computing": "-",
        "data_mining": "-"
    },
    "17070142": {
        "simulation_and_modeling": "Abs",
        "data_communication": "C-",
        "object_oriented_software_engineering": "-",
        "embedded_systems": "-",
        "project_ii": "-",
        "mobile_computing": "-",
        "data_mining": "-"
    },
    "17070143": {
        "simulation_and_modeling": "-",
        "data_communication": "B-",
        "object_oriented_software_engineering": "-",
        "embedded_systems": "-",
        "project_ii": "-",
        "mobile_computing": "-",
        "data_mining": "-"
    },
    "17070149": {
        "simulation_and_modeling": "-",
        "data_communication": "-",
        "object_oriented_software_engineering": "C+",
        "embedded_systems": "-",
        "project_ii": "-",
        "mobile_computing": "-",
        "data_mining": "-"
    },
    "17070151": {
        "simulation_and_modeling": "A-",
        "data_communication": "-",
        "object_oriented_software_engineering": "-",
        "embedded_systems": "-",
        "project_ii": "-",
        "mobile_computing": "-",
        "data_mining": "-"
    },
    "17070153": {
        "simulation_and_modeling": "F",
        "data_communication": "F",
        "object_oriented_software_engineering": "-",
        "embedded_systems": "-",
        "project_ii": "-",
        "mobile_computing": "-",
        "data_mining": "-"
    },
    "17070156": {
        "simulation_and_modeling": "-",
        "data_communication": "-",
        "object_oriented_software_engineering": "F",
        "embedded_systems": "-",
        "project_ii": "-",
        "mobile_computing": "-",
        "data_mining": "-"
    },
    "17070158": {
        "simulation_and_modeling": "-",
        "data_communication": "-",
        "object_oriented_software_engineering": "-",
        "embedded_systems": "F",
        "project_ii": "-",
        "mobile_computing": "-",
        "data_mining": "-"
    },
    "17070159": {
        "simulation_and_modeling": "F",
        "data_communication": "-",
        "object_oriented_software_engineering": "-",
        "embedded_systems": "-",
        "project_ii": "-",
        "mobile_computing": "-",
        "data_mining": "-"
    },
    "17070160": {
        "simulation_and_modeling": "-",
        "data_communication": "F",
        "object_oriented_software_engineering": "-",
        "embedded_systems": "-",
        "project_ii": "-",
        "mobile_computing": "-",
        "data_mining": "-"
    },
    "17070161": {
        "simulation_and_modeling": "A-",
        "data_communication": "-",
        "object_oriented_software_engineering": "-",
        "embedded_systems": "B-",
        "project_ii": "-",
        "mobile_computing": "-",
        "data_mining": "-"
    },
    "17070162": {
        "simulation_and_modeling": "C+",
        "data_communication": "-",
        "object_oriented_software_engineering": "-",
        "embedded_systems": "F",
        "project_ii": "-",
        "mobile_computing": "-",
        "data_mining": "-"
    },
    "17070164": {
        "simulation_and_modeling": "F",
        "data_communication": "-",
        "object_oriented_software_engineering": "F",
        "embedded_systems": "F",
        "project_ii": "-",
        "mobile_computing": "-",
        "data_mining": "-"
    },
    "17070169": {
        "simulation_and_modeling": "F",
        "data_communication": "-",
        "object_oriented_software_engineering": "-",
        "embedded_systems": "-",
        "project_ii": "-",
        "mobile_computing": "-",
        "data_mining": "-"
    },
    "17070175": {
        "simulation_and_modeling": "-",
        "data_communication": "-",
        "object_oriented_software_engineering": "B-",
        "embedded_systems": "-",
        "project_ii": "-",
        "mobile_computing": "-",
        "data_mining": "-"
    },
    "17070177": {
        "simulation_and_modeling": "-",
        "data_communication": "-",
        "object_oriented_software_engineering": "-",
        "embedded_systems": "C+",
        "project_ii": "-",
        "mobile_computing": "-",
        "data_mining": "-"
    },
    "17070179": {
        "simulation_and_modeling": "F",
        "data_communication": "-",
        "object_oriented_software_engineering": "-",
        "embedded_systems": "-",
        "project_ii": "-",
        "mobile_computing": "-",
        "data_mining": "-"
    },
    "17070180": {
        "simulation_and_modeling": "Abs",
        "data_communication": "-",
        "object_oriented_software_engineering": "-",
        "embedded_systems": "-",
        "project_ii": "-",
        "mobile_computing": "-",
        "data_mining": "-"
    },
    "17070182": {
        "simulation_and_modeling": "-",
        "data_communication": "-",
        "object_oriented_software_engineering": "-",
        "embedded_systems": "F",
        "project_ii": "-",
        "mobile_computing": "-",
        "data_mining": "-"
    },
    "17070186": {
        "simulation_and_modeling": "-",
        "data_communication": "A-",
        "object_oriented_software_engineering": "B+",
        "embedded_systems": "-",
        "project_ii": "-",
        "mobile_computing": "-",
        "data_mining": "-"
    },
    "17070192": {
        "simulation_and_modeling": "F",
        "data_communication": "F",
        "object_oriented_software_engineering": "-",
        "embedded_systems": "-",
        "project_ii": "-",
        "mobile_computing": "-",
        "data_mining": "-"
    },
    "17070197": {
        "simulation_and_modeling": "-",
        "data_communication": "F",
        "object_oriented_software_engineering": "Expelled",
        "embedded_systems": "-",
        "project_ii": "-",
        "mobile_computing": "-",
        "data_mining": "-"
    },
    "17070198": {
        "simulation_and_modeling": "-",
        "data_communication": "-",
        "object_oriented_software_engineering": "Abs",
        "embedded_systems": "-",
        "project_ii": "-",
        "mobile_computing": "-",
        "data_mining": "-"
    },
    "17070200": {
        "simulation_and_modeling": "-",
        "data_communication": "Abs",
        "object_oriented_software_engineering": "-",
        "embedded_systems": "-",
        "project_ii": "-",
        "mobile_computing": "-",
        "data_mining": "-"
    },
    "17070202": {
        "simulation_and_modeling": "-",
        "data_communication": "-",
        "object_oriented_software_engineering": "-",
        "embedded_systems": "B-",
        "project_ii": "-",
        "mobile_computing": "-",
        "data_mining": "-"
    },
    "17070203": {
        "simulation_and_modeling": "Abs",
        "data_communication": "F",
        "object_oriented_software_engineering": "-",
        "embedded_systems": "Abs",
        "project_ii": "-",
        "mobile_computing": "-",
        "data_mining": "-"
    },
    "17070206": {
        "simulation_and_modeling": "F",
        "data_communication": "F",
        "object_oriented_software_engineering": "-",
        "embedded_systems": "-",
        "project_ii": "-",
        "mobile_computing": "-",
        "data_mining": "-"
    },
    "17070208": {
        "simulation_and_modeling": "-",
        "data_communication": "-",
        "object_oriented_software_engineering": "-",
        "embedded_systems": "F",
        "project_ii": "-",
        "mobile_computing": "-",
        "data_mining": "-"
    },
    "17070209": {
        "simulation_and_modeling": "-",
        "data_communication": "-",
        "object_oriented_software_engineering": "B+",
        "embedded_systems": "C+",
        "project_ii": "-",
        "mobile_computing": "-",
        "data_mining": "-"
    },
    "17070210": {
        "simulation_and_modeling": "F",
        "data_communication": "-",
        "object_oriented_software_engineering": "-",
        "embedded_systems": "-",
        "project_ii": "-",
        "mobile_computing": "-",
        "data_mining": "-"
    },
    "17070213": {
        "simulation_and_modeling": "C+",
        "data_communication": "-",
        "object_oriented_software_engineering": "-",
        "embedded_systems": "F",
        "project_ii": "-",
        "mobile_computing": "-",
        "data_mining": "-"
    },
    "17070218": {
        "simulation_and_modeling": "-",
        "data_communication": "Abs",
        "object_oriented_software_engineering": "Abs",
        "embedded_systems": "-",
        "project_ii": "-",
        "mobile_computing": "-",
        "data_mining": "-"
    },
    "17070220": {
        "simulation_and_modeling": "-",
        "data_communication": "B-",
        "object_oriented_software_engineering": "-",
        "embedded_systems": "-",
        "project_ii": "-",
        "mobile_computing": "-",
        "data_mining": "-"
    },
    "17070221": {
        "simulation_and_modeling": "-",
        "data_communication": "C+",
        "object_oriented_software_engineering": "-",
        "embedded_systems": "-",
        "project_ii": "-",
        "mobile_computing": "-",
        "data_mining": "-"
    },
    "17070228": {
        "simulation_and_modeling": "-",
        "data_communication": "F",
        "object_oriented_software_engineering": "-",
        "embedded_systems": "-",
        "project_ii": "-",
        "mobile_computing": "-",
        "data_mining": "-"
    },
    "17070237": {
        "simulation_and_modeling": "-",
        "data_communication": "-",
        "object_oriented_software_engineering": "-",
        "embedded_systems": "Abs",
        "project_ii": "-",
        "mobile_computing": "-",
        "data_mining": "-"
    },
    "17070240": {
        "simulation_and_modeling": "F",
        "data_communication": "-",
        "object_oriented_software_engineering": "-",
        "embedded_systems": "-",
        "project_ii": "-",
        "mobile_computing": "-",
        "data_mining": "-"
    },
    "17070242": {
        "simulation_and_modeling": "-",
        "data_communication": "-",
        "object_oriented_software_engineering": "-",
        "embedded_systems": "F",
        "project_ii": "-",
        "mobile_computing": "-",
        "data_mining": "-"
    },
    "17070243": {
        "simulation_and_modeling": "F",
        "data_communication": "-",
        "object_oriented_software_engineering": "-",
        "embedded_systems": "F",
        "project_ii": "-",
        "mobile_computing": "-",
        "data_mining": "-"
    },
    "17070244": {
        "simulation_and_modeling": "-",
        "data_communication": "F",
        "object_oriented_software_engineering": "-",
        "embedded_systems": "-",
        "project_ii": "-",
        "mobile_computing": "-",
        "data_mining": "-"
    },
    "17070245": {
        "simulation_and_modeling": "F",
        "data_communication": "F",
        "object_oriented_software_engineering": "-",
        "embedded_systems": "F",
        "project_ii": "-",
        "mobile_computing": "-",
        "data_mining": "-"
    },
    "17070246": {
        "simulation_and_modeling": "F",
        "data_communication": "-",
        "object_oriented_software_engineering": "-",
        "embedded_systems": "F",
        "project_ii": "-",
        "mobile_computing": "-",
        "data_mining": "-"
    },
    "17070247": {
        "simulation_and_modeling": "C",
        "data_communication": "-",
        "object_oriented_software_engineering": "-",
        "embedded_systems": "C",
        "project_ii": "-",
        "mobile_computing": "-",
        "data_mining": "-"
    },
    "17070250": {
        "simulation_and_modeling": "-",
        "data_communication": "-",
        "object_oriented_software_engineering": "F",
        "embedded_systems": "Abs",
        "project_ii": "-",
        "mobile_computing": "-",
        "data_mining": "-"
    },
    "17070252": {
        "simulation_and_modeling": "-",
        "data_communication": "F",
        "object_oriented_software_engineering": "-",
        "embedded_systems": "-",
        "project_ii": "-",
        "mobile_computing": "-",
        "data_mining": "-"
    },
    "17070256": {
        "simulation_and_modeling": "-",
        "data_communication": "F",
        "object_oriented_software_engineering": "-",
        "embedded_systems": "F",
        "project_ii": "-",
        "mobile_computing": "-",
        "data_mining": "-"
    },
    "17070262": {
        "simulation_and_modeling": "-",
        "data_communication": "-",
        "object_oriented_software_engineering": "F",
        "embedded_systems": "-",
        "project_ii": "-",
        "mobile_computing": "-",
        "data_mining": "-"
    },
    "17070264": {
        "simulation_and_modeling": "F",
        "data_communication": "F",
        "object_oriented_software_engineering": "B-",
        "embedded_systems": "-",
        "project_ii": "-",
        "mobile_computing": "-",
        "data_mining": "-"
    },
    "17070269": {
        "simulation_and_modeling": "-",
        "data_communication": "-",
        "object_oriented_software_engineering": "-",
        "embedded_systems": "F",
        "project_ii": "-",
        "mobile_computing": "-",
        "data_mining": "-"
    },
    "17070276": {
        "simulation_and_modeling": "-",
        "data_communication": "-",
        "object_oriented_software_engineering": "-",
        "embedded_systems": "F",
        "project_ii": "-",
        "mobile_computing": "-",
        "data_mining": "-"
    },
    "17070277": {
        "simulation_and_modeling": "-",
        "data_communication": "F",
        "object_oriented_software_engineering": "-",
        "embedded_systems": "-",
        "project_ii": "-",
        "mobile_computing": "-",
        "data_mining": "-"
    },
    "17070290": {
        "simulation_and_modeling": "-",
        "data_communication": "-",
        "object_oriented_software_engineering": "F",
        "embedded_systems": "-",
        "project_ii": "-",
        "mobile_computing": "-",
        "data_mining": "-"
    },
    "17070291": {
        "simulation_and_modeling": "-",
        "data_communication": "-",
        "object_oriented_software_engineering": "-",
        "embedded_systems": "F",
        "project_ii": "-",
        "mobile_computing": "-",
        "data_mining": "-"
    },
    "17070298": {
        "simulation_and_modeling": "Abs",
        "data_communication": "-",
        "object_oriented_software_engineering": "F",
        "embedded_systems": "F",
        "project_ii": "-",
        "mobile_computing": "-",
        "data_mining": "-"
    },
    "17070299": {
        "simulation_and_modeling": "F",
        "data_communication": "-",
        "object_oriented_software_engineering": "-",
        "embedded_systems": "C",
        "project_ii": "-",
        "mobile_computing": "-",
        "data_mining": "-"
    },
    "17070308": {
        "simulation_and_modeling": "-",
        "data_communication": "-",
        "object_oriented_software_engineering": "C",
        "embedded_systems": "-",
        "project_ii": "-",
        "mobile_computing": "-",
        "data_mining": "-"
    },
    "17070314": {
        "simulation_and_modeling": "-",
        "data_communication": "-",
        "object_oriented_software_engineering": "C-",
        "embedded_systems": "-",
        "project_ii": "-",
        "mobile_computing": "-",
        "data_mining": "-"
    },
    "17070316": {
        "simulation_and_modeling": "Abs",
        "data_communication": "-",
        "object_oriented_software_engineering": "-",
        "embedded_systems": "-",
        "project_ii": "-",
        "mobile_computing": "-",
        "data_mining": "-"
    },
    "17070317": {
        "simulation_and_modeling": "Abs",
        "data_communication": "-",
        "object_oriented_software_engineering": "-",
        "embedded_systems": "-",
        "project_ii": "-",
        "mobile_computing": "-",
        "data_mining": "-"
    },
    "17070318": {
        "simulation_and_modeling": "Abs",
        "data_communication": "-",
        "object_oriented_software_engineering": "-",
        "embedded_systems": "-",
        "project_ii": "-",
        "mobile_computing": "-",
        "data_mining": "-"
    },
    "17070320": {
        "simulation_and_modeling": "F",
        "data_communication": "A",
        "object_oriented_software_engineering": "-",
        "embedded_systems": "B-",
        "project_ii": "-",
        "mobile_computing": "-",
        "data_mining": "-"
    },
    "17070321": {
        "simulation_and_modeling": "Abs",
        "data_communication": "-",
        "object_oriented_software_engineering": "-",
        "embedded_systems": "-",
        "project_ii": "-",
        "mobile_computing": "-",
        "data_mining": "-"
    },
    "17070325": {
        "simulation_and_modeling": "F",
        "data_communication": "F",
        "object_oriented_software_engineering": "-",
        "embedded_systems": "-",
        "project_ii": "-",
        "mobile_computing": "-",
        "data_mining": "-"
    },
    "17070326": {
        "simulation_and_modeling": "F",
        "data_communication": "-",
        "object_oriented_software_engineering": "A-",
        "embedded_systems": "-",
        "project_ii": "-",
        "mobile_computing": "-",
        "data_mining": "-"
    },
    "17070327": {
        "simulation_and_modeling": "Abs",
        "data_communication": "-",
        "object_oriented_software_engineering": "-",
        "embedded_systems": "-",
        "project_ii": "-",
        "mobile_computing": "-",
        "data_mining": "-"
    },
    "17070328": {
        "simulation_and_modeling": "-",
        "data_communication": "-",
        "object_oriented_software_engineering": "Abs",
        "embedded_systems": "-",
        "project_ii": "-",
        "mobile_computing": "-",
        "data_mining": "-"
    },
    "17070329": {
        "simulation_and_modeling": "-",
        "data_communication": "-",
        "object_oriented_software_engineering": "B",
        "embedded_systems": "-",
        "project_ii": "-",
        "mobile_computing": "-",
        "data_mining": "-"
    },
    "17070332": {
        "simulation_and_modeling": "-",
        "data_communication": "F",
        "object_oriented_software_engineering": "-",
        "embedded_systems": "-",
        "project_ii": "-",
        "mobile_computing": "-",
        "data_mining": "-"
    },
    "17070333": {
        "simulation_and_modeling": "Abs",
        "data_communication": "-",
        "object_oriented_software_engineering": "B+",
        "embedded_systems": "-",
        "project_ii": "-",
        "mobile_computing": "-",
        "data_mining": "-"
    },
    "17070336": {
        "simulation_and_modeling": "-",
        "data_communication": "-",
        "object_oriented_software_engineering": "-",
        "embedded_systems": "C",
        "project_ii": "-",
        "mobile_computing": "-",
        "data_mining": "-"
    },
    "17070337": {
        "simulation_and_modeling": "C-",
        "data_communication": "C",
        "object_oriented_software_engineering": "-",
        "embedded_systems": "-",
        "project_ii": "-",
        "mobile_computing": "-",
        "data_mining": "-"
    },
    "17070340": {
        "simulation_and_modeling": "F",
        "data_communication": "C+",
        "object_oriented_software_engineering": "-",
        "embedded_systems": "-",
        "project_ii": "-",
        "mobile_computing": "-",
        "data_mining": "-"
    },
    "17070348": {
        "simulation_and_modeling": "-",
        "data_communication": "Abs",
        "object_oriented_software_engineering": "-",
        "embedded_systems": "-",
        "project_ii": "-",
        "mobile_computing": "-",
        "data_mining": "-"
    },
    "17070349": {
        "simulation_and_modeling": "C",
        "data_communication": "-",
        "object_oriented_software_engineering": "A",
        "embedded_systems": "-",
        "project_ii": "-",
        "mobile_computing": "-",
        "data_mining": "-"
    },
    "17070350": {
        "simulation_and_modeling": "-",
        "data_communication": "-",
        "object_oriented_software_engineering": "F",
        "embedded_systems": "-",
        "project_ii": "-",
        "mobile_computing": "-",
        "data_mining": "-"
    },
    "17070351": {
        "simulation_and_modeling": "Abs",
        "data_communication": "-",
        "object_oriented_software_engineering": "Abs",
        "embedded_systems": "-",
        "project_ii": "-",
        "mobile_computing": "-",
        "data_mining": "-"
    },
    "17070352": {
        "simulation_and_modeling": "B",
        "data_communication": "-",
        "object_oriented_software_engineering": "-",
        "embedded_systems": "-",
        "project_ii": "-",
        "mobile_computing": "-",
        "data_mining": "-"
    },
    "17070353": {
        "simulation_and_modeling": "-",
        "data_communication": "-",
        "object_oriented_software_engineering": "C+",
        "embedded_systems": "-",
        "project_ii": "-",
        "mobile_computing": "-",
        "data_mining": "-"
    },
    "17070354": {
        "simulation_and_modeling": "C-",
        "data_communication": "-",
        "object_oriented_software_engineering": "-",
        "embedded_systems": "-",
        "project_ii": "-",
        "mobile_computing": "-",
        "data_mining": "-"
    },
    "17070358": {
        "simulation_and_modeling": "Abs",
        "data_communication": "-",
        "object_oriented_software_engineering": "-",
        "embedded_systems": "Abs",
        "project_ii": "-",
        "mobile_computing": "-",
        "data_mining": "-"
    },
    "17070361": {
        "simulation_and_modeling": "-",
        "data_communication": "B-",
        "object_oriented_software_engineering": "-",
        "embedded_systems": "-",
        "project_ii": "-",
        "mobile_computing": "-",
        "data_mining": "-"
    },
    "17070367": {
        "simulation_and_modeling": "-",
        "data_communication": "-",
        "object_oriented_software_engineering": "F",
        "embedded_systems": "-",
        "project_ii": "-",
        "mobile_computing": "-",
        "data_mining": "-"
    },
    "17070373": {
        "simulation_and_modeling": "-",
        "data_communication": "-",
        "object_oriented_software_engineering": "-",
        "embedded_systems": "Abs",
        "project_ii": "-",
        "mobile_computing": "-",
        "data_mining": "-"
    },
    "17070375": {
        "simulation_and_modeling": "-",
        "data_communication": "-",
        "object_oriented_software_engineering": "-",
        "embedded_systems": "Abs",
        "project_ii": "-",
        "mobile_computing": "-",
        "data_mining": "-"
    },
    "17070380": {
        "simulation_and_modeling": "F",
        "data_communication": "-",
        "object_oriented_software_engineering": "-",
        "embedded_systems": "-",
        "project_ii": "-",
        "mobile_computing": "-",
        "data_mining": "-"
    },
    "17070387": {
        "simulation_and_modeling": "-",
        "data_communication": "-",
        "object_oriented_software_engineering": "-",
        "embedded_systems": "F",
        "project_ii": "-",
        "mobile_computing": "-",
        "data_mining": "-"
    },
    "17070391": {
        "simulation_and_modeling": "C",
        "data_communication": "-",
        "object_oriented_software_engineering": "-",
        "embedded_systems": "-",
        "project_ii": "-",
        "mobile_computing": "-",
        "data_mining": "-"
    },
    "17070396": {
        "simulation_and_modeling": "-",
        "data_communication": "-",
        "object_oriented_software_engineering": "-",
        "embedded_systems": "F",
        "project_ii": "-",
        "mobile_computing": "-",
        "data_mining": "-"
    },
    "17070397": {
        "simulation_and_modeling": "F",
        "data_communication": "-",
        "object_oriented_software_engineering": "-",
        "embedded_systems": "-",
        "project_ii": "-",
        "mobile_computing": "-",
        "data_mining": "-"
    },
    "17070402": {
        "simulation_and_modeling": "-",
        "data_communication": "A",
        "object_oriented_software_engineering": "B+",
        "embedded_systems": "-",
        "project_ii": "-",
        "mobile_computing": "-",
        "data_mining": "-"
    },
    "17070404": {
        "simulation_and_modeling": "-",
        "data_communication": "-",
        "object_oriented_software_engineering": "-",
        "embedded_systems": "Abs",
        "project_ii": "-",
        "mobile_computing": "-",
        "data_mining": "-"
    },
    "17070406": {
        "simulation_and_modeling": "-",
        "data_communication": "-",
        "object_oriented_software_engineering": "D+",
        "embedded_systems": "-",
        "project_ii": "-",
        "mobile_computing": "-",
        "data_mining": "-"
    },
    "17070407": {
        "simulation_and_modeling": "F",
        "data_communication": "-",
        "object_oriented_software_engineering": "-",
        "embedded_systems": "-",
        "project_ii": "-",
        "mobile_computing": "-",
        "data_mining": "-"
    },
    "17070409": {
        "simulation_and_modeling": "-",
        "data_communication": "-",
        "object_oriented_software_engineering": "-",
        "embedded_systems": "C",
        "project_ii": "-",
        "mobile_computing": "-",
        "data_mining": "-"
    },
    "18070016": {
        "simulation_and_modeling": "-",
        "data_communication": "A-",
        "object_oriented_software_engineering": "-",
        "embedded_systems": "-",
        "project_ii": "-",
        "mobile_computing": "-",
        "data_mining": "-"
    },
    "18070047": {
        "simulation_and_modeling": "-",
        "data_communication": "-",
        "object_oriented_software_engineering": "-",
        "embedded_systems": "-",
        "project_ii": "A-",
        "mobile_computing": "-",
        "data_mining": "-"
    },
    "18070053": {
        "simulation_and_modeling": "-",
        "data_communication": "-",
        "object_oriented_software_engineering": "-",
        "embedded_systems": "-",
        "project_ii": "A-",
        "mobile_computing": "-",
        "data_mining": "-"
    },
    "18070066": {
        "simulation_and_modeling": "-",
        "data_communication": "-",
        "object_oriented_software_engineering": "-",
        "embedded_systems": "-",
        "project_ii": "A-",
        "mobile_computing": "-",
        "data_mining": "-"
    },
    "18070141": {
        "simulation_and_modeling": "-",
        "data_communication": "-",
        "object_oriented_software_engineering": "-",
        "embedded_systems": "F",
        "project_ii": "-",
        "mobile_computing": "-",
        "data_mining": "-"
    },
    "18070150": {
        "simulation_and_modeling": "-",
        "data_communication": "-",
        "object_oriented_software_engineering": "-",
        "embedded_systems": "F",
        "project_ii": "-",
        "mobile_computing": "-",
        "data_mining": "-"
    },
    "18070241": {
        "simulation_and_modeling": "-",
        "data_communication": "-",
        "object_oriented_software_engineering": "-",
        "embedded_systems": "-",
        "project_ii": "-",
        "mobile_computing": "-",
        "data_mining": "A"
    },
    "18070251": {
        "simulation_and_modeling": "-",
        "data_communication": "C+",
        "object_oriented_software_engineering": "-",
        "embedded_systems": "-",
        "project_ii": "-",
        "mobile_computing": "-",
        "data_mining": "B"
    },
    "18070261": {
        "simulation_and_modeling": "-",
        "data_communication": "F",
        "object_oriented_software_engineering": "-",
        "embedded_systems": "-",
        "project_ii": "-",
        "mobile_computing": "-",
        "data_mining": "-"
    },
    "18070272": {
        "simulation_and_modeling": "-",
        "data_communication": "Abs",
        "object_oriented_software_engineering": "-",
        "embedded_systems": "-",
        "project_ii": "-",
        "mobile_computing": "-",
        "data_mining": "-"
    },
    "18070274": {
        "simulation_and_modeling": "-",
        "data_communication": "B-",
        "object_oriented_software_engineering": "-",
        "embedded_systems": "-",
        "project_ii": "-",
        "mobile_computing": "-",
        "data_mining": "-"
    },
    "18070308": {
        "simulation_and_modeling": "-",
        "data_communication": "Abs",
        "object_oriented_software_engineering": "-",
        "embedded_systems": "-",
        "project_ii": "-",
        "mobile_computing": "-",
        "data_mining": "-"
    },
    "18070344": {
        "simulation_and_modeling": "-",
        "data_communication": "-",
        "object_oriented_software_engineering": "-",
        "embedded_systems": "A-",
        "project_ii": "-",
        "mobile_computing": "-",
        "data_mining": "-"
    },
    "18070367": {
        "simulation_and_modeling": "-",
        "data_communication": "-",
        "object_oriented_software_engineering": "-",
        "embedded_systems": "B+",
        "project_ii": "-",
        "mobile_computing": "-",
        "data_mining": "-"
    },
    "18070381": {
        "simulation_and_modeling": "-",
        "data_communication": "-",
        "object_oriented_software_engineering": "Abs",
        "embedded_systems": "-",
        "project_ii": "-",
        "mobile_computing": "-",
        "data_mining": "-"
    },
    "18070467": {
        "simulation_and_modeling": "-",
        "data_communication": "-",
        "object_oriented_software_engineering": "Abs",
        "embedded_systems": "-",
        "project_ii": "-",
        "mobile_computing": "-",
        "data_mining": "-"
    },
    "18070469": {
        "simulation_and_modeling": "A",
        "data_communication": "A",
        "object_oriented_software_engineering": "A",
        "embedded_systems": "B+",
        "project_ii": "-",
        "mobile_computing": "-",
        "data_mining": "-"
    }
}