{
    "nan": {
        "digital_signal_analysis_and_processing": "-",
        "social_and_professional_issues_in_it": "-",
        "organization_and_management": "-",
        "information_systems": "-",
        "project_iii": "-",
        "cloud_computing": "-"
    },
    "15070004": {
        "digital_signal_analysis_and_processing": "Abs",
        "social_and_professional_issues_in_it": "-",
        "organization_and_management": "-",
        "information_systems": "-",
        "project_iii": "-",
        "cloud_computing": "-"
    },
    "15070010": {
        "digital_signal_analysis_and_processing": "-",
        "social_and_professional_issues_in_it": "F",
        "organization_and_management": "Abs",
        "information_systems": "-",
        "project_iii": "-",
        "cloud_computing": "-"
    },
    "15070068": {
        "digital_signal_analysis_and_processing": "Abs",
        "social_and_professional_issues_in_it": "-",
        "organization_and_management": "-",
        "information_systems": "-",
        "project_iii": "-",
        "cloud_computing": "-"
    },
    "15070077": {
        "digital_signal_analysis_and_processing": "Abs",
        "social_and_professional_issues_in_it": "-",
        "organization_and_management": "-",
        "information_systems": "-",
        "project_iii": "-",
        "cloud_computing": "-"
    },
    "15070080": {
        "digital_signal_analysis_and_processing": "F",
        "social_and_professional_issues_in_it": "-",
        "organization_and_management": "-",
        "information_systems": "-",
        "project_iii": "-",
        "cloud_computing": "-"
    },
    "15070081": {
        "digital_signal_analysis_and_processing": "F",
        "social_and_professional_issues_in_it": "-",
        "organization_and_management": "-",
        "information_systems": "-",
        "project_iii": "-",
        "cloud_computing": "-"
    },
    "15070094": {
        "digital_signal_analysis_and_processing": "C+",
        "social_and_professional_issues_in_it": "-",
        "organization_and_management": "-",
        "information_systems": "-",
        "project_iii": "-",
        "cloud_computing": "-"
    },
    "15070131": {
        "digital_signal_analysis_and_processing": "F",
        "social_and_professional_issues_in_it": "-",
        "organization_and_management": "-",
        "information_systems": "-",
        "project_iii": "-",
        "cloud_computing": "-"
    },
    "15070157": {
        "digital_signal_analysis_and_processing": "F",
        "social_and_professional_issues_in_it": "-",
        "organization_and_management": "-",
        "information_systems": "-",
        "project_iii": "-",
        "cloud_computing": "-"
    },
    "15070177": {
        "digital_signal_analysis_and_processing": "A",
        "social_and_professional_issues_in_it": "-",
        "organization_and_management": "-",
        "information_systems": "-",
        "project_iii": "-",
        "cloud_computing": "-"
    },
    "15070225": {
        "digital_signal_analysis_and_processing": "C+",
        "social_and_professional_issues_in_it": "-",
        "organization_and_management": "-",
        "information_systems": "-",
        "project_iii": "-",
        "cloud_computing": "-"
    },
    "15070241": {
        "digital_signal_analysis_and_processing": "F",
        "social_and_professional_issues_in_it": "-",
        "organization_and_management": "-",
        "information_systems": "-",
        "project_iii": "-",
        "cloud_computing": "-"
    },
    "15070272": {
        "digital_signal_analysis_and_processing": "F",
        "social_and_professional_issues_in_it": "-",
        "organization_and_management": "-",
        "information_systems": "-",
        "project_iii": "-",
        "cloud_computing": "-"
    },
    "15070282": {
        "digital_signal_analysis_and_processing": "-",
        "social_and_professional_issues_in_it": "-",
        "organization_and_management": "-",
        "information_systems": "F",
        "project_iii": "-",
        "cloud_computing": "-"
    },
    "15110098": {
        "digital_signal_analysis_and_processing": "B-",
        "social_and_professional_issues_in_it": "-",
        "organization_and_management": "-",
        "information_systems": "-",
        "project_iii": "-",
        "cloud_computing": "-"
    },
    "16070005": {
        "digital_signal_analysis_and_processing": "-",
        "social_and_professional_issues_in_it": "-",
        "organization_and_management": "C",
        "information_systems": "-",
        "project_iii": "-",
        "cloud_computing": "-"
    },
    "16070008": {
        "digital_signal_analysis_and_processing": "F",
        "social_and_professional_issues_in_it": "-",
        "organization_and_management": "-",
        "information_systems": "-",
        "project_iii": "-",
        "cloud_computing": "-"
    },
    "16070014": {
        "digital_signal_analysis_and_processing": "F",
        "social_and_professional_issues_in_it": "-",
        "organization_and_management": "-",
        "information_systems": "C+",
        "project_iii": "-",
        "cloud_computing": "-"
    },
    "16070016": {
        "digital_signal_analysis_and_processing": "-",
        "social_and_professional_issues_in_it": "-",
        "organization_and_management": "-",
        "information_systems": "F",
        "project_iii": "-",
        "cloud_computing": "-"
    },
    "16070019": {
        "digital_signal_analysis_and_processing": "F",
        "social_and_professional_issues_in_it": "-",
        "organization_and_management": "B-",
        "information_systems": "-",
        "project_iii": "-",
        "cloud_computing": "-"
    },
    "16070023": {
        "digital_signal_analysis_and_processing": "F",
        "social_and_professional_issues_in_it": "-",
        "organization_and_management": "-",
        "information_systems": "-",
        "project_iii": "-",
        "cloud_computing": "-"
    },
    "16070032": {
        "digital_signal_analysis_and_processing": "F",
        "social_and_professional_issues_in_it": "-",
        "organization_and_management": "-",
        "information_systems": "-",
        "project_iii": "-",
        "cloud_computing": "-"
    },
    "16070036": {
        "digital_signal_analysis_and_processing": "-",
        "social_and_professional_issues_in_it": "-",
        "organization_and_management": "-",
        "information_systems": "F",
        "project_iii": "-",
        "cloud_computing": "-"
    },
    "16070037": {
        "digital_signal_analysis_and_processing": "-",
        "social_and_professional_issues_in_it": "-",
        "organization_and_management": "-",
        "information_systems": "Abs",
        "project_iii": "-",
        "cloud_computing": "-"
    },
    "16070189": {
        "digital_signal_analysis_and_processing": "-",
        "social_and_professional_issues_in_it": "-",
        "organization_and_management": "-",
        "information_systems": "Abs",
        "project_iii": "-",
        "cloud_computing": "-"
    },
    "16070206": {
        "digital_signal_analysis_and_processing": "F",
        "social_and_professional_issues_in_it": "-",
        "organization_and_management": "-",
        "information_systems": "-",
        "project_iii": "-",
        "cloud_computing": "-"
    },
    "16070235": {
        "digital_signal_analysis_and_processing": "-",
        "social_and_professional_issues_in_it": "B",
        "organization_and_management": "C",
        "information_systems": "Abs",
        "project_iii": "-",
        "cloud_computing": "-"
    },
    "16070255": {
        "digital_signal_analysis_and_processing": "C+",
        "social_and_professional_issues_in_it": "-",
        "organization_and_management": "-",
        "information_systems": "-",
        "project_iii": "-",
        "cloud_computing": "-"
    },
    "16070262": {
        "digital_signal_analysis_and_processing": "Abs",
        "social_and_professional_issues_in_it": "-",
        "organization_and_management": "-",
        "information_systems": "-",
        "project_iii": "-",
        "cloud_computing": "-"
    },
    "16070287": {
        "digital_signal_analysis_and_processing": "B-",
        "social_and_professional_issues_in_it": "-",
        "organization_and_management": "-",
        "information_systems": "-",
        "project_iii": "-",
        "cloud_computing": "-"
    },
    "16070313": {
        "digital_signal_analysis_and_processing": "F",
        "social_and_professional_issues_in_it": "-",
        "organization_and_management": "-",
        "information_systems": "-",
        "project_iii": "-",
        "cloud_computing": "-"
    },
    "16070317": {
        "digital_signal_analysis_and_processing": "-",
        "social_and_professional_issues_in_it": "-",
        "organization_and_management": "C",
        "information_systems": "-",
        "project_iii": "-",
        "cloud_computing": "-"
    },
    "16070330": {
        "digital_signal_analysis_and_processing": "Abs",
        "social_and_professional_issues_in_it": "-",
        "organization_and_management": "-",
        "information_systems": "-",
        "project_iii": "-",
        "cloud_computing": "-"
    },
    "16070332": {
        "digital_signal_analysis_and_processing": "Abs",
        "social_and_professional_issues_in_it": "-",
        "organization_and_management": "-",
        "information_systems": "-",
        "project_iii": "-",
        "cloud_computing": "-"
    },
    "16070335": {
        "digital_signal_analysis_and_processing": "F",
        "social_and_professional_issues_in_it": "C-",
        "organization_and_management": "-",
        "information_systems": "-",
        "project_iii": "-",
        "cloud_computing": "-"
    },
    "16110055": {
        "digital_signal_analysis_and_processing": "F",
        "social_and_professional_issues_in_it": "-",
        "organization_and_management": "-",
        "information_systems": "-",
        "project_iii": "-",
        "cloud_computing": "-"
    },
    "17070013": {
        "digital_signal_analysis_and_processing": "-",
        "social_and_professional_issues_in_it": "-",
        "organization_and_management": "-",
        "information_systems": "C",
        "project_iii": "-",
        "cloud_computing": "-"
    },
    "17070191": {
        "digital_signal_analysis_and_processing": "F",
        "social_and_professional_issues_in_it": "-",
        "organization_and_management": "-",
        "information_systems": "-",
        "project_iii": "-",
        "cloud_computing": "-"
    },
    "17070207": {
        "digital_signal_analysis_and_processing": "F",
        "social_and_professional_issues_in_it": "-",
        "organization_and_management": "F",
        "information_systems": "F",
        "project_iii": "-",
        "cloud_computing": "-"
    },
    "17070228": {
        "digital_signal_analysis_and_processing": "-",
        "social_and_professional_issues_in_it": "-",
        "organization_and_management": "-",
        "information_systems": "F",
        "project_iii": "-",
        "cloud_computing": "-"
    },
    "17070357": {
        "digital_signal_analysis_and_processing": "Abs",
        "social_and_professional_issues_in_it": "-",
        "organization_and_management": "-",
        "information_systems": "-",
        "project_iii": "-",
        "cloud_computing": "-"
    },
    "17070367": {
        "digital_signal_analysis_and_processing": "F",
        "social_and_professional_issues_in_it": "-",
        "organization_and_management": "-",
        "information_systems": "-",
        "project_iii": "-",
        "cloud_computing": "-"
    },
    "17070387": {
        "digital_signal_analysis_and_processing": "F",
        "social_and_professional_issues_in_it": "-",
        "organization_and_management": "-",
        "information_systems": "-",
        "project_iii": "-",
        "cloud_computing": "-"
    },
    "17070396": {
        "digital_signal_analysis_and_processing": "Abs",
        "social_and_professional_issues_in_it": "-",
        "organization_and_management": "-",
        "information_systems": "-",
        "project_iii": "-",
        "cloud_computing": "-"
    },
    "17070404": {
        "digital_signal_analysis_and_processing": "F",
        "social_and_professional_issues_in_it": "-",
        "organization_and_management": "-",
        "information_systems": "-",
        "project_iii": "-",
        "cloud_computing": "-"
    },
    "17070407": {
        "digital_signal_analysis_and_processing": "F",
        "social_and_professional_issues_in_it": "-",
        "organization_and_management": "-",
        "information_systems": "-",
        "project_iii": "-",
        "cloud_computing": "-"
    },
    "18040427": {
        "digital_signal_analysis_and_processing": "-",
        "social_and_professional_issues_in_it": "F",
        "organization_and_management": "F",
        "information_systems": "Expelled",
        "project_iii": "-",
        "cloud_computing": "-"
    },
    "18070004": {
        "digital_signal_analysis_and_processing": "Abs",
        "social_and_professional_issues_in_it": "-",
        "organization_and_management": "-",
        "information_systems": "-",
        "project_iii": "-",
        "cloud_computing": "-"
    },
    "18070005": {
        "digital_signal_analysis_and_processing": "A",
        "social_and_professional_issues_in_it": "-",
        "organization_and_management": "-",
        "information_systems": "-",
        "project_iii": "-",
        "cloud_computing": "-"
    },
    "18070008": {
        "digital_signal_analysis_and_processing": "F",
        "social_and_professional_issues_in_it": "-",
        "organization_and_management": "-",
        "information_systems": "-",
        "project_iii": "-",
        "cloud_computing": "-"
    },
    "18070010": {
        "digital_signal_analysis_and_processing": "-",
        "social_and_professional_issues_in_it": "-",
        "organization_and_management": "D+",
        "information_systems": "-",
        "project_iii": "-",
        "cloud_computing": "-"
    },
    "18070011": {
        "digital_signal_analysis_and_processing": "B+",
        "social_and_professional_issues_in_it": "-",
        "organization_and_management": "-",
        "information_systems": "-",
        "project_iii": "-",
        "cloud_computing": "-"
    },
    "18070018": {
        "digital_signal_analysis_and_processing": "Abs",
        "social_and_professional_issues_in_it": "-",
        "organization_and_management": "-",
        "information_systems": "-",
        "project_iii": "-",
        "cloud_computing": "-"
    },
    "18070023": {
        "digital_signal_analysis_and_processing": "Abs",
        "social_and_professional_issues_in_it": "-",
        "organization_and_management": "-",
        "information_systems": "-",
        "project_iii": "-",
        "cloud_computing": "-"
    },
    "18070025": {
        "digital_signal_analysis_and_processing": "F",
        "social_and_professional_issues_in_it": "-",
        "organization_and_management": "-",
        "information_systems": "-",
        "project_iii": "-",
        "cloud_computing": "-"
    },
    "18070029": {
        "digital_signal_analysis_and_processing": "-",
        "social_and_professional_issues_in_it": "-",
        "organization_and_management": "-",
        "information_systems": "Abs",
        "project_iii": "-",
        "cloud_computing": "-"
    },
    "18070030": {
        "digital_signal_analysis_and_processing": "F",
        "social_and_professional_issues_in_it": "-",
        "organization_and_management": "-",
        "information_systems": "-",
        "project_iii": "-",
        "cloud_computing": "-"
    },
    "18070035": {
        "digital_signal_analysis_and_processing": "B",
        "social_and_professional_issues_in_it": "-",
        "organization_and_management": "-",
        "information_systems": "-",
        "project_iii": "-",
        "cloud_computing": "-"
    },
    "18070040": {
        "digital_signal_analysis_and_processing": "C",
        "social_and_professional_issues_in_it": "-",
        "organization_and_management": "-",
        "information_systems": "-",
        "project_iii": "-",
        "cloud_computing": "-"
    },
    "18070043": {
        "digital_signal_analysis_and_processing": "C",
        "social_and_professional_issues_in_it": "-",
        "organization_and_management": "-",
        "information_systems": "-",
        "project_iii": "-",
        "cloud_computing": "-"
    },
    "18070044": {
        "digital_signal_analysis_and_processing": "F",
        "social_and_professional_issues_in_it": "-",
        "organization_and_management": "-",
        "information_systems": "-",
        "project_iii": "-",
        "cloud_computing": "-"
    },
    "18070046": {
        "digital_signal_analysis_and_processing": "Abs",
        "social_and_professional_issues_in_it": "-",
        "organization_and_management": "-",
        "information_systems": "-",
        "project_iii": "-",
        "cloud_computing": "-"
    },
    "18070047": {
        "digital_signal_analysis_and_processing": "A",
        "social_and_professional_issues_in_it": "-",
        "organization_and_management": "-",
        "information_systems": "-",
        "project_iii": "A",
        "cloud_computing": "-"
    },
    "18070053": {
        "digital_signal_analysis_and_processing": "-",
        "social_and_professional_issues_in_it": "-",
        "organization_and_management": "-",
        "information_systems": "-",
        "project_iii": "B",
        "cloud_computing": "-"
    },
    "18070056": {
        "digital_signal_analysis_and_processing": "F",
        "social_and_professional_issues_in_it": "-",
        "organization_and_management": "-",
        "information_systems": "-",
        "project_iii": "-",
        "cloud_computing": "-"
    },
    "18070065": {
        "digital_signal_analysis_and_processing": "D+",
        "social_and_professional_issues_in_it": "-",
        "organization_and_management": "-",
        "information_systems": "-",
        "project_iii": "-",
        "cloud_computing": "-"
    },
    "18070066": {
        "digital_signal_analysis_and_processing": "A-",
        "social_and_professional_issues_in_it": "-",
        "organization_and_management": "-",
        "information_systems": "-",
        "project_iii": "B+",
        "cloud_computing": "-"
    },
    "18070073": {
        "digital_signal_analysis_and_processing": "F",
        "social_and_professional_issues_in_it": "-",
        "organization_and_management": "-",
        "information_systems": "-",
        "project_iii": "-",
        "cloud_computing": "-"
    },
    "18070079": {
        "digital_signal_analysis_and_processing": "F",
        "social_and_professional_issues_in_it": "-",
        "organization_and_management": "-",
        "information_systems": "-",
        "project_iii": "-",
        "cloud_computing": "-"
    },
    "18070084": {
        "digital_signal_analysis_and_processing": "Abs",
        "social_and_professional_issues_in_it": "-",
        "organization_and_management": "-",
        "information_systems": "-",
        "project_iii": "-",
        "cloud_computing": "-"
    },
    "18070089": {
        "digital_signal_analysis_and_processing": "F",
        "social_and_professional_issues_in_it": "-",
        "organization_and_management": "-",
        "information_systems": "-",
        "project_iii": "-",
        "cloud_computing": "-"
    },
    "18070090": {
        "digital_signal_analysis_and_processing": "-",
        "social_and_professional_issues_in_it": "-",
        "organization_and_management": "C",
        "information_systems": "F",
        "project_iii": "-",
        "cloud_computing": "-"
    },
    "18070092": {
        "digital_signal_analysis_and_processing": "F",
        "social_and_professional_issues_in_it": "-",
        "organization_and_management": "-",
        "information_systems": "-",
        "project_iii": "-",
        "cloud_computing": "-"
    },
    "18070094": {
        "digital_signal_analysis_and_processing": "B-",
        "social_and_professional_issues_in_it": "-",
        "organization_and_management": "-",
        "information_systems": "-",
        "project_iii": "-",
        "cloud_computing": "-"
    },
    "18070096": {
        "digital_signal_analysis_and_processing": "F",
        "social_and_professional_issues_in_it": "-",
        "organization_and_management": "-",
        "information_systems": "-",
        "project_iii": "-",
        "cloud_computing": "-"
    },
    "18070098": {
        "digital_signal_analysis_and_processing": "B-",
        "social_and_professional_issues_in_it": "-",
        "organization_and_management": "-",
        "information_systems": "-",
        "project_iii": "-",
        "cloud_computing": "-"
    },
    "18070101": {
        "digital_signal_analysis_and_processing": "C+",
        "social_and_professional_issues_in_it": "-",
        "organization_and_management": "-",
        "information_systems": "-",
        "project_iii": "-",
        "cloud_computing": "-"
    },
    "18070104": {
        "digital_signal_analysis_and_processing": "-",
        "social_and_professional_issues_in_it": "-",
        "organization_and_management": "F",
        "information_systems": "-",
        "project_iii": "-",
        "cloud_computing": "-"
    },
    "18070107": {
        "digital_signal_analysis_and_processing": "-",
        "social_and_professional_issues_in_it": "-",
        "organization_and_management": "-",
        "information_systems": "Abs",
        "project_iii": "-",
        "cloud_computing": "-"
    },
    "18070120": {
        "digital_signal_analysis_and_processing": "-",
        "social_and_professional_issues_in_it": "Abs",
        "organization_and_management": "Abs",
        "information_systems": "-",
        "project_iii": "-",
        "cloud_computing": "-"
    },
    "18070122": {
        "digital_signal_analysis_and_processing": "Abs",
        "social_and_professional_issues_in_it": "-",
        "organization_and_management": "-",
        "information_systems": "Abs",
        "project_iii": "-",
        "cloud_computing": "-"
    },
    "18070123": {
        "digital_signal_analysis_and_processing": "F",
        "social_and_professional_issues_in_it": "-",
        "organization_and_management": "-",
        "information_systems": "-",
        "project_iii": "-",
        "cloud_computing": "-"
    },
    "18070125": {
        "digital_signal_analysis_and_processing": "F",
        "social_and_professional_issues_in_it": "-",
        "organization_and_management": "-",
        "information_systems": "-",
        "project_iii": "-",
        "cloud_computing": "-"
    },
    "18070127": {
        "digital_signal_analysis_and_processing": "-",
        "social_and_professional_issues_in_it": "-",
        "organization_and_management": "C-",
        "information_systems": "Expelled",
        "project_iii": "-",
        "cloud_computing": "-"
    },
    "18070136": {
        "digital_signal_analysis_and_processing": "B+",
        "social_and_professional_issues_in_it": "-",
        "organization_and_management": "-",
        "information_systems": "-",
        "project_iii": "-",
        "cloud_computing": "-"
    },
    "18070139": {
        "digital_signal_analysis_and_processing": "F",
        "social_and_professional_issues_in_it": "-",
        "organization_and_management": "-",
        "information_systems": "-",
        "project_iii": "-",
        "cloud_computing": "-"
    },
    "18070142": {
        "digital_signal_analysis_and_processing": "F",
        "social_and_professional_issues_in_it": "-",
        "organization_and_management": "-",
        "information_systems": "-",
        "project_iii": "-",
        "cloud_computing": "-"
    },
    "18070143": {
        "digital_signal_analysis_and_processing": "F",
        "social_and_professional_issues_in_it": "-",
        "organization_and_management": "-",
        "information_systems": "-",
        "project_iii": "-",
        "cloud_computing": "-"
    },
    "18070145": {
        "digital_signal_analysis_and_processing": "F",
        "social_and_professional_issues_in_it": "-",
        "organization_and_management": "F",
        "information_systems": "-",
        "project_iii": "-",
        "cloud_computing": "-"
    },
    "18070146": {
        "digital_signal_analysis_and_processing": "F",
        "social_and_professional_issues_in_it": "-",
        "organization_and_management": "-",
        "information_systems": "-",
        "project_iii": "-",
        "cloud_computing": "-"
    },
    "18070149": {
        "digital_signal_analysis_and_processing": "Abs",
        "social_and_professional_issues_in_it": "-",
        "organization_and_management": "-",
        "information_systems": "-",
        "project_iii": "-",
        "cloud_computing": "-"
    },
    "18070150": {
        "digital_signal_analysis_and_processing": "-",
        "social_and_professional_issues_in_it": "-",
        "organization_and_management": "C-",
        "information_systems": "-",
        "project_iii": "-",
        "cloud_computing": "-"
    },
    "18070153": {
        "digital_signal_analysis_and_processing": "F",
        "social_and_professional_issues_in_it": "-",
        "organization_and_management": "-",
        "information_systems": "-",
        "project_iii": "-",
        "cloud_computing": "-"
    },
    "18070154": {
        "digital_signal_analysis_and_processing": "-",
        "social_and_professional_issues_in_it": "-",
        "organization_and_management": "-",
        "information_systems": "Abs",
        "project_iii": "-",
        "cloud_computing": "-"
    },
    "18070156": {
        "digital_signal_analysis_and_processing": "Abs",
        "social_and_professional_issues_in_it": "-",
        "organization_and_management": "-",
        "information_systems": "F",
        "project_iii": "-",
        "cloud_computing": "-"
    },
    "18070157": {
        "digital_signal_analysis_and_processing": "Abs",
        "social_and_professional_issues_in_it": "-",
        "organization_and_management": "-",
        "information_systems": "-",
        "project_iii": "-",
        "cloud_computing": "-"
    },
    "18070159": {
        "digital_signal_analysis_and_processing": "-",
        "social_and_professional_issues_in_it": "-",
        "organization_and_management": "-",
        "information_systems": "Abs",
        "project_iii": "-",
        "cloud_computing": "-"
    },
    "18070161": {
        "digital_signal_analysis_and_processing": "Abs",
        "social_and_professional_issues_in_it": "-",
        "organization_and_management": "-",
        "information_systems": "-",
        "project_iii": "-",
        "cloud_computing": "-"
    },
    "18070162": {
        "digital_signal_analysis_and_processing": "-",
        "social_and_professional_issues_in_it": "Abs",
        "organization_and_management": "Abs",
        "information_systems": "-",
        "project_iii": "-",
        "cloud_computing": "-"
    },
    "18070163": {
        "digital_signal_analysis_and_processing": "F",
        "social_and_professional_issues_in_it": "-",
        "organization_and_management": "-",
        "information_systems": "-",
        "project_iii": "-",
        "cloud_computing": "-"
    },
    "18070164": {
        "digital_signal_analysis_and_processing": "-",
        "social_and_professional_issues_in_it": "Abs",
        "organization_and_management": "Abs",
        "information_systems": "Abs",
        "project_iii": "-",
        "cloud_computing": "-"
    },
    "18070166": {
        "digital_signal_analysis_and_processing": "Abs",
        "social_and_professional_issues_in_it": "-",
        "organization_and_management": "-",
        "information_systems": "-",
        "project_iii": "-",
        "cloud_computing": "-"
    },
    "18070169": {
        "digital_signal_analysis_and_processing": "Abs",
        "social_and_professional_issues_in_it": "C",
        "organization_and_management": "A",
        "information_systems": "C",
        "project_iii": "-",
        "cloud_computing": "C"
    },
    "18070171": {
        "digital_signal_analysis_and_processing": "-",
        "social_and_professional_issues_in_it": "-",
        "organization_and_management": "-",
        "information_systems": "Abs",
        "project_iii": "-",
        "cloud_computing": "-"
    },
    "18070175": {
        "digital_signal_analysis_and_processing": "-",
        "social_and_professional_issues_in_it": "C-",
        "organization_and_management": "C-",
        "information_systems": "Expelled",
        "project_iii": "-",
        "cloud_computing": "-"
    },
    "18070179": {
        "digital_signal_analysis_and_processing": "-",
        "social_and_professional_issues_in_it": "D+",
        "organization_and_management": "-",
        "information_systems": "-",
        "project_iii": "-",
        "cloud_computing": "-"
    },
    "18070195": {
        "digital_signal_analysis_and_processing": "A",
        "social_and_professional_issues_in_it": "-",
        "organization_and_management": "-",
        "information_systems": "-",
        "project_iii": "-",
        "cloud_computing": "-"
    },
    "18070197": {
        "digital_signal_analysis_and_processing": "C",
        "social_and_professional_issues_in_it": "-",
        "organization_and_management": "-",
        "information_systems": "-",
        "project_iii": "-",
        "cloud_computing": "-"
    },
    "18070201": {
        "digital_signal_analysis_and_processing": "F",
        "social_and_professional_issues_in_it": "-",
        "organization_and_management": "-",
        "information_systems": "-",
        "project_iii": "-",
        "cloud_computing": "-"
    },
    "18070206": {
        "digital_signal_analysis_and_processing": "C+",
        "social_and_professional_issues_in_it": "-",
        "organization_and_management": "-",
        "information_systems": "-",
        "project_iii": "-",
        "cloud_computing": "-"
    },
    "18070207": {
        "digital_signal_analysis_and_processing": "Abs",
        "social_and_professional_issues_in_it": "-",
        "organization_and_management": "-",
        "information_systems": "-",
        "project_iii": "-",
        "cloud_computing": "-"
    },
    "18070208": {
        "digital_signal_analysis_and_processing": "Abs",
        "social_and_professional_issues_in_it": "-",
        "organization_and_management": "-",
        "information_systems": "-",
        "project_iii": "-",
        "cloud_computing": "-"
    },
    "18070209": {
        "digital_signal_analysis_and_processing": "Abs",
        "social_and_professional_issues_in_it": "-",
        "organization_and_management": "-",
        "information_systems": "-",
        "project_iii": "-",
        "cloud_computing": "-"
    },
    "18070216": {
        "digital_signal_analysis_and_processing": "F",
        "social_and_professional_issues_in_it": "-",
        "organization_and_management": "-",
        "information_systems": "-",
        "project_iii": "-",
        "cloud_computing": "-"
    },
    "18070217": {
        "digital_signal_analysis_and_processing": "C+",
        "social_and_professional_issues_in_it": "-",
        "organization_and_management": "-",
        "information_systems": "-",
        "project_iii": "-",
        "cloud_computing": "-"
    },
    "18070219": {
        "digital_signal_analysis_and_processing": "C+",
        "social_and_professional_issues_in_it": "-",
        "organization_and_management": "-",
        "information_systems": "-",
        "project_iii": "-",
        "cloud_computing": "-"
    },
    "18070224": {
        "digital_signal_analysis_and_processing": "C+",
        "social_and_professional_issues_in_it": "-",
        "organization_and_management": "-",
        "information_systems": "-",
        "project_iii": "-",
        "cloud_computing": "-"
    },
    "18070225": {
        "digital_signal_analysis_and_processing": "Abs",
        "social_and_professional_issues_in_it": "-",
        "organization_and_management": "-",
        "information_systems": "-",
        "project_iii": "-",
        "cloud_computing": "-"
    },
    "18070226": {
        "digital_signal_analysis_and_processing": "-",
        "social_and_professional_issues_in_it": "-",
        "organization_and_management": "-",
        "information_systems": "-",
        "project_iii": "C",
        "cloud_computing": "-"
    },
    "18070229": {
        "digital_signal_analysis_and_processing": "F",
        "social_and_professional_issues_in_it": "-",
        "organization_and_management": "-",
        "information_systems": "-",
        "project_iii": "-",
        "cloud_computing": "-"
    },
    "18070230": {
        "digital_signal_analysis_and_processing": "Abs",
        "social_and_professional_issues_in_it": "-",
        "organization_and_management": "-",
        "information_systems": "-",
        "project_iii": "-",
        "cloud_computing": "-"
    },
    "18070239": {
        "digital_signal_analysis_and_processing": "Abs",
        "social_and_professional_issues_in_it": "-",
        "organization_and_management": "-",
        "information_systems": "-",
        "project_iii": "-",
        "cloud_computing": "-"
    },
    "18070242": {
        "digital_signal_analysis_and_processing": "F",
        "social_and_professional_issues_in_it": "-",
        "organization_and_management": "-",
        "information_systems": "-",
        "project_iii": "-",
        "cloud_computing": "-"
    },
    "18070244": {
        "digital_signal_analysis_and_processing": "-",
        "social_and_professional_issues_in_it": "Abs",
        "organization_and_management": "-",
        "information_systems": "-",
        "project_iii": "-",
        "cloud_computing": "-"
    },
    "18070246": {
        "digital_signal_analysis_and_processing": "-",
        "social_and_professional_issues_in_it": "-",
        "organization_and_management": "-",
        "information_systems": "-",
        "project_iii": "C",
        "cloud_computing": "-"
    },
    "18070250": {
        "digital_signal_analysis_and_processing": "-",
        "social_and_professional_issues_in_it": "-",
        "organization_and_management": "-",
        "information_systems": "Abs",
        "project_iii": "-",
        "cloud_computing": "-"
    },
    "18070255": {
        "digital_signal_analysis_and_processing": "-",
        "social_and_professional_issues_in_it": "-",
        "organization_and_management": "-",
        "information_systems": "-",
        "project_iii": "C",
        "cloud_computing": "-"
    },
    "18070260": {
        "digital_signal_analysis_and_processing": "Abs",
        "social_and_professional_issues_in_it": "-",
        "organization_and_management": "-",
        "information_systems": "-",
        "project_iii": "-",
        "cloud_computing": "-"
    },
    "18070263": {
        "digital_signal_analysis_and_processing": "F",
        "social_and_professional_issues_in_it": "-",
        "organization_and_management": "-",
        "information_systems": "-",
        "project_iii": "-",
        "cloud_computing": "-"
    },
    "18070271": {
        "digital_signal_analysis_and_processing": "F",
        "social_and_professional_issues_in_it": "-",
        "organization_and_management": "-",
        "information_systems": "-",
        "project_iii": "-",
        "cloud_computing": "-"
    },
    "18070274": {
        "digital_signal_analysis_and_processing": "C",
        "social_and_professional_issues_in_it": "-",
        "organization_and_management": "-",
        "information_systems": "-",
        "project_iii": "-",
        "cloud_computing": "-"
    },
    "18070282": {
        "digital_signal_analysis_and_processing": "C",
        "social_and_professional_issues_in_it": "-",
        "organization_and_management": "-",
        "information_systems": "-",
        "project_iii": "-",
        "cloud_computing": "-"
    },
    "18070284": {
        "digital_signal_analysis_and_processing": "Abs",
        "social_and_professional_issues_in_it": "-",
        "organization_and_management": "-",
        "information_systems": "-",
        "project_iii": "C",
        "cloud_computing": "-"
    },
    "18070289": {
        "digital_signal_analysis_and_processing": "-",
        "social_and_professional_issues_in_it": "-",
        "organization_and_management": "Abs",
        "information_systems": "Abs",
        "project_iii": "-",
        "cloud_computing": "-"
    },
    "18070291": {
        "digital_signal_analysis_and_processing": "B-",
        "social_and_professional_issues_in_it": "-",
        "organization_and_management": "-",
        "information_systems": "-",
        "project_iii": "-",
        "cloud_computing": "-"
    },
    "18070295": {
        "digital_signal_analysis_and_processing": "C",
        "social_and_professional_issues_in_it": "-",
        "organization_and_management": "-",
        "information_systems": "-",
        "project_iii": "-",
        "cloud_computing": "-"
    },
    "18070300": {
        "digital_signal_analysis_and_processing": "F",
        "social_and_professional_issues_in_it": "-",
        "organization_and_management": "-",
        "information_systems": "-",
        "project_iii": "-",
        "cloud_computing": "-"
    },
    "18070302": {
        "digital_signal_analysis_and_processing": "Abs",
        "social_and_professional_issues_in_it": "-",
        "organization_and_management": "-",
        "information_systems": "-",
        "project_iii": "-",
        "cloud_computing": "-"
    },
    "18070308": {
        "digital_signal_analysis_and_processing": "F",
        "social_and_professional_issues_in_it": "-",
        "organization_and_management": "-",
        "information_systems": "-",
        "project_iii": "-",
        "cloud_computing": "-"
    },
    "18070311": {
        "digital_signal_analysis_and_processing": "-",
        "social_and_professional_issues_in_it": "-",
        "organization_and_management": "C",
        "information_systems": "-",
        "project_iii": "-",
        "cloud_computing": "-"
    },
    "18070313": {
        "digital_signal_analysis_and_processing": "F",
        "social_and_professional_issues_in_it": "-",
        "organization_and_management": "Abs",
        "information_systems": "-",
        "project_iii": "-",
        "cloud_computing": "-"
    },
    "18070314": {
        "digital_signal_analysis_and_processing": "F",
        "social_and_professional_issues_in_it": "-",
        "organization_and_management": "-",
        "information_systems": "-",
        "project_iii": "-",
        "cloud_computing": "-"
    },
    "18070321": {
        "digital_signal_analysis_and_processing": "B+",
        "social_and_professional_issues_in_it": "-",
        "organization_and_management": "-",
        "information_systems": "-",
        "project_iii": "-",
        "cloud_computing": "-"
    },
    "18070329": {
        "digital_signal_analysis_and_processing": "F",
        "social_and_professional_issues_in_it": "-",
        "organization_and_management": "-",
        "information_systems": "-",
        "project_iii": "-",
        "cloud_computing": "-"
    },
    "18070334": {
        "digital_signal_analysis_and_processing": "F",
        "social_and_professional_issues_in_it": "-",
        "organization_and_management": "-",
        "information_systems": "-",
        "project_iii": "-",
        "cloud_computing": "-"
    },
    "18070335": {
        "digital_signal_analysis_and_processing": "B-",
        "social_and_professional_issues_in_it": "-",
        "organization_and_management": "-",
        "information_systems": "-",
        "project_iii": "-",
        "cloud_computing": "-"
    },
    "18070337": {
        "digital_signal_analysis_and_processing": "F",
        "social_and_professional_issues_in_it": "-",
        "organization_and_management": "-",
        "information_systems": "F",
        "project_iii": "-",
        "cloud_computing": "-"
    },
    "18070339": {
        "digital_signal_analysis_and_processing": "B",
        "social_and_professional_issues_in_it": "-",
        "organization_and_management": "-",
        "information_systems": "-",
        "project_iii": "-",
        "cloud_computing": "-"
    },
    "18070340": {
        "digital_signal_analysis_and_processing": "A",
        "social_and_professional_issues_in_it": "-",
        "organization_and_management": "-",
        "information_systems": "-",
        "project_iii": "-",
        "cloud_computing": "-"
    },
    "18070341": {
        "digital_signal_analysis_and_processing": "A-",
        "social_and_professional_issues_in_it": "-",
        "organization_and_management": "-",
        "information_systems": "-",
        "project_iii": "-",
        "cloud_computing": "-"
    },
    "18070342": {
        "digital_signal_analysis_and_processing": "B-",
        "social_and_professional_issues_in_it": "-",
        "organization_and_management": "-",
        "information_systems": "-",
        "project_iii": "-",
        "cloud_computing": "-"
    },
    "18070348": {
        "digital_signal_analysis_and_processing": "F",
        "social_and_professional_issues_in_it": "-",
        "organization_and_management": "-",
        "information_systems": "F",
        "project_iii": "-",
        "cloud_computing": "-"
    },
    "18070359": {
        "digital_signal_analysis_and_processing": "Abs",
        "social_and_professional_issues_in_it": "-",
        "organization_and_management": "-",
        "information_systems": "-",
        "project_iii": "-",
        "cloud_computing": "-"
    },
    "18070365": {
        "digital_signal_analysis_and_processing": "Abs",
        "social_and_professional_issues_in_it": "-",
        "organization_and_management": "-",
        "information_systems": "-",
        "project_iii": "-",
        "cloud_computing": "-"
    },
    "18070372": {
        "digital_signal_analysis_and_processing": "-",
        "social_and_professional_issues_in_it": "-",
        "organization_and_management": "-",
        "information_systems": "C-",
        "project_iii": "-",
        "cloud_computing": "-"
    },
    "18070373": {
        "digital_signal_analysis_and_processing": "F",
        "social_and_professional_issues_in_it": "-",
        "organization_and_management": "-",
        "information_systems": "-",
        "project_iii": "-",
        "cloud_computing": "-"
    },
    "18070382": {
        "digital_signal_analysis_and_processing": "Abs",
        "social_and_professional_issues_in_it": "-",
        "organization_and_management": "-",
        "information_systems": "-",
        "project_iii": "-",
        "cloud_computing": "-"
    },
    "18070385": {
        "digital_signal_analysis_and_processing": "F",
        "social_and_professional_issues_in_it": "-",
        "organization_and_management": "-",
        "information_systems": "-",
        "project_iii": "-",
        "cloud_computing": "-"
    },
    "18070389": {
        "digital_signal_analysis_and_processing": "-",
        "social_and_professional_issues_in_it": "-",
        "organization_and_management": "Abs",
        "information_systems": "Abs",
        "project_iii": "-",
        "cloud_computing": "-"
    },
    "18070391": {
        "digital_signal_analysis_and_processing": "C+",
        "social_and_professional_issues_in_it": "-",
        "organization_and_management": "-",
        "information_systems": "-",
        "project_iii": "-",
        "cloud_computing": "-"
    },
    "18070392": {
        "digital_signal_analysis_and_processing": "-",
        "social_and_professional_issues_in_it": "-",
        "organization_and_management": "-",
        "information_systems": "F",
        "project_iii": "-",
        "cloud_computing": "-"
    },
    "18070395": {
        "digital_signal_analysis_and_processing": "F",
        "social_and_professional_issues_in_it": "-",
        "organization_and_management": "-",
        "information_systems": "-",
        "project_iii": "-",
        "cloud_computing": "-"
    },
    "18070398": {
        "digital_signal_analysis_and_processing": "B+",
        "social_and_professional_issues_in_it": "-",
        "organization_and_management": "-",
        "information_systems": "-",
        "project_iii": "-",
        "cloud_computing": "-"
    },
    "18070399": {
        "digital_signal_analysis_and_processing": "Abs",
        "social_and_professional_issues_in_it": "Abs",
        "organization_and_management": "-",
        "information_systems": "-",
        "project_iii": "-",
        "cloud_computing": "-"
    },
    "18070400": {
        "digital_signal_analysis_and_processing": "F",
        "social_and_professional_issues_in_it": "-",
        "organization_and_management": "-",
        "information_systems": "-",
        "project_iii": "-",
        "cloud_computing": "-"
    },
    "18070401": {
        "digital_signal_analysis_and_processing": "F",
        "social_and_professional_issues_in_it": "-",
        "organization_and_management": "-",
        "information_systems": "-",
        "project_iii": "-",
        "cloud_computing": "-"
    },
    "18070426": {
        "digital_signal_analysis_and_processing": "B-",
        "social_and_professional_issues_in_it": "-",
        "organization_and_management": "-",
        "information_systems": "-",
        "project_iii": "-",
        "cloud_computing": "-"
    },
    "18070443": {
        "digital_signal_analysis_and_processing": "F",
        "social_and_professional_issues_in_it": "-",
        "organization_and_management": "-",
        "information_systems": "-",
        "project_iii": "-",
        "cloud_computing": "-"
    },
    "18070444": {
        "digital_signal_analysis_and_processing": "-",
        "social_and_professional_issues_in_it": "-",
        "organization_and_management": "C",
        "information_systems": "-",
        "project_iii": "-",
        "cloud_computing": "-"
    },
    "18070457": {
        "digital_signal_analysis_and_processing": "Withheld",
        "social_and_professional_issues_in_it": "-",
        "organization_and_management": "-",
        "information_systems": "-",
        "project_iii": "-",
        "cloud_computing": "-"
    },
    "18070460": {
        "digital_signal_analysis_and_processing": "F",
        "social_and_professional_issues_in_it": "-",
        "organization_and_management": "-",
        "information_systems": "F",
        "project_iii": "-",
        "cloud_computing": "-"
    },
    "18070464": {
        "digital_signal_analysis_and_processing": "F",
        "social_and_professional_issues_in_it": "-",
        "organization_and_management": "-",
        "information_systems": "-",
        "project_iii": "-",
        "cloud_computing": "-"
    },
    "18070465": {
        "digital_signal_analysis_and_processing": "F",
        "social_and_professional_issues_in_it": "-",
        "organization_and_management": "-",
        "information_systems": "-",
        "project_iii": "-",
        "cloud_computing": "-"
    },
    "18070467": {
        "digital_signal_analysis_and_processing": "-",
        "social_and_professional_issues_in_it": "-",
        "organization_and_management": "C+",
        "information_systems": "Abs",
        "project_iii": "-",
        "cloud_computing": "-"
    }
}