{
    "nan": {
        "engineering_mathematics_iv": "-",
        "instrumentation": "-",
        "electronic_circuits": "-",
        "microprocessors": "-",
        "numerical_methods": "-",
        "project_i": "-",
        "sgpa": "-"
    },
    "16110008": {
        "engineering_mathematics_iv": "C",
        "instrumentation": "-",
        "electronic_circuits": "F",
        "microprocessors": "-",
        "numerical_methods": "-",
        "project_i": "-",
        "sgpa": "-"
    },
    "16110018": {
        "engineering_mathematics_iv": "B-",
        "instrumentation": "-",
        "electronic_circuits": "-",
        "microprocessors": "-",
        "numerical_methods": "-",
        "project_i": "-",
        "sgpa": "-"
    },
    "17110003": {
        "engineering_mathematics_iv": "F",
        "instrumentation": "-",
        "electronic_circuits": "-",
        "microprocessors": "-",
        "numerical_methods": "-",
        "project_i": "-",
        "sgpa": "-"
    },
    "17110010": {
        "engineering_mathematics_iv": "-",
        "instrumentation": "Abs",
        "electronic_circuits": "-",
        "microprocessors": "-",
        "numerical_methods": "-",
        "project_i": "-",
        "sgpa": "-"
    },
    "17110014": {
        "engineering_mathematics_iv": "-",
        "instrumentation": "-",
        "electronic_circuits": "-",
        "microprocessors": "F",
        "numerical_methods": "-",
        "project_i": "-",
        "sgpa": "-"
    },
    "17110018": {
        "engineering_mathematics_iv": "-",
        "instrumentation": "Abs",
        "electronic_circuits": "-",
        "microprocessors": "Abs",
        "numerical_methods": "-",
        "project_i": "-",
        "sgpa": "-"
    },
    "17110019": {
        "engineering_mathematics_iv": "C-",
        "instrumentation": "-",
        "electronic_circuits": "-",
        "microprocessors": "-",
        "numerical_methods": "-",
        "project_i": "-",
        "sgpa": "-"
    },
    "17110028": {
        "engineering_mathematics_iv": "B-",
        "instrumentation": "C",
        "electronic_circuits": "-",
        "microprocessors": "F",
        "numerical_methods": "C",
        "project_i": "-",
        "sgpa": "-"
    },
    "17110032": {
        "engineering_mathematics_iv": "C",
        "instrumentation": "-",
        "electronic_circuits": "-",
        "microprocessors": "-",
        "numerical_methods": "-",
        "project_i": "-",
        "sgpa": "-"
    },
    "17110043": {
        "engineering_mathematics_iv": "-",
        "instrumentation": "-",
        "electronic_circuits": "C",
        "microprocessors": "-",
        "numerical_methods": "-",
        "project_i": "-",
        "sgpa": "-"
    },
    "17110065": {
        "engineering_mathematics_iv": "-",
        "instrumentation": "-",
        "electronic_circuits": "-",
        "microprocessors": "-",
        "numerical_methods": "Abs",
        "project_i": "-",
        "sgpa": "-"
    },
    "17110067": {
        "engineering_mathematics_iv": "-",
        "instrumentation": "-",
        "electronic_circuits": "-",
        "microprocessors": "F",
        "numerical_methods": "-",
        "project_i": "-",
        "sgpa": "-"
    },
    "17110076": {
        "engineering_mathematics_iv": "-",
        "instrumentation": "Abs",
        "electronic_circuits": "-",
        "microprocessors": "Abs",
        "numerical_methods": "-",
        "project_i": "-",
        "sgpa": "-"
    },
    "17110081": {
        "engineering_mathematics_iv": "Abs",
        "instrumentation": "-",
        "electronic_circuits": "-",
        "microprocessors": "-",
        "numerical_methods": "-",
        "project_i": "-",
        "sgpa": "-"
    },
    "17110082": {
        "engineering_mathematics_iv": "Abs",
        "instrumentation": "-",
        "electronic_circuits": "-",
        "microprocessors": "-",
        "numerical_methods": "-",
        "project_i": "-",
        "sgpa": "-"
    },
    "18110003": {
        "engineering_mathematics_iv": "-",
        "instrumentation": "Abs",
        "electronic_circuits": "-",
        "microprocessors": "-",
        "numerical_methods": "-",
        "project_i": "-",
        "sgpa": "-"
    },
    "18110008": {
        "engineering_mathematics_iv": "Abs",
        "instrumentation": "Abs",
        "electronic_circuits": "-",
        "microprocessors": "Abs",
        "numerical_methods": "Abs",
        "project_i": "-",
        "sgpa": "-"
    },
    "18110020": {
        "engineering_mathematics_iv": "F",
        "instrumentation": "B-",
        "electronic_circuits": "-",
        "microprocessors": "-",
        "numerical_methods": "-",
        "project_i": "-",
        "sgpa": "-"
    },
    "18110022": {
        "engineering_mathematics_iv": "-",
        "instrumentation": "-",
        "electronic_circuits": "-",
        "microprocessors": "-",
        "numerical_methods": "F",
        "project_i": "-",
        "sgpa": "-"
    },
    "18110028": {
        "engineering_mathematics_iv": "F",
        "instrumentation": "-",
        "electronic_circuits": "-",
        "microprocessors": "-",
        "numerical_methods": "-",
        "project_i": "-",
        "sgpa": "-"
    },
    "18110030": {
        "engineering_mathematics_iv": "-",
        "instrumentation": "-",
        "electronic_circuits": "-",
        "microprocessors": "F",
        "numerical_methods": "-",
        "project_i": "-",
        "sgpa": "-"
    },
    "18110033": {
        "engineering_mathematics_iv": "-",
        "instrumentation": "Abs",
        "electronic_circuits": "-",
        "microprocessors": "-",
        "numerical_methods": "-",
        "project_i": "-",
        "sgpa": "-"
    },
    "18110037": {
        "engineering_mathematics_iv": "-",
        "instrumentation": "B-",
        "electronic_circuits": "-",
        "microprocessors": "-",
        "numerical_methods": "-",
        "project_i": "-",
        "sgpa": "-"
    },
    "18110048": {
        "engineering_mathematics_iv": "-",
        "instrumentation": "Abs",
        "electronic_circuits": "Abs",
        "microprocessors": "F",
        "numerical_methods": "-",
        "project_i": "-",
        "sgpa": "-"
    },
    "18110056": {
        "engineering_mathematics_iv": "C",
        "instrumentation": "-",
        "electronic_circuits": "-",
        "microprocessors": "-",
        "numerical_methods": "-",
        "project_i": "-",
        "sgpa": "-"
    },
    "18110061": {
        "engineering_mathematics_iv": "C+",
        "instrumentation": "-",
        "electronic_circuits": "F",
        "microprocessors": "F",
        "numerical_methods": "C+",
        "project_i": "-",
        "sgpa": "-"
    },
    "19110017": {
        "engineering_mathematics_iv": "F",
        "instrumentation": "-",
        "electronic_circuits": "-",
        "microprocessors": "-",
        "numerical_methods": "-",
        "project_i": "-",
        "sgpa": "-"
    },
    "20110014": {
        "engineering_mathematics_iv": "C+",
        "instrumentation": "-",
        "electronic_circuits": "-",
        "microprocessors": "-",
        "numerical_methods": "-",
        "project_i": "-",
        "sgpa": "-"
    },
    "20110016": {
        "engineering_mathematics_iv": "C",
        "instrumentation": "-",
        "electronic_circuits": "-",
        "microprocessors": "-",
        "numerical_methods": "-",
        "project_i": "-",
        "sgpa": "-"
    },
    "20110019": {
        "engineering_mathematics_iv": "Abs",
        "instrumentation": "-",
        "electronic_circuits": "-",
        "microprocessors": "-",
        "numerical_methods": "-",
        "project_i": "-",
        "sgpa": "-"
    },
    "21110001": {
        "engineering_mathematics_iv": "-",
        "instrumentation": "-",
        "electronic_circuits": "F",
        "microprocessors": "-",
        "numerical_methods": "-",
        "project_i": "-",
        "sgpa": "-"
    },
    "21110004": {
        "engineering_mathematics_iv": "-",
        "instrumentation": "-",
        "electronic_circuits": "-",
        "microprocessors": "-",
        "numerical_methods": "Abs",
        "project_i": "-",
        "sgpa": "-"
    },
    "21110009": {
        "engineering_mathematics_iv": "-",
        "instrumentation": "-",
        "electronic_circuits": "-",
        "microprocessors": "Abs",
        "numerical_methods": "-",
        "project_i": "-",
        "sgpa": "-"
    },
    "21110010": {
        "engineering_mathematics_iv": "-",
        "instrumentation": "-",
        "electronic_circuits": "-",
        "microprocessors": "F",
        "numerical_methods": "-",
        "project_i": "-",
        "sgpa": "-"
    },
    "21110011": {
        "engineering_mathematics_iv": "-",
        "instrumentation": "-",
        "electronic_circuits": "-",
        "microprocessors": "Abs",
        "numerical_methods": "-",
        "project_i": "-",
        "sgpa": "-"
    },
    "21110012": {
        "engineering_mathematics_iv": "-",
        "instrumentation": "-",
        "electronic_circuits": "-",
        "microprocessors": "F",
        "numerical_methods": "-",
        "project_i": "-",
        "sgpa": "-"
    },
    "21110014": {
        "engineering_mathematics_iv": "-",
        "instrumentation": "-",
        "electronic_circuits": "-",
        "microprocessors": "B-",
        "numerical_methods": "-",
        "project_i": "-",
        "sgpa": "-"
    },
    "21110015": {
        "engineering_mathematics_iv": "-",
        "instrumentation": "-",
        "electronic_circuits": "-",
        "microprocessors": "C+",
        "numerical_methods": "-",
        "project_i": "-",
        "sgpa": "-"
    },
    "21110017": {
        "engineering_mathematics_iv": "-",
        "instrumentation": "-",
        "electronic_circuits": "-",
        "microprocessors": "F",
        "numerical_methods": "-",
        "project_i": "-",
        "sgpa": "-"
    },
    "21110019": {
        "engineering_mathematics_iv": "-",
        "instrumentation": "-",
        "electronic_circuits": "-",
        "microprocessors": "Abs",
        "numerical_methods": "-",
        "project_i": "-",
        "sgpa": "-"
    },
    "21110023": {
        "engineering_mathematics_iv": "-",
        "instrumentation": "Abs",
        "electronic_circuits": "-",
        "microprocessors": "C",
        "numerical_methods": "-",
        "project_i": "-",
        "sgpa": "-"
    },
    "21110025": {
        "engineering_mathematics_iv": "-",
        "instrumentation": "-",
        "electronic_circuits": "-",
        "microprocessors": "F",
        "numerical_methods": "-",
        "project_i": "-",
        "sgpa": "-"
    },
    "21110033": {
        "engineering_mathematics_iv": "-",
        "instrumentation": "-",
        "electronic_circuits": "-",
        "microprocessors": "Abs",
        "numerical_methods": "-",
        "project_i": "-",
        "sgpa": "-"
    },
    "21110037": {
        "engineering_mathematics_iv": "-",
        "instrumentation": "-",
        "electronic_circuits": "-",
        "microprocessors": "C+",
        "numerical_methods": "-",
        "project_i": "-",
        "sgpa": "-"
    },
    "21110039": {
        "engineering_mathematics_iv": "-",
        "instrumentation": "-",
        "electronic_circuits": "-",
        "microprocessors": "Abs",
        "numerical_methods": "-",
        "project_i": "-",
        "sgpa": "-"
    },
    "21110042": {
        "engineering_mathematics_iv": "-",
        "instrumentation": "-",
        "electronic_circuits": "-",
        "microprocessors": "C",
        "numerical_methods": "-",
        "project_i": "-",
        "sgpa": "-"
    },
    "21110043": {
        "engineering_mathematics_iv": "-",
        "instrumentation": "-",
        "electronic_circuits": "-",
        "microprocessors": "Abs",
        "numerical_methods": "-",
        "project_i": "-",
        "sgpa": "-"
    },
    "21115006": {
        "engineering_mathematics_iv": "CNR",
        "instrumentation": "C",
        "electronic_circuits": "F",
        "microprocessors": "F",
        "numerical_methods": "F",
        "project_i": "A",
        "sgpa": "-"
    },
    "21115007": {
        "engineering_mathematics_iv": "Abs",
        "instrumentation": "F",
        "electronic_circuits": "Abs",
        "microprocessors": "F",
        "numerical_methods": "F",
        "project_i": "C",
        "sgpa": "-"
    },
    "21115008": {
        "engineering_mathematics_iv": "C+",
        "instrumentation": "F",
        "electronic_circuits": "B",
        "microprocessors": "C",
        "numerical_methods": "B",
        "project_i": "A",
        "sgpa": "-"
    },
    "21115009": {
        "engineering_mathematics_iv": "C-",
        "instrumentation": "B-",
        "electronic_circuits": "C-",
        "microprocessors": "C",
        "numerical_methods": "C+",
        "project_i": "A-",
        "sgpa": "2.18"
    },
    "21115010": {
        "engineering_mathematics_iv": "A",
        "instrumentation": "A",
        "electronic_circuits": "A",
        "microprocessors": "A",
        "numerical_methods": "A",
        "project_i": "A",
        "sgpa": "4.00"
    },
    "21115011": {
        "engineering_mathematics_iv": "CNR",
        "instrumentation": "F",
        "electronic_circuits": "F",
        "microprocessors": "F",
        "numerical_methods": "F",
        "project_i": "A-",
        "sgpa": "-"
    },
    "21115012": {
        "engineering_mathematics_iv": "A",
        "instrumentation": "A",
        "electronic_circuits": "A",
        "microprocessors": "A",
        "numerical_methods": "A",
        "project_i": "A",
        "sgpa": "4.00"
    },
    "21115013": {
        "engineering_mathematics_iv": "A-",
        "instrumentation": "A",
        "electronic_circuits": "A",
        "microprocessors": "A",
        "numerical_methods": "A-",
        "project_i": "A",
        "sgpa": "3.89"
    },
    "21115014": {
        "engineering_mathematics_iv": "F",
        "instrumentation": "C-",
        "electronic_circuits": "F",
        "microprocessors": "F",
        "numerical_methods": "F",
        "project_i": "A-",
        "sgpa": "-"
    },
    "21115015": {
        "engineering_mathematics_iv": "CNR",
        "instrumentation": "B-",
        "electronic_circuits": "F",
        "microprocessors": "F",
        "numerical_methods": "F",
        "project_i": "A-",
        "sgpa": "-"
    },
    "21115016": {
        "engineering_mathematics_iv": "C",
        "instrumentation": "B-",
        "electronic_circuits": "F",
        "microprocessors": "F",
        "numerical_methods": "F",
        "project_i": "A",
        "sgpa": "-"
    },
    "21115017": {
        "engineering_mathematics_iv": "CNR",
        "instrumentation": "F",
        "electronic_circuits": "Abs",
        "microprocessors": "Abs",
        "numerical_methods": "Abs",
        "project_i": "A-",
        "sgpa": "-"
    },
    "21115018": {
        "engineering_mathematics_iv": "A",
        "instrumentation": "A-",
        "electronic_circuits": "A-",
        "microprocessors": "A-",
        "numerical_methods": "A-",
        "project_i": "A",
        "sgpa": "3.78"
    },
    "21115019": {
        "engineering_mathematics_iv": "CNR",
        "instrumentation": "C",
        "electronic_circuits": "F",
        "microprocessors": "F",
        "numerical_methods": "F",
        "project_i": "A",
        "sgpa": "-"
    },
    "21115020": {
        "engineering_mathematics_iv": "B+",
        "instrumentation": "B-",
        "electronic_circuits": "B",
        "microprocessors": "C+",
        "numerical_methods": "B+",
        "project_i": "A-",
        "sgpa": "2.97"
    },
    "21115021": {
        "engineering_mathematics_iv": "F",
        "instrumentation": "C",
        "electronic_circuits": "F",
        "microprocessors": "F",
        "numerical_methods": "F",
        "project_i": "A",
        "sgpa": "-"
    },
    "21115022": {
        "engineering_mathematics_iv": "B",
        "instrumentation": "A-",
        "electronic_circuits": "C",
        "microprocessors": "F",
        "numerical_methods": "B-",
        "project_i": "A-",
        "sgpa": "-"
    },
    "21115023": {
        "engineering_mathematics_iv": "B-",
        "instrumentation": "A-",
        "electronic_circuits": "B-",
        "microprocessors": "F",
        "numerical_methods": "B-",
        "project_i": "A",
        "sgpa": "-"
    },
    "21115024": {
        "engineering_mathematics_iv": "B-",
        "instrumentation": "B-",
        "electronic_circuits": "C+",
        "microprocessors": "F",
        "numerical_methods": "B+",
        "project_i": "A",
        "sgpa": "-"
    },
    "21115025": {
        "engineering_mathematics_iv": "F",
        "instrumentation": "C+",
        "electronic_circuits": "F",
        "microprocessors": "C+",
        "numerical_methods": "B-",
        "project_i": "A",
        "sgpa": "-"
    },
    "21115026": {
        "engineering_mathematics_iv": "A-",
        "instrumentation": "B+",
        "electronic_circuits": "F",
        "microprocessors": "A-",
        "numerical_methods": "B-",
        "project_i": "A",
        "sgpa": "-"
    },
    "21115027": {
        "engineering_mathematics_iv": "CNR",
        "instrumentation": "Abs",
        "electronic_circuits": "Abs",
        "microprocessors": "F",
        "numerical_methods": "D+",
        "project_i": "A",
        "sgpa": "-"
    },
    "21115028": {
        "engineering_mathematics_iv": "CNR",
        "instrumentation": "D",
        "electronic_circuits": "F",
        "microprocessors": "F",
        "numerical_methods": "F",
        "project_i": "Incomplete",
        "sgpa": "-"
    },
    "21115029": {
        "engineering_mathematics_iv": "A-",
        "instrumentation": "B+",
        "electronic_circuits": "F",
        "microprocessors": "B+",
        "numerical_methods": "B",
        "project_i": "A",
        "sgpa": "-"
    },
    "21115030": {
        "engineering_mathematics_iv": "A-",
        "instrumentation": "B+",
        "electronic_circuits": "F",
        "microprocessors": "B-",
        "numerical_methods": "B-",
        "project_i": "A",
        "sgpa": "-"
    },
    "21115031": {
        "engineering_mathematics_iv": "B",
        "instrumentation": "B",
        "electronic_circuits": "C+",
        "microprocessors": "B-",
        "numerical_methods": "B+",
        "project_i": "A",
        "sgpa": "2.93"
    }
}