{
    "nan": {
        "engineering_mathematics_ii": "-",
        "physics": "-",
        "engineering_drawing": "-",
        "object_oriented_programming_in_c++": "-",
        "thermal_science": "-",
        "applied_mechanics_i": "-"
    },
    "16110018": {
        "engineering_mathematics_ii": "-",
        "physics": "-",
        "engineering_drawing": "-",
        "object_oriented_programming_in_c++": "-",
        "thermal_science": "-",
        "applied_mechanics_i": "C+"
    },
    "16110048": {
        "engineering_mathematics_ii": "Abs",
        "physics": "-",
        "engineering_drawing": "-",
        "object_oriented_programming_in_c++": "-",
        "thermal_science": "-",
        "applied_mechanics_i": "-"
    },
    "17110001": {
        "engineering_mathematics_ii": "-",
        "physics": "-",
        "engineering_drawing": "-",
        "object_oriented_programming_in_c++": "Abs",
        "thermal_science": "-",
        "applied_mechanics_i": "-"
    },
    "17110003": {
        "engineering_mathematics_ii": "-",
        "physics": "-",
        "engineering_drawing": "-",
        "object_oriented_programming_in_c++": "-",
        "thermal_science": "Abs",
        "applied_mechanics_i": "F"
    },
    "17110010": {
        "engineering_mathematics_ii": "-",
        "physics": "-",
        "engineering_drawing": "-",
        "object_oriented_programming_in_c++": "-",
        "thermal_science": "F",
        "applied_mechanics_i": "C+"
    },
    "17110014": {
        "engineering_mathematics_ii": "-",
        "physics": "-",
        "engineering_drawing": "-",
        "object_oriented_programming_in_c++": "-",
        "thermal_science": "A-",
        "applied_mechanics_i": "B+"
    },
    "17110032": {
        "engineering_mathematics_ii": "-",
        "physics": "B",
        "engineering_drawing": "-",
        "object_oriented_programming_in_c++": "-",
        "thermal_science": "-",
        "applied_mechanics_i": "-"
    },
    "17110043": {
        "engineering_mathematics_ii": "-",
        "physics": "-",
        "engineering_drawing": "-",
        "object_oriented_programming_in_c++": "-",
        "thermal_science": "C",
        "applied_mechanics_i": "-"
    },
    "17110065": {
        "engineering_mathematics_ii": "Abs",
        "physics": "-",
        "engineering_drawing": "-",
        "object_oriented_programming_in_c++": "Abs",
        "thermal_science": "-",
        "applied_mechanics_i": "-"
    },
    "17110067": {
        "engineering_mathematics_ii": "-",
        "physics": "-",
        "engineering_drawing": "Abs",
        "object_oriented_programming_in_c++": "-",
        "thermal_science": "-",
        "applied_mechanics_i": "-"
    },
    "17110076": {
        "engineering_mathematics_ii": "-",
        "physics": "-",
        "engineering_drawing": "-",
        "object_oriented_programming_in_c++": "-",
        "thermal_science": "F",
        "applied_mechanics_i": "F"
    },
    "17110081": {
        "engineering_mathematics_ii": "-",
        "physics": "F",
        "engineering_drawing": "-",
        "object_oriented_programming_in_c++": "F",
        "thermal_science": "Abs",
        "applied_mechanics_i": "-"
    },
    "17110082": {
        "engineering_mathematics_ii": "-",
        "physics": "Abs",
        "engineering_drawing": "-",
        "object_oriented_programming_in_c++": "Abs",
        "thermal_science": "-",
        "applied_mechanics_i": "-"
    },
    "18110001": {
        "engineering_mathematics_ii": "-",
        "physics": "-",
        "engineering_drawing": "-",
        "object_oriented_programming_in_c++": "-",
        "thermal_science": "F",
        "applied_mechanics_i": "F"
    },
    "18110002": {
        "engineering_mathematics_ii": "-",
        "physics": "-",
        "engineering_drawing": "-",
        "object_oriented_programming_in_c++": "-",
        "thermal_science": "-",
        "applied_mechanics_i": "Abs"
    },
    "18110007": {
        "engineering_mathematics_ii": "-",
        "physics": "-",
        "engineering_drawing": "-",
        "object_oriented_programming_in_c++": "-",
        "thermal_science": "-",
        "applied_mechanics_i": "B-"
    },
    "18110012": {
        "engineering_mathematics_ii": "-",
        "physics": "C-",
        "engineering_drawing": "-",
        "object_oriented_programming_in_c++": "F",
        "thermal_science": "F",
        "applied_mechanics_i": "F"
    },
    "18110020": {
        "engineering_mathematics_ii": "-",
        "physics": "-",
        "engineering_drawing": "-",
        "object_oriented_programming_in_c++": "-",
        "thermal_science": "C+",
        "applied_mechanics_i": "F"
    },
    "18110022": {
        "engineering_mathematics_ii": "-",
        "physics": "-",
        "engineering_drawing": "-",
        "object_oriented_programming_in_c++": "Abs",
        "thermal_science": "Abs",
        "applied_mechanics_i": "Abs"
    },
    "18110028": {
        "engineering_mathematics_ii": "-",
        "physics": "F",
        "engineering_drawing": "-",
        "object_oriented_programming_in_c++": "-",
        "thermal_science": "B+",
        "applied_mechanics_i": "-"
    },
    "18110033": {
        "engineering_mathematics_ii": "-",
        "physics": "-",
        "engineering_drawing": "-",
        "object_oriented_programming_in_c++": "Abs",
        "thermal_science": "F",
        "applied_mechanics_i": "-"
    },
    "18110037": {
        "engineering_mathematics_ii": "-",
        "physics": "-",
        "engineering_drawing": "-",
        "object_oriented_programming_in_c++": "-",
        "thermal_science": "B-",
        "applied_mechanics_i": "-"
    },
    "18110043": {
        "engineering_mathematics_ii": "-",
        "physics": "-",
        "engineering_drawing": "-",
        "object_oriented_programming_in_c++": "-",
        "thermal_science": "Abs",
        "applied_mechanics_i": "-"
    },
    "18110044": {
        "engineering_mathematics_ii": "Abs",
        "physics": "-",
        "engineering_drawing": "-",
        "object_oriented_programming_in_c++": "Abs",
        "thermal_science": "-",
        "applied_mechanics_i": "-"
    },
    "18110045": {
        "engineering_mathematics_ii": "F",
        "physics": "-",
        "engineering_drawing": "-",
        "object_oriented_programming_in_c++": "-",
        "thermal_science": "-",
        "applied_mechanics_i": "-"
    },
    "18110048": {
        "engineering_mathematics_ii": "F",
        "physics": "-",
        "engineering_drawing": "-",
        "object_oriented_programming_in_c++": "-",
        "thermal_science": "-",
        "applied_mechanics_i": "-"
    },
    "18110061": {
        "engineering_mathematics_ii": "-",
        "physics": "-",
        "engineering_drawing": "-",
        "object_oriented_programming_in_c++": "-",
        "thermal_science": "-",
        "applied_mechanics_i": "F"
    },
    "19110017": {
        "engineering_mathematics_ii": "-",
        "physics": "-",
        "engineering_drawing": "-",
        "object_oriented_programming_in_c++": "-",
        "thermal_science": "F",
        "applied_mechanics_i": "-"
    },
    "20110004": {
        "engineering_mathematics_ii": "-",
        "physics": "-",
        "engineering_drawing": "Abs",
        "object_oriented_programming_in_c++": "-",
        "thermal_science": "-",
        "applied_mechanics_i": "-"
    },
    "21110011": {
        "engineering_mathematics_ii": "-",
        "physics": "-",
        "engineering_drawing": "-",
        "object_oriented_programming_in_c++": "-",
        "thermal_science": "F",
        "applied_mechanics_i": "-"
    },
    "21110028": {
        "engineering_mathematics_ii": "-",
        "physics": "F",
        "engineering_drawing": "-",
        "object_oriented_programming_in_c++": "-",
        "thermal_science": "-",
        "applied_mechanics_i": "-"
    },
    "21110033": {
        "engineering_mathematics_ii": "-",
        "physics": "-",
        "engineering_drawing": "-",
        "object_oriented_programming_in_c++": "Abs",
        "thermal_science": "-",
        "applied_mechanics_i": "-"
    },
    "21110035": {
        "engineering_mathematics_ii": "-",
        "physics": "-",
        "engineering_drawing": "-",
        "object_oriented_programming_in_c++": "-",
        "thermal_science": "F",
        "applied_mechanics_i": "-"
    },
    "21110037": {
        "engineering_mathematics_ii": "-",
        "physics": "-",
        "engineering_drawing": "B-",
        "object_oriented_programming_in_c++": "-",
        "thermal_science": "-",
        "applied_mechanics_i": "-"
    },
    "21110039": {
        "engineering_mathematics_ii": "-",
        "physics": "Abs",
        "engineering_drawing": "-",
        "object_oriented_programming_in_c++": "-",
        "thermal_science": "-",
        "applied_mechanics_i": "-"
    },
    "21110045": {
        "engineering_mathematics_ii": "-",
        "physics": "-",
        "engineering_drawing": "-",
        "object_oriented_programming_in_c++": "-",
        "thermal_science": "Abs",
        "applied_mechanics_i": "-"
    },
    "21115006": {
        "engineering_mathematics_ii": "F",
        "physics": "-",
        "engineering_drawing": "-",
        "object_oriented_programming_in_c++": "-",
        "thermal_science": "-",
        "applied_mechanics_i": "-"
    },
    "21115008": {
        "engineering_mathematics_ii": "-",
        "physics": "C",
        "engineering_drawing": "-",
        "object_oriented_programming_in_c++": "-",
        "thermal_science": "-",
        "applied_mechanics_i": "-"
    },
    "21115011": {
        "engineering_mathematics_ii": "F",
        "physics": "-",
        "engineering_drawing": "-",
        "object_oriented_programming_in_c++": "-",
        "thermal_science": "-",
        "applied_mechanics_i": "-"
    },
    "21115015": {
        "engineering_mathematics_ii": "F",
        "physics": "-",
        "engineering_drawing": "-",
        "object_oriented_programming_in_c++": "-",
        "thermal_science": "-",
        "applied_mechanics_i": "-"
    },
    "21115017": {
        "engineering_mathematics_ii": "Abs",
        "physics": "-",
        "engineering_drawing": "-",
        "object_oriented_programming_in_c++": "-",
        "thermal_science": "-",
        "applied_mechanics_i": "-"
    },
    "21115019": {
        "engineering_mathematics_ii": "F",
        "physics": "F",
        "engineering_drawing": "-",
        "object_oriented_programming_in_c++": "-",
        "thermal_science": "-",
        "applied_mechanics_i": "-"
    },
    "21115024": {
        "engineering_mathematics_ii": "-",
        "physics": "A-",
        "engineering_drawing": "-",
        "object_oriented_programming_in_c++": "-",
        "thermal_science": "-",
        "applied_mechanics_i": "-"
    },
    "21115026": {
        "engineering_mathematics_ii": "-",
        "physics": "F",
        "engineering_drawing": "-",
        "object_oriented_programming_in_c++": "-",
        "thermal_science": "-",
        "applied_mechanics_i": "-"
    },
    "21115027": {
        "engineering_mathematics_ii": "Abs",
        "physics": "-",
        "engineering_drawing": "-",
        "object_oriented_programming_in_c++": "-",
        "thermal_science": "-",
        "applied_mechanics_i": "-"
    },
    "21115028": {
        "engineering_mathematics_ii": "Abs",
        "physics": "-",
        "engineering_drawing": "-",
        "object_oriented_programming_in_c++": "-",
        "thermal_science": "-",
        "applied_mechanics_i": "-"
    },
    "21115029": {
        "engineering_mathematics_ii": "-",
        "physics": "-",
        "engineering_drawing": "B+",
        "object_oriented_programming_in_c++": "-",
        "thermal_science": "-",
        "applied_mechanics_i": "-"
    },
    "21115031": {
        "engineering_mathematics_ii": "-",
        "physics": "F",
        "engineering_drawing": "-",
        "object_oriented_programming_in_c++": "-",
        "thermal_science": "-",
        "applied_mechanics_i": "-"
    }
}