{
    "nan": {
        "utilization_of_electrical_power": "-",
        "professional_ethics_in_engineering": "-",
        "power_plant_design": "-",
        "high_voltage_engineering": "-",
        "project_ii": "-",
        "rural_electrification": "-"
    },
    "16480013": {
        "utilization_of_electrical_power": "-",
        "professional_ethics_in_engineering": "-",
        "power_plant_design": "C",
        "high_voltage_engineering": "-",
        "project_ii": "-",
        "rural_electrification": "-"
    },
    "16480045": {
        "utilization_of_electrical_power": "Abs",
        "professional_ethics_in_engineering": "-",
        "power_plant_design": "-",
        "high_voltage_engineering": "Abs",
        "project_ii": "-",
        "rural_electrification": "-"
    },
    "16480051": {
        "utilization_of_electrical_power": "Abs",
        "professional_ethics_in_engineering": "-",
        "power_plant_design": "Abs",
        "high_voltage_engineering": "Abs",
        "project_ii": "-",
        "rural_electrification": "-"
    },
    "16480098": {
        "utilization_of_electrical_power": "F",
        "professional_ethics_in_engineering": "-",
        "power_plant_design": "-",
        "high_voltage_engineering": "-",
        "project_ii": "-",
        "rural_electrification": "-"
    },
    "16480099": {
        "utilization_of_electrical_power": "-",
        "professional_ethics_in_engineering": "-",
        "power_plant_design": "F",
        "high_voltage_engineering": "-",
        "project_ii": "-",
        "rural_electrification": "-"
    },
    "16480139": {
        "utilization_of_electrical_power": "-",
        "professional_ethics_in_engineering": "-",
        "power_plant_design": "-",
        "high_voltage_engineering": "Abs",
        "project_ii": "-",
        "rural_electrification": "-"
    },
    "16521029": {
        "utilization_of_electrical_power": "-",
        "professional_ethics_in_engineering": "-",
        "power_plant_design": "-",
        "high_voltage_engineering": "-",
        "project_ii": "B+",
        "rural_electrification": "-"
    },
    "17480096": {
        "utilization_of_electrical_power": "-",
        "professional_ethics_in_engineering": "-",
        "power_plant_design": "-",
        "high_voltage_engineering": "B",
        "project_ii": "-",
        "rural_electrification": "-"
    },
    "18480001": {
        "utilization_of_electrical_power": "-",
        "professional_ethics_in_engineering": "-",
        "power_plant_design": "-",
        "high_voltage_engineering": "C+",
        "project_ii": "-",
        "rural_electrification": "-"
    },
    "18480004": {
        "utilization_of_electrical_power": "-",
        "professional_ethics_in_engineering": "-",
        "power_plant_design": "F",
        "high_voltage_engineering": "C-",
        "project_ii": "-",
        "rural_electrification": "-"
    },
    "18480006": {
        "utilization_of_electrical_power": "-",
        "professional_ethics_in_engineering": "-",
        "power_plant_design": "-",
        "high_voltage_engineering": "C-",
        "project_ii": "-",
        "rural_electrification": "-"
    },
    "18480009": {
        "utilization_of_electrical_power": "-",
        "professional_ethics_in_engineering": "-",
        "power_plant_design": "-",
        "high_voltage_engineering": "B-",
        "project_ii": "-",
        "rural_electrification": "-"
    },
    "18480010": {
        "utilization_of_electrical_power": "-",
        "professional_ethics_in_engineering": "-",
        "power_plant_design": "-",
        "high_voltage_engineering": "F",
        "project_ii": "-",
        "rural_electrification": "-"
    },
    "18480016": {
        "utilization_of_electrical_power": "-",
        "professional_ethics_in_engineering": "-",
        "power_plant_design": "-",
        "high_voltage_engineering": "C-",
        "project_ii": "-",
        "rural_electrification": "-"
    },
    "18480018": {
        "utilization_of_electrical_power": "-",
        "professional_ethics_in_engineering": "-",
        "power_plant_design": "-",
        "high_voltage_engineering": "Abs",
        "project_ii": "-",
        "rural_electrification": "-"
    },
    "18480019": {
        "utilization_of_electrical_power": "-",
        "professional_ethics_in_engineering": "-",
        "power_plant_design": "-",
        "high_voltage_engineering": "C+",
        "project_ii": "-",
        "rural_electrification": "-"
    },
    "18480021": {
        "utilization_of_electrical_power": "F",
        "professional_ethics_in_engineering": "-",
        "power_plant_design": "-",
        "high_voltage_engineering": "-",
        "project_ii": "-",
        "rural_electrification": "-"
    },
    "18480027": {
        "utilization_of_electrical_power": "-",
        "professional_ethics_in_engineering": "-",
        "power_plant_design": "F",
        "high_voltage_engineering": "-",
        "project_ii": "-",
        "rural_electrification": "-"
    },
    "18480028": {
        "utilization_of_electrical_power": "-",
        "professional_ethics_in_engineering": "-",
        "power_plant_design": "C",
        "high_voltage_engineering": "-",
        "project_ii": "-",
        "rural_electrification": "-"
    },
    "18480031": {
        "utilization_of_electrical_power": "F",
        "professional_ethics_in_engineering": "-",
        "power_plant_design": "-",
        "high_voltage_engineering": "-",
        "project_ii": "-",
        "rural_electrification": "-"
    },
    "18480033": {
        "utilization_of_electrical_power": "-",
        "professional_ethics_in_engineering": "-",
        "power_plant_design": "-",
        "high_voltage_engineering": "C",
        "project_ii": "-",
        "rural_electrification": "-"
    },
    "18480049": {
        "utilization_of_electrical_power": "-",
        "professional_ethics_in_engineering": "-",
        "power_plant_design": "-",
        "high_voltage_engineering": "B+",
        "project_ii": "-",
        "rural_electrification": "-"
    },
    "18480057": {
        "utilization_of_electrical_power": "-",
        "professional_ethics_in_engineering": "-",
        "power_plant_design": "-",
        "high_voltage_engineering": "A",
        "project_ii": "-",
        "rural_electrification": "-"
    },
    "18480079": {
        "utilization_of_electrical_power": "-",
        "professional_ethics_in_engineering": "-",
        "power_plant_design": "C",
        "high_voltage_engineering": "-",
        "project_ii": "-",
        "rural_electrification": "-"
    },
    "18480083": {
        "utilization_of_electrical_power": "-",
        "professional_ethics_in_engineering": "-",
        "power_plant_design": "Abs",
        "high_voltage_engineering": "-",
        "project_ii": "-",
        "rural_electrification": "-"
    },
    "18480085": {
        "utilization_of_electrical_power": "-",
        "professional_ethics_in_engineering": "-",
        "power_plant_design": "-",
        "high_voltage_engineering": "A-",
        "project_ii": "-",
        "rural_electrification": "-"
    },
    "18480087": {
        "utilization_of_electrical_power": "Abs",
        "professional_ethics_in_engineering": "-",
        "power_plant_design": "Abs",
        "high_voltage_engineering": "F",
        "project_ii": "-",
        "rural_electrification": "-"
    },
    "18480106": {
        "utilization_of_electrical_power": "F",
        "professional_ethics_in_engineering": "-",
        "power_plant_design": "Abs",
        "high_voltage_engineering": "F",
        "project_ii": "-",
        "rural_electrification": "-"
    },
    "18480108": {
        "utilization_of_electrical_power": "-",
        "professional_ethics_in_engineering": "-",
        "power_plant_design": "F",
        "high_voltage_engineering": "Abs",
        "project_ii": "-",
        "rural_electrification": "-"
    },
    "18480112": {
        "utilization_of_electrical_power": "Cancelled",
        "professional_ethics_in_engineering": "-",
        "power_plant_design": "-",
        "high_voltage_engineering": "-",
        "project_ii": "-",
        "rural_electrification": "-"
    },
    "18480118": {
        "utilization_of_electrical_power": "F",
        "professional_ethics_in_engineering": "-",
        "power_plant_design": "-",
        "high_voltage_engineering": "F",
        "project_ii": "-",
        "rural_electrification": "-"
    },
    "18480123": {
        "utilization_of_electrical_power": "Cancelled",
        "professional_ethics_in_engineering": "-",
        "power_plant_design": "Cancelled",
        "high_voltage_engineering": "-",
        "project_ii": "-",
        "rural_electrification": "-"
    },
    "18480132": {
        "utilization_of_electrical_power": "-",
        "professional_ethics_in_engineering": "-",
        "power_plant_design": "F",
        "high_voltage_engineering": "-",
        "project_ii": "-",
        "rural_electrification": "-"
    },
    "19480003": {
        "utilization_of_electrical_power": "C-",
        "professional_ethics_in_engineering": "-",
        "power_plant_design": "A",
        "high_voltage_engineering": "B+",
        "project_ii": "-",
        "rural_electrification": "-"
    },
    "19480017": {
        "utilization_of_electrical_power": "C-",
        "professional_ethics_in_engineering": "-",
        "power_plant_design": "A",
        "high_voltage_engineering": "-",
        "project_ii": "-",
        "rural_electrification": "-"
    },
    "19480018": {
        "utilization_of_electrical_power": "F",
        "professional_ethics_in_engineering": "-",
        "power_plant_design": "-",
        "high_voltage_engineering": "-",
        "project_ii": "-",
        "rural_electrification": "-"
    },
    "19480019": {
        "utilization_of_electrical_power": "-",
        "professional_ethics_in_engineering": "-",
        "power_plant_design": "A-",
        "high_voltage_engineering": "A-",
        "project_ii": "-",
        "rural_electrification": "-"
    },
    "19480024": {
        "utilization_of_electrical_power": "C-",
        "professional_ethics_in_engineering": "-",
        "power_plant_design": "-",
        "high_voltage_engineering": "-",
        "project_ii": "-",
        "rural_electrification": "-"
    },
    "19480028": {
        "utilization_of_electrical_power": "Abs",
        "professional_ethics_in_engineering": "-",
        "power_plant_design": "B+",
        "high_voltage_engineering": "-",
        "project_ii": "-",
        "rural_electrification": "-"
    },
    "19480031": {
        "utilization_of_electrical_power": "-",
        "professional_ethics_in_engineering": "-",
        "power_plant_design": "F",
        "high_voltage_engineering": "-",
        "project_ii": "-",
        "rural_electrification": "-"
    },
    "19480033": {
        "utilization_of_electrical_power": "C",
        "professional_ethics_in_engineering": "-",
        "power_plant_design": "-",
        "high_voltage_engineering": "-",
        "project_ii": "-",
        "rural_electrification": "-"
    },
    "19480034": {
        "utilization_of_electrical_power": "-",
        "professional_ethics_in_engineering": "-",
        "power_plant_design": "B",
        "high_voltage_engineering": "B-",
        "project_ii": "-",
        "rural_electrification": "-"
    },
    "19480035": {
        "utilization_of_electrical_power": "-",
        "professional_ethics_in_engineering": "-",
        "power_plant_design": "-",
        "high_voltage_engineering": "Abs",
        "project_ii": "-",
        "rural_electrification": "-"
    },
    "19480037": {
        "utilization_of_electrical_power": "-",
        "professional_ethics_in_engineering": "-",
        "power_plant_design": "B+",
        "high_voltage_engineering": "-",
        "project_ii": "-",
        "rural_electrification": "-"
    },
    "19480038": {
        "utilization_of_electrical_power": "F",
        "professional_ethics_in_engineering": "B-",
        "power_plant_design": "-",
        "high_voltage_engineering": "-",
        "project_ii": "-",
        "rural_electrification": "-"
    },
    "19480039": {
        "utilization_of_electrical_power": "F",
        "professional_ethics_in_engineering": "-",
        "power_plant_design": "-",
        "high_voltage_engineering": "A",
        "project_ii": "-",
        "rural_electrification": "-"
    },
    "19480040": {
        "utilization_of_electrical_power": "F",
        "professional_ethics_in_engineering": "-",
        "power_plant_design": "B",
        "high_voltage_engineering": "A",
        "project_ii": "-",
        "rural_electrification": "-"
    },
    "19480044": {
        "utilization_of_electrical_power": "-",
        "professional_ethics_in_engineering": "-",
        "power_plant_design": "-",
        "high_voltage_engineering": "B-",
        "project_ii": "-",
        "rural_electrification": "-"
    },
    "19480046": {
        "utilization_of_electrical_power": "F",
        "professional_ethics_in_engineering": "-",
        "power_plant_design": "F",
        "high_voltage_engineering": "F",
        "project_ii": "-",
        "rural_electrification": "-"
    },
    "19480049": {
        "utilization_of_electrical_power": "F",
        "professional_ethics_in_engineering": "-",
        "power_plant_design": "C+",
        "high_voltage_engineering": "C",
        "project_ii": "-",
        "rural_electrification": "-"
    },
    "19480055": {
        "utilization_of_electrical_power": "-",
        "professional_ethics_in_engineering": "-",
        "power_plant_design": "D+",
        "high_voltage_engineering": "-",
        "project_ii": "-",
        "rural_electrification": "-"
    },
    "19480057": {
        "utilization_of_electrical_power": "Abs",
        "professional_ethics_in_engineering": "-",
        "power_plant_design": "-",
        "high_voltage_engineering": "Abs",
        "project_ii": "-",
        "rural_electrification": "-"
    },
    "19480058": {
        "utilization_of_electrical_power": "-",
        "professional_ethics_in_engineering": "-",
        "power_plant_design": "C+",
        "high_voltage_engineering": "-",
        "project_ii": "-",
        "rural_electrification": "-"
    },
    "19480063": {
        "utilization_of_electrical_power": "F",
        "professional_ethics_in_engineering": "-",
        "power_plant_design": "B-",
        "high_voltage_engineering": "C+",
        "project_ii": "-",
        "rural_electrification": "-"
    },
    "19480064": {
        "utilization_of_electrical_power": "F",
        "professional_ethics_in_engineering": "-",
        "power_plant_design": "B-",
        "high_voltage_engineering": "B-",
        "project_ii": "-",
        "rural_electrification": "-"
    },
    "19480066": {
        "utilization_of_electrical_power": "F",
        "professional_ethics_in_engineering": "-",
        "power_plant_design": "F",
        "high_voltage_engineering": "F",
        "project_ii": "-",
        "rural_electrification": "-"
    },
    "19480068": {
        "utilization_of_electrical_power": "-",
        "professional_ethics_in_engineering": "-",
        "power_plant_design": "-",
        "high_voltage_engineering": "-",
        "project_ii": "Incomplete",
        "rural_electrification": "C-"
    },
    "19480069": {
        "utilization_of_electrical_power": "-",
        "professional_ethics_in_engineering": "-",
        "power_plant_design": "B",
        "high_voltage_engineering": "-",
        "project_ii": "-",
        "rural_electrification": "-"
    },
    "19480074": {
        "utilization_of_electrical_power": "-",
        "professional_ethics_in_engineering": "F",
        "power_plant_design": "-",
        "high_voltage_engineering": "-",
        "project_ii": "-",
        "rural_electrification": "-"
    },
    "19480077": {
        "utilization_of_electrical_power": "-",
        "professional_ethics_in_engineering": "-",
        "power_plant_design": "F",
        "high_voltage_engineering": "-",
        "project_ii": "-",
        "rural_electrification": "-"
    },
    "19480080": {
        "utilization_of_electrical_power": "-",
        "professional_ethics_in_engineering": "-",
        "power_plant_design": "-",
        "high_voltage_engineering": "C+",
        "project_ii": "-",
        "rural_electrification": "-"
    },
    "19480083": {
        "utilization_of_electrical_power": "F",
        "professional_ethics_in_engineering": "-",
        "power_plant_design": "B+",
        "high_voltage_engineering": "B",
        "project_ii": "-",
        "rural_electrification": "-"
    },
    "19480087": {
        "utilization_of_electrical_power": "-",
        "professional_ethics_in_engineering": "-",
        "power_plant_design": "F",
        "high_voltage_engineering": "-",
        "project_ii": "-",
        "rural_electrification": "-"
    },
    "19480091": {
        "utilization_of_electrical_power": "-",
        "professional_ethics_in_engineering": "-",
        "power_plant_design": "-",
        "high_voltage_engineering": "F",
        "project_ii": "-",
        "rural_electrification": "-"
    },
    "19480096": {
        "utilization_of_electrical_power": "C+",
        "professional_ethics_in_engineering": "-",
        "power_plant_design": "-",
        "high_voltage_engineering": "-",
        "project_ii": "-",
        "rural_electrification": "-"
    },
    "19480101": {
        "utilization_of_electrical_power": "D+",
        "professional_ethics_in_engineering": "-",
        "power_plant_design": "A",
        "high_voltage_engineering": "B+",
        "project_ii": "-",
        "rural_electrification": "-"
    },
    "19480106": {
        "utilization_of_electrical_power": "-",
        "professional_ethics_in_engineering": "-",
        "power_plant_design": "-",
        "high_voltage_engineering": "Abs",
        "project_ii": "-",
        "rural_electrification": "-"
    },
    "19480111": {
        "utilization_of_electrical_power": "D+",
        "professional_ethics_in_engineering": "-",
        "power_plant_design": "-",
        "high_voltage_engineering": "-",
        "project_ii": "-",
        "rural_electrification": "-"
    },
    "19480113": {
        "utilization_of_electrical_power": "F",
        "professional_ethics_in_engineering": "-",
        "power_plant_design": "F",
        "high_voltage_engineering": "-",
        "project_ii": "-",
        "rural_electrification": "-"
    },
    "19480114": {
        "utilization_of_electrical_power": "Abs",
        "professional_ethics_in_engineering": "-",
        "power_plant_design": "Abs",
        "high_voltage_engineering": "Abs",
        "project_ii": "-",
        "rural_electrification": "-"
    },
    "19480117": {
        "utilization_of_electrical_power": "-",
        "professional_ethics_in_engineering": "-",
        "power_plant_design": "F",
        "high_voltage_engineering": "-",
        "project_ii": "-",
        "rural_electrification": "-"
    },
    "19480122": {
        "utilization_of_electrical_power": "Abs",
        "professional_ethics_in_engineering": "-",
        "power_plant_design": "-",
        "high_voltage_engineering": "F",
        "project_ii": "-",
        "rural_electrification": "-"
    },
    "19480123": {
        "utilization_of_electrical_power": "F",
        "professional_ethics_in_engineering": "C",
        "power_plant_design": "-",
        "high_voltage_engineering": "F",
        "project_ii": "-",
        "rural_electrification": "-"
    },
    "19480124": {
        "utilization_of_electrical_power": "-",
        "professional_ethics_in_engineering": "F",
        "power_plant_design": "Abs",
        "high_voltage_engineering": "-",
        "project_ii": "-",
        "rural_electrification": "-"
    },
    "19480125": {
        "utilization_of_electrical_power": "F",
        "professional_ethics_in_engineering": "-",
        "power_plant_design": "-",
        "high_voltage_engineering": "-",
        "project_ii": "-",
        "rural_electrification": "-"
    },
    "19480129": {
        "utilization_of_electrical_power": "-",
        "professional_ethics_in_engineering": "-",
        "power_plant_design": "Abs",
        "high_voltage_engineering": "-",
        "project_ii": "-",
        "rural_electrification": "-"
    },
    "19480130": {
        "utilization_of_electrical_power": "-",
        "professional_ethics_in_engineering": "-",
        "power_plant_design": "Expelled",
        "high_voltage_engineering": "-",
        "project_ii": "-",
        "rural_electrification": "-"
    },
    "19480131": {
        "utilization_of_electrical_power": "-",
        "professional_ethics_in_engineering": "-",
        "power_plant_design": "Abs",
        "high_voltage_engineering": "-",
        "project_ii": "-",
        "rural_electrification": "-"
    },
    "19480133": {
        "utilization_of_electrical_power": "F",
        "professional_ethics_in_engineering": "-",
        "power_plant_design": "-",
        "high_voltage_engineering": "Abs",
        "project_ii": "-",
        "rural_electrification": "-"
    },
    "19480134": {
        "utilization_of_electrical_power": "F",
        "professional_ethics_in_engineering": "-",
        "power_plant_design": "F",
        "high_voltage_engineering": "F",
        "project_ii": "-",
        "rural_electrification": "-"
    }
}