{
    "nan": {
        "engineering_mathematics_iii": "-",
        "electrical_engineering_materials": "-",
        "network_theory": "-",
        "logic_circuits": "-",
        "electronic_devices": "-",
        "electromagnetic_field_and_waves": "-"
    },
    "16480045": {
        "engineering_mathematics_iii": "-",
        "electrical_engineering_materials": "-",
        "network_theory": "-",
        "logic_circuits": "-",
        "electronic_devices": "F",
        "electromagnetic_field_and_waves": "-"
    },
    "16480094": {
        "engineering_mathematics_iii": "-",
        "electrical_engineering_materials": "-",
        "network_theory": "B+",
        "logic_circuits": "-",
        "electronic_devices": "-",
        "electromagnetic_field_and_waves": "-"
    },
    "16480098": {
        "engineering_mathematics_iii": "-",
        "electrical_engineering_materials": "-",
        "network_theory": "-",
        "logic_circuits": "-",
        "electronic_devices": "Abs",
        "electromagnetic_field_and_waves": "-"
    },
    "16480099": {
        "engineering_mathematics_iii": "-",
        "electrical_engineering_materials": "-",
        "network_theory": "-",
        "logic_circuits": "-",
        "electronic_devices": "-",
        "electromagnetic_field_and_waves": "A"
    },
    "16480127": {
        "engineering_mathematics_iii": "C",
        "electrical_engineering_materials": "-",
        "network_theory": "A-",
        "logic_circuits": "-",
        "electronic_devices": "-",
        "electromagnetic_field_and_waves": "-"
    },
    "16480139": {
        "engineering_mathematics_iii": "-",
        "electrical_engineering_materials": "-",
        "network_theory": "-",
        "logic_circuits": "-",
        "electronic_devices": "-",
        "electromagnetic_field_and_waves": "Abs"
    },
    "16521029": {
        "engineering_mathematics_iii": "-",
        "electrical_engineering_materials": "-",
        "network_theory": "-",
        "logic_circuits": "-",
        "electronic_devices": "-",
        "electromagnetic_field_and_waves": "D+"
    },
    "17480002": {
        "engineering_mathematics_iii": "-",
        "electrical_engineering_materials": "-",
        "network_theory": "-",
        "logic_circuits": "-",
        "electronic_devices": "-",
        "electromagnetic_field_and_waves": "F"
    },
    "17480013": {
        "engineering_mathematics_iii": "-",
        "electrical_engineering_materials": "-",
        "network_theory": "-",
        "logic_circuits": "-",
        "electronic_devices": "-",
        "electromagnetic_field_and_waves": "C"
    },
    "17480018": {
        "engineering_mathematics_iii": "-",
        "electrical_engineering_materials": "Abs",
        "network_theory": "-",
        "logic_circuits": "F",
        "electronic_devices": "Abs",
        "electromagnetic_field_and_waves": "-"
    },
    "17480027": {
        "engineering_mathematics_iii": "F",
        "electrical_engineering_materials": "-",
        "network_theory": "-",
        "logic_circuits": "-",
        "electronic_devices": "-",
        "electromagnetic_field_and_waves": "-"
    },
    "17480031": {
        "engineering_mathematics_iii": "C-",
        "electrical_engineering_materials": "-",
        "network_theory": "-",
        "logic_circuits": "-",
        "electronic_devices": "-",
        "electromagnetic_field_and_waves": "-"
    },
    "17480035": {
        "engineering_mathematics_iii": "F",
        "electrical_engineering_materials": "F",
        "network_theory": "F",
        "logic_circuits": "-",
        "electronic_devices": "F",
        "electromagnetic_field_and_waves": "-"
    },
    "17480041": {
        "engineering_mathematics_iii": "-",
        "electrical_engineering_materials": "-",
        "network_theory": "-",
        "logic_circuits": "-",
        "electronic_devices": "F",
        "electromagnetic_field_and_waves": "-"
    },
    "17480046": {
        "engineering_mathematics_iii": "-",
        "electrical_engineering_materials": "F",
        "network_theory": "-",
        "logic_circuits": "-",
        "electronic_devices": "-",
        "electromagnetic_field_and_waves": "-"
    },
    "17480063": {
        "engineering_mathematics_iii": "-",
        "electrical_engineering_materials": "-",
        "network_theory": "-",
        "logic_circuits": "-",
        "electronic_devices": "-",
        "electromagnetic_field_and_waves": "B+"
    },
    "17480064": {
        "engineering_mathematics_iii": "-",
        "electrical_engineering_materials": "B",
        "network_theory": "-",
        "logic_circuits": "-",
        "electronic_devices": "-",
        "electromagnetic_field_and_waves": "-"
    },
    "17480081": {
        "engineering_mathematics_iii": "-",
        "electrical_engineering_materials": "-",
        "network_theory": "-",
        "logic_circuits": "-",
        "electronic_devices": "Abs",
        "electromagnetic_field_and_waves": "-"
    },
    "17480096": {
        "engineering_mathematics_iii": "-",
        "electrical_engineering_materials": "Abs",
        "network_theory": "-",
        "logic_circuits": "-",
        "electronic_devices": "-",
        "electromagnetic_field_and_waves": "-"
    },
    "17480097": {
        "engineering_mathematics_iii": "-",
        "electrical_engineering_materials": "-",
        "network_theory": "-",
        "logic_circuits": "Abs",
        "electronic_devices": "-",
        "electromagnetic_field_and_waves": "-"
    },
    "17480099": {
        "engineering_mathematics_iii": "-",
        "electrical_engineering_materials": "-",
        "network_theory": "-",
        "logic_circuits": "Abs",
        "electronic_devices": "-",
        "electromagnetic_field_and_waves": "-"
    },
    "17480105": {
        "engineering_mathematics_iii": "-",
        "electrical_engineering_materials": "-",
        "network_theory": "Abs",
        "logic_circuits": "-",
        "electronic_devices": "Abs",
        "electromagnetic_field_and_waves": "-"
    },
    "17480109": {
        "engineering_mathematics_iii": "F",
        "electrical_engineering_materials": "-",
        "network_theory": "F",
        "logic_circuits": "-",
        "electronic_devices": "F",
        "electromagnetic_field_and_waves": "-"
    },
    "17480121": {
        "engineering_mathematics_iii": "-",
        "electrical_engineering_materials": "-",
        "network_theory": "-",
        "logic_circuits": "-",
        "electronic_devices": "B+",
        "electromagnetic_field_and_waves": "-"
    },
    "17480123": {
        "engineering_mathematics_iii": "-",
        "electrical_engineering_materials": "-",
        "network_theory": "-",
        "logic_circuits": "-",
        "electronic_devices": "-",
        "electromagnetic_field_and_waves": "Withheld"
    },
    "17480134": {
        "engineering_mathematics_iii": "-",
        "electrical_engineering_materials": "-",
        "network_theory": "-",
        "logic_circuits": "-",
        "electronic_devices": "Abs",
        "electromagnetic_field_and_waves": "Abs"
    },
    "17480144": {
        "engineering_mathematics_iii": "-",
        "electrical_engineering_materials": "-",
        "network_theory": "A-",
        "logic_circuits": "C+",
        "electronic_devices": "F",
        "electromagnetic_field_and_waves": "-"
    },
    "17480146": {
        "engineering_mathematics_iii": "-",
        "electrical_engineering_materials": "-",
        "network_theory": "-",
        "logic_circuits": "-",
        "electronic_devices": "Abs",
        "electromagnetic_field_and_waves": "-"
    },
    "18480001": {
        "engineering_mathematics_iii": "C",
        "electrical_engineering_materials": "-",
        "network_theory": "C-",
        "logic_circuits": "-",
        "electronic_devices": "-",
        "electromagnetic_field_and_waves": "F"
    },
    "18480006": {
        "engineering_mathematics_iii": "-",
        "electrical_engineering_materials": "-",
        "network_theory": "-",
        "logic_circuits": "-",
        "electronic_devices": "-",
        "electromagnetic_field_and_waves": "F"
    },
    "18480009": {
        "engineering_mathematics_iii": "B",
        "electrical_engineering_materials": "-",
        "network_theory": "-",
        "logic_circuits": "-",
        "electronic_devices": "-",
        "electromagnetic_field_and_waves": "-"
    },
    "18480010": {
        "engineering_mathematics_iii": "D+",
        "electrical_engineering_materials": "-",
        "network_theory": "-",
        "logic_circuits": "-",
        "electronic_devices": "-",
        "electromagnetic_field_and_waves": "-"
    },
    "18480011": {
        "engineering_mathematics_iii": "-",
        "electrical_engineering_materials": "F",
        "network_theory": "-",
        "logic_circuits": "F",
        "electronic_devices": "-",
        "electromagnetic_field_and_waves": "-"
    },
    "18480015": {
        "engineering_mathematics_iii": "-",
        "electrical_engineering_materials": "-",
        "network_theory": "-",
        "logic_circuits": "-",
        "electronic_devices": "-",
        "electromagnetic_field_and_waves": "C"
    },
    "18480016": {
        "engineering_mathematics_iii": "Abs",
        "electrical_engineering_materials": "-",
        "network_theory": "-",
        "logic_circuits": "-",
        "electronic_devices": "Abs",
        "electromagnetic_field_and_waves": "Abs"
    },
    "18480018": {
        "engineering_mathematics_iii": "-",
        "electrical_engineering_materials": "-",
        "network_theory": "F",
        "logic_circuits": "-",
        "electronic_devices": "-",
        "electromagnetic_field_and_waves": "-"
    },
    "18480019": {
        "engineering_mathematics_iii": "-",
        "electrical_engineering_materials": "C",
        "network_theory": "-",
        "logic_circuits": "-",
        "electronic_devices": "-",
        "electromagnetic_field_and_waves": "-"
    },
    "18480020": {
        "engineering_mathematics_iii": "-",
        "electrical_engineering_materials": "F",
        "network_theory": "-",
        "logic_circuits": "-",
        "electronic_devices": "-",
        "electromagnetic_field_and_waves": "-"
    },
    "18480028": {
        "engineering_mathematics_iii": "-",
        "electrical_engineering_materials": "-",
        "network_theory": "F",
        "logic_circuits": "-",
        "electronic_devices": "-",
        "electromagnetic_field_and_waves": "-"
    },
    "18480031": {
        "engineering_mathematics_iii": "-",
        "electrical_engineering_materials": "-",
        "network_theory": "F",
        "logic_circuits": "-",
        "electronic_devices": "-",
        "electromagnetic_field_and_waves": "-"
    },
    "18480033": {
        "engineering_mathematics_iii": "C-",
        "electrical_engineering_materials": "-",
        "network_theory": "C+",
        "logic_circuits": "-",
        "electronic_devices": "-",
        "electromagnetic_field_and_waves": "-"
    },
    "18480038": {
        "engineering_mathematics_iii": "-",
        "electrical_engineering_materials": "-",
        "network_theory": "-",
        "logic_circuits": "B+",
        "electronic_devices": "-",
        "electromagnetic_field_and_waves": "-"
    },
    "18480062": {
        "engineering_mathematics_iii": "-",
        "electrical_engineering_materials": "-",
        "network_theory": "B",
        "logic_circuits": "-",
        "electronic_devices": "B-",
        "electromagnetic_field_and_waves": "-"
    },
    "18480079": {
        "engineering_mathematics_iii": "-",
        "electrical_engineering_materials": "F",
        "network_theory": "-",
        "logic_circuits": "-",
        "electronic_devices": "-",
        "electromagnetic_field_and_waves": "-"
    },
    "18480083": {
        "engineering_mathematics_iii": "-",
        "electrical_engineering_materials": "Abs",
        "network_theory": "-",
        "logic_circuits": "-",
        "electronic_devices": "-",
        "electromagnetic_field_and_waves": "-"
    },
    "18480085": {
        "engineering_mathematics_iii": "-",
        "electrical_engineering_materials": "-",
        "network_theory": "B",
        "logic_circuits": "-",
        "electronic_devices": "-",
        "electromagnetic_field_and_waves": "-"
    },
    "18480087": {
        "engineering_mathematics_iii": "-",
        "electrical_engineering_materials": "-",
        "network_theory": "Abs",
        "logic_circuits": "-",
        "electronic_devices": "-",
        "electromagnetic_field_and_waves": "Abs"
    },
    "18480098": {
        "engineering_mathematics_iii": "-",
        "electrical_engineering_materials": "-",
        "network_theory": "-",
        "logic_circuits": "-",
        "electronic_devices": "-",
        "electromagnetic_field_and_waves": "B+"
    },
    "18480105": {
        "engineering_mathematics_iii": "-",
        "electrical_engineering_materials": "-",
        "network_theory": "-",
        "logic_circuits": "-",
        "electronic_devices": "Abs",
        "electromagnetic_field_and_waves": "-"
    },
    "18480118": {
        "engineering_mathematics_iii": "-",
        "electrical_engineering_materials": "Withheld",
        "network_theory": "-",
        "logic_circuits": "-",
        "electronic_devices": "-",
        "electromagnetic_field_and_waves": "-"
    },
    "18480121": {
        "engineering_mathematics_iii": "-",
        "electrical_engineering_materials": "-",
        "network_theory": "-",
        "logic_circuits": "-",
        "electronic_devices": "-",
        "electromagnetic_field_and_waves": "B-"
    },
    "18480122": {
        "engineering_mathematics_iii": "Expelled",
        "electrical_engineering_materials": "-",
        "network_theory": "-",
        "logic_circuits": "-",
        "electronic_devices": "-",
        "electromagnetic_field_and_waves": "-"
    },
    "18480123": {
        "engineering_mathematics_iii": "-",
        "electrical_engineering_materials": "-",
        "network_theory": "-",
        "logic_circuits": "-",
        "electronic_devices": "Cancelled",
        "electromagnetic_field_and_waves": "Cancelled"
    },
    "18480129": {
        "engineering_mathematics_iii": "Abs",
        "electrical_engineering_materials": "-",
        "network_theory": "F",
        "logic_circuits": "Abs",
        "electronic_devices": "-",
        "electromagnetic_field_and_waves": "-"
    },
    "18480136": {
        "engineering_mathematics_iii": "B+",
        "electrical_engineering_materials": "-",
        "network_theory": "F",
        "logic_circuits": "-",
        "electronic_devices": "-",
        "electromagnetic_field_and_waves": "-"
    },
    "18480144": {
        "engineering_mathematics_iii": "-",
        "electrical_engineering_materials": "-",
        "network_theory": "-",
        "logic_circuits": "-",
        "electronic_devices": "-",
        "electromagnetic_field_and_waves": "B"
    },
    "19480003": {
        "engineering_mathematics_iii": "C+",
        "electrical_engineering_materials": "-",
        "network_theory": "-",
        "logic_circuits": "-",
        "electronic_devices": "-",
        "electromagnetic_field_and_waves": "F"
    },
    "19480004": {
        "engineering_mathematics_iii": "-",
        "electrical_engineering_materials": "-",
        "network_theory": "-",
        "logic_circuits": "-",
        "electronic_devices": "-",
        "electromagnetic_field_and_waves": "B+"
    },
    "19480010": {
        "engineering_mathematics_iii": "F",
        "electrical_engineering_materials": "-",
        "network_theory": "-",
        "logic_circuits": "-",
        "electronic_devices": "F",
        "electromagnetic_field_and_waves": "F"
    },
    "19480012": {
        "engineering_mathematics_iii": "-",
        "electrical_engineering_materials": "-",
        "network_theory": "-",
        "logic_circuits": "-",
        "electronic_devices": "-",
        "electromagnetic_field_and_waves": "A-"
    },
    "19480018": {
        "engineering_mathematics_iii": "F",
        "electrical_engineering_materials": "-",
        "network_theory": "-",
        "logic_circuits": "-",
        "electronic_devices": "F",
        "electromagnetic_field_and_waves": "F"
    },
    "19480025": {
        "engineering_mathematics_iii": "F",
        "electrical_engineering_materials": "-",
        "network_theory": "-",
        "logic_circuits": "-",
        "electronic_devices": "-",
        "electromagnetic_field_and_waves": "F"
    },
    "19480028": {
        "engineering_mathematics_iii": "-",
        "electrical_engineering_materials": "-",
        "network_theory": "-",
        "logic_circuits": "F",
        "electronic_devices": "-",
        "electromagnetic_field_and_waves": "-"
    },
    "19480029": {
        "engineering_mathematics_iii": "F",
        "electrical_engineering_materials": "-",
        "network_theory": "-",
        "logic_circuits": "-",
        "electronic_devices": "-",
        "electromagnetic_field_and_waves": "-"
    },
    "19480034": {
        "engineering_mathematics_iii": "C+",
        "electrical_engineering_materials": "-",
        "network_theory": "-",
        "logic_circuits": "-",
        "electronic_devices": "-",
        "electromagnetic_field_and_waves": "C-"
    },
    "19480037": {
        "engineering_mathematics_iii": "F",
        "electrical_engineering_materials": "-",
        "network_theory": "-",
        "logic_circuits": "-",
        "electronic_devices": "-",
        "electromagnetic_field_and_waves": "-"
    },
    "19480044": {
        "engineering_mathematics_iii": "F",
        "electrical_engineering_materials": "-",
        "network_theory": "B",
        "logic_circuits": "-",
        "electronic_devices": "-",
        "electromagnetic_field_and_waves": "F"
    },
    "19480055": {
        "engineering_mathematics_iii": "-",
        "electrical_engineering_materials": "-",
        "network_theory": "-",
        "logic_circuits": "B-",
        "electronic_devices": "-",
        "electromagnetic_field_and_waves": "-"
    },
    "19480056": {
        "engineering_mathematics_iii": "F",
        "electrical_engineering_materials": "-",
        "network_theory": "F",
        "logic_circuits": "-",
        "electronic_devices": "-",
        "electromagnetic_field_and_waves": "-"
    },
    "19480057": {
        "engineering_mathematics_iii": "Abs",
        "electrical_engineering_materials": "-",
        "network_theory": "-",
        "logic_circuits": "-",
        "electronic_devices": "-",
        "electromagnetic_field_and_waves": "-"
    },
    "19480059": {
        "engineering_mathematics_iii": "-",
        "electrical_engineering_materials": "D+",
        "network_theory": "-",
        "logic_circuits": "-",
        "electronic_devices": "-",
        "electromagnetic_field_and_waves": "-"
    },
    "19480060": {
        "engineering_mathematics_iii": "F",
        "electrical_engineering_materials": "-",
        "network_theory": "-",
        "logic_circuits": "-",
        "electronic_devices": "-",
        "electromagnetic_field_and_waves": "-"
    },
    "19480063": {
        "engineering_mathematics_iii": "-",
        "electrical_engineering_materials": "-",
        "network_theory": "-",
        "logic_circuits": "-",
        "electronic_devices": "-",
        "electromagnetic_field_and_waves": "Abs"
    },
    "19480065": {
        "engineering_mathematics_iii": "F",
        "electrical_engineering_materials": "F",
        "network_theory": "-",
        "logic_circuits": "-",
        "electronic_devices": "Abs",
        "electromagnetic_field_and_waves": "-"
    },
    "19480068": {
        "engineering_mathematics_iii": "-",
        "electrical_engineering_materials": "-",
        "network_theory": "-",
        "logic_circuits": "D",
        "electronic_devices": "-",
        "electromagnetic_field_and_waves": "-"
    },
    "19480070": {
        "engineering_mathematics_iii": "B+",
        "electrical_engineering_materials": "-",
        "network_theory": "-",
        "logic_circuits": "-",
        "electronic_devices": "-",
        "electromagnetic_field_and_waves": "-"
    },
    "19480074": {
        "engineering_mathematics_iii": "Abs",
        "electrical_engineering_materials": "Abs",
        "network_theory": "F",
        "logic_circuits": "C",
        "electronic_devices": "F",
        "electromagnetic_field_and_waves": "-"
    },
    "19480080": {
        "engineering_mathematics_iii": "-",
        "electrical_engineering_materials": "-",
        "network_theory": "-",
        "logic_circuits": "F",
        "electronic_devices": "F",
        "electromagnetic_field_and_waves": "-"
    },
    "19480081": {
        "engineering_mathematics_iii": "B",
        "electrical_engineering_materials": "Abs",
        "network_theory": "-",
        "logic_circuits": "B",
        "electronic_devices": "B+",
        "electromagnetic_field_and_waves": "-"
    },
    "19480083": {
        "engineering_mathematics_iii": "-",
        "electrical_engineering_materials": "-",
        "network_theory": "-",
        "logic_circuits": "F",
        "electronic_devices": "F",
        "electromagnetic_field_and_waves": "-"
    },
    "19480087": {
        "engineering_mathematics_iii": "-",
        "electrical_engineering_materials": "-",
        "network_theory": "-",
        "logic_circuits": "-",
        "electronic_devices": "-",
        "electromagnetic_field_and_waves": "Abs"
    },
    "19480104": {
        "engineering_mathematics_iii": "B-",
        "electrical_engineering_materials": "-",
        "network_theory": "A-",
        "logic_circuits": "B+",
        "electronic_devices": "-",
        "electromagnetic_field_and_waves": "-"
    },
    "19480110": {
        "engineering_mathematics_iii": "F",
        "electrical_engineering_materials": "-",
        "network_theory": "B",
        "logic_circuits": "-",
        "electronic_devices": "-",
        "electromagnetic_field_and_waves": "-"
    },
    "19480111": {
        "engineering_mathematics_iii": "-",
        "electrical_engineering_materials": "-",
        "network_theory": "-",
        "logic_circuits": "B-",
        "electronic_devices": "-",
        "electromagnetic_field_and_waves": "-"
    },
    "19480113": {
        "engineering_mathematics_iii": "-",
        "electrical_engineering_materials": "-",
        "network_theory": "Abs",
        "logic_circuits": "Abs",
        "electronic_devices": "F",
        "electromagnetic_field_and_waves": "-"
    },
    "19480117": {
        "engineering_mathematics_iii": "-",
        "electrical_engineering_materials": "F",
        "network_theory": "-",
        "logic_circuits": "F",
        "electronic_devices": "F",
        "electromagnetic_field_and_waves": "-"
    },
    "19480120": {
        "engineering_mathematics_iii": "-",
        "electrical_engineering_materials": "-",
        "network_theory": "-",
        "logic_circuits": "-",
        "electronic_devices": "C+",
        "electromagnetic_field_and_waves": "C"
    },
    "19480123": {
        "engineering_mathematics_iii": "F",
        "electrical_engineering_materials": "-",
        "network_theory": "-",
        "logic_circuits": "-",
        "electronic_devices": "-",
        "electromagnetic_field_and_waves": "-"
    },
    "19480125": {
        "engineering_mathematics_iii": "F",
        "electrical_engineering_materials": "F",
        "network_theory": "-",
        "logic_circuits": "-",
        "electronic_devices": "-",
        "electromagnetic_field_and_waves": "-"
    },
    "19480126": {
        "engineering_mathematics_iii": "-",
        "electrical_engineering_materials": "-",
        "network_theory": "-",
        "logic_circuits": "-",
        "electronic_devices": "-",
        "electromagnetic_field_and_waves": "B-"
    },
    "19480129": {
        "engineering_mathematics_iii": "-",
        "electrical_engineering_materials": "F",
        "network_theory": "-",
        "logic_circuits": "-",
        "electronic_devices": "Abs",
        "electromagnetic_field_and_waves": "Abs"
    },
    "19480130": {
        "engineering_mathematics_iii": "-",
        "electrical_engineering_materials": "-",
        "network_theory": "-",
        "logic_circuits": "-",
        "electronic_devices": "-",
        "electromagnetic_field_and_waves": "Abs"
    },
    "19480131": {
        "engineering_mathematics_iii": "-",
        "electrical_engineering_materials": "-",
        "network_theory": "-",
        "logic_circuits": "Abs",
        "electronic_devices": "-",
        "electromagnetic_field_and_waves": "-"
    },
    "19480132": {
        "engineering_mathematics_iii": "C",
        "electrical_engineering_materials": "-",
        "network_theory": "-",
        "logic_circuits": "-",
        "electronic_devices": "-",
        "electromagnetic_field_and_waves": "-"
    },
    "19480133": {
        "engineering_mathematics_iii": "F",
        "electrical_engineering_materials": "-",
        "network_theory": "-",
        "logic_circuits": "-",
        "electronic_devices": "-",
        "electromagnetic_field_and_waves": "-"
    },
    "19480134": {
        "engineering_mathematics_iii": "-",
        "electrical_engineering_materials": "-",
        "network_theory": "Abs",
        "logic_circuits": "-",
        "electronic_devices": "-",
        "electromagnetic_field_and_waves": "F"
    },
    "20040577": {
        "engineering_mathematics_iii": "-",
        "electrical_engineering_materials": "-",
        "network_theory": "-",
        "logic_circuits": "-",
        "electronic_devices": "B",
        "electromagnetic_field_and_waves": "-"
    },
    "20040581": {
        "engineering_mathematics_iii": "-",
        "electrical_engineering_materials": "-",
        "network_theory": "A",
        "logic_circuits": "-",
        "electronic_devices": "-",
        "electromagnetic_field_and_waves": "F"
    },
    "20110006": {
        "engineering_mathematics_iii": "C",
        "electrical_engineering_materials": "-",
        "network_theory": "-",
        "logic_circuits": "-",
        "electronic_devices": "C+",
        "electromagnetic_field_and_waves": "-"
    },
    "20480003": {
        "engineering_mathematics_iii": "F",
        "electrical_engineering_materials": "-",
        "network_theory": "F",
        "logic_circuits": "-",
        "electronic_devices": "F",
        "electromagnetic_field_and_waves": "Expelled"
    },
    "20480005": {
        "engineering_mathematics_iii": "Abs",
        "electrical_engineering_materials": "-",
        "network_theory": "-",
        "logic_circuits": "-",
        "electronic_devices": "-",
        "electromagnetic_field_and_waves": "-"
    },
    "20480012": {
        "engineering_mathematics_iii": "-",
        "electrical_engineering_materials": "-",
        "network_theory": "-",
        "logic_circuits": "-",
        "electronic_devices": "F",
        "electromagnetic_field_and_waves": "C+"
    },
    "20480015": {
        "engineering_mathematics_iii": "-",
        "electrical_engineering_materials": "-",
        "network_theory": "-",
        "logic_circuits": "-",
        "electronic_devices": "F",
        "electromagnetic_field_and_waves": "-"
    },
    "20480017": {
        "engineering_mathematics_iii": "-",
        "electrical_engineering_materials": "-",
        "network_theory": "-",
        "logic_circuits": "-",
        "electronic_devices": "F",
        "electromagnetic_field_and_waves": "-"
    },
    "20480019": {
        "engineering_mathematics_iii": "-",
        "electrical_engineering_materials": "-",
        "network_theory": "-",
        "logic_circuits": "-",
        "electronic_devices": "F",
        "electromagnetic_field_and_waves": "-"
    },
    "20480021": {
        "engineering_mathematics_iii": "-",
        "electrical_engineering_materials": "-",
        "network_theory": "B-",
        "logic_circuits": "-",
        "electronic_devices": "-",
        "electromagnetic_field_and_waves": "B+"
    },
    "20480022": {
        "engineering_mathematics_iii": "-",
        "electrical_engineering_materials": "-",
        "network_theory": "B",
        "logic_circuits": "-",
        "electronic_devices": "F",
        "electromagnetic_field_and_waves": "-"
    },
    "20480023": {
        "engineering_mathematics_iii": "F",
        "electrical_engineering_materials": "-",
        "network_theory": "-",
        "logic_circuits": "-",
        "electronic_devices": "-",
        "electromagnetic_field_and_waves": "-"
    },
    "20480026": {
        "engineering_mathematics_iii": "-",
        "electrical_engineering_materials": "-",
        "network_theory": "B",
        "logic_circuits": "-",
        "electronic_devices": "-",
        "electromagnetic_field_and_waves": "-"
    },
    "20480027": {
        "engineering_mathematics_iii": "-",
        "electrical_engineering_materials": "-",
        "network_theory": "D+",
        "logic_circuits": "-",
        "electronic_devices": "-",
        "electromagnetic_field_and_waves": "-"
    },
    "20480031": {
        "engineering_mathematics_iii": "-",
        "electrical_engineering_materials": "-",
        "network_theory": "C",
        "logic_circuits": "-",
        "electronic_devices": "-",
        "electromagnetic_field_and_waves": "-"
    },
    "20480033": {
        "engineering_mathematics_iii": "F",
        "electrical_engineering_materials": "-",
        "network_theory": "C+",
        "logic_circuits": "-",
        "electronic_devices": "-",
        "electromagnetic_field_and_waves": "F"
    },
    "20480035": {
        "engineering_mathematics_iii": "F",
        "electrical_engineering_materials": "-",
        "network_theory": "-",
        "logic_circuits": "-",
        "electronic_devices": "Abs",
        "electromagnetic_field_and_waves": "-"
    },
    "20480040": {
        "engineering_mathematics_iii": "-",
        "electrical_engineering_materials": "-",
        "network_theory": "Abs",
        "logic_circuits": "-",
        "electronic_devices": "-",
        "electromagnetic_field_and_waves": "-"
    },
    "20480044": {
        "engineering_mathematics_iii": "Abs",
        "electrical_engineering_materials": "-",
        "network_theory": "-",
        "logic_circuits": "-",
        "electronic_devices": "Abs",
        "electromagnetic_field_and_waves": "F"
    },
    "20480045": {
        "engineering_mathematics_iii": "-",
        "electrical_engineering_materials": "-",
        "network_theory": "-",
        "logic_circuits": "-",
        "electronic_devices": "Abs",
        "electromagnetic_field_and_waves": "-"
    },
    "20480046": {
        "engineering_mathematics_iii": "-",
        "electrical_engineering_materials": "-",
        "network_theory": "-",
        "logic_circuits": "-",
        "electronic_devices": "F",
        "electromagnetic_field_and_waves": "-"
    },
    "20480047": {
        "engineering_mathematics_iii": "-",
        "electrical_engineering_materials": "-",
        "network_theory": "F",
        "logic_circuits": "-",
        "electronic_devices": "-",
        "electromagnetic_field_and_waves": "-"
    },
    "20480048": {
        "engineering_mathematics_iii": "-",
        "electrical_engineering_materials": "-",
        "network_theory": "-",
        "logic_circuits": "-",
        "electronic_devices": "F",
        "electromagnetic_field_and_waves": "Abs"
    },
    "20480051": {
        "engineering_mathematics_iii": "-",
        "electrical_engineering_materials": "-",
        "network_theory": "B-",
        "logic_circuits": "-",
        "electronic_devices": "-",
        "electromagnetic_field_and_waves": "-"
    },
    "20480053": {
        "engineering_mathematics_iii": "-",
        "electrical_engineering_materials": "-",
        "network_theory": "-",
        "logic_circuits": "-",
        "electronic_devices": "Abs",
        "electromagnetic_field_and_waves": "F"
    },
    "20480058": {
        "engineering_mathematics_iii": "-",
        "electrical_engineering_materials": "-",
        "network_theory": "B",
        "logic_circuits": "-",
        "electronic_devices": "-",
        "electromagnetic_field_and_waves": "-"
    },
    "20480059": {
        "engineering_mathematics_iii": "-",
        "electrical_engineering_materials": "-",
        "network_theory": "F",
        "logic_circuits": "-",
        "electronic_devices": "-",
        "electromagnetic_field_and_waves": "-"
    },
    "20480063": {
        "engineering_mathematics_iii": "-",
        "electrical_engineering_materials": "-",
        "network_theory": "A-",
        "logic_circuits": "-",
        "electronic_devices": "-",
        "electromagnetic_field_and_waves": "-"
    },
    "20480064": {
        "engineering_mathematics_iii": "-",
        "electrical_engineering_materials": "-",
        "network_theory": "A-",
        "logic_circuits": "-",
        "electronic_devices": "F",
        "electromagnetic_field_and_waves": "-"
    },
    "20480067": {
        "engineering_mathematics_iii": "-",
        "electrical_engineering_materials": "-",
        "network_theory": "-",
        "logic_circuits": "-",
        "electronic_devices": "B-",
        "electromagnetic_field_and_waves": "-"
    },
    "20480069": {
        "engineering_mathematics_iii": "-",
        "electrical_engineering_materials": "Abs",
        "network_theory": "-",
        "logic_circuits": "-",
        "electronic_devices": "-",
        "electromagnetic_field_and_waves": "Withheld"
    },
    "20480070": {
        "engineering_mathematics_iii": "C-",
        "electrical_engineering_materials": "-",
        "network_theory": "C",
        "logic_circuits": "-",
        "electronic_devices": "F",
        "electromagnetic_field_and_waves": "-"
    },
    "20480071": {
        "engineering_mathematics_iii": "Abs",
        "electrical_engineering_materials": "-",
        "network_theory": "-",
        "logic_circuits": "-",
        "electronic_devices": "Abs",
        "electromagnetic_field_and_waves": "-"
    },
    "20480072": {
        "engineering_mathematics_iii": "-",
        "electrical_engineering_materials": "-",
        "network_theory": "A-",
        "logic_circuits": "-",
        "electronic_devices": "-",
        "electromagnetic_field_and_waves": "-"
    },
    "20480078": {
        "engineering_mathematics_iii": "-",
        "electrical_engineering_materials": "-",
        "network_theory": "A-",
        "logic_circuits": "-",
        "electronic_devices": "B",
        "electromagnetic_field_and_waves": "C+"
    },
    "20480080": {
        "engineering_mathematics_iii": "F",
        "electrical_engineering_materials": "-",
        "network_theory": "-",
        "logic_circuits": "-",
        "electronic_devices": "Abs",
        "electromagnetic_field_and_waves": "-"
    },
    "20480082": {
        "engineering_mathematics_iii": "F",
        "electrical_engineering_materials": "-",
        "network_theory": "-",
        "logic_circuits": "-",
        "electronic_devices": "F",
        "electromagnetic_field_and_waves": "-"
    },
    "20480083": {
        "engineering_mathematics_iii": "F",
        "electrical_engineering_materials": "-",
        "network_theory": "-",
        "logic_circuits": "-",
        "electronic_devices": "-",
        "electromagnetic_field_and_waves": "-"
    },
    "20480089": {
        "engineering_mathematics_iii": "-",
        "electrical_engineering_materials": "-",
        "network_theory": "Abs",
        "logic_circuits": "-",
        "electronic_devices": "B-",
        "electromagnetic_field_and_waves": "-"
    },
    "20480090": {
        "engineering_mathematics_iii": "-",
        "electrical_engineering_materials": "-",
        "network_theory": "-",
        "logic_circuits": "-",
        "electronic_devices": "-",
        "electromagnetic_field_and_waves": "F"
    },
    "20480091": {
        "engineering_mathematics_iii": "-",
        "electrical_engineering_materials": "-",
        "network_theory": "F",
        "logic_circuits": "F",
        "electronic_devices": "-",
        "electromagnetic_field_and_waves": "-"
    },
    "20480092": {
        "engineering_mathematics_iii": "-",
        "electrical_engineering_materials": "-",
        "network_theory": "F",
        "logic_circuits": "-",
        "electronic_devices": "-",
        "electromagnetic_field_and_waves": "-"
    },
    "20480097": {
        "engineering_mathematics_iii": "-",
        "electrical_engineering_materials": "-",
        "network_theory": "A-",
        "logic_circuits": "-",
        "electronic_devices": "F",
        "electromagnetic_field_and_waves": "-"
    },
    "20480098": {
        "engineering_mathematics_iii": "C",
        "electrical_engineering_materials": "-",
        "network_theory": "-",
        "logic_circuits": "-",
        "electronic_devices": "-",
        "electromagnetic_field_and_waves": "-"
    },
    "20480099": {
        "engineering_mathematics_iii": "-",
        "electrical_engineering_materials": "-",
        "network_theory": "-",
        "logic_circuits": "-",
        "electronic_devices": "F",
        "electromagnetic_field_and_waves": "-"
    },
    "20480101": {
        "engineering_mathematics_iii": "F",
        "electrical_engineering_materials": "-",
        "network_theory": "-",
        "logic_circuits": "-",
        "electronic_devices": "-",
        "electromagnetic_field_and_waves": "-"
    },
    "21041267": {
        "engineering_mathematics_iii": "-",
        "electrical_engineering_materials": "-",
        "network_theory": "-",
        "logic_circuits": "C+",
        "electronic_devices": "C+",
        "electromagnetic_field_and_waves": "-"
    },
    "21480002": {
        "engineering_mathematics_iii": "-",
        "electrical_engineering_materials": "Abs",
        "network_theory": "-",
        "logic_circuits": "-",
        "electronic_devices": "-",
        "electromagnetic_field_and_waves": "-"
    },
    "21480006": {
        "engineering_mathematics_iii": "-",
        "electrical_engineering_materials": "-",
        "network_theory": "-",
        "logic_circuits": "F",
        "electronic_devices": "-",
        "electromagnetic_field_and_waves": "-"
    },
    "21480014": {
        "engineering_mathematics_iii": "-",
        "electrical_engineering_materials": "-",
        "network_theory": "-",
        "logic_circuits": "-",
        "electronic_devices": "F",
        "electromagnetic_field_and_waves": "-"
    },
    "21480015": {
        "engineering_mathematics_iii": "-",
        "electrical_engineering_materials": "-",
        "network_theory": "-",
        "logic_circuits": "C-",
        "electronic_devices": "F",
        "electromagnetic_field_and_waves": "-"
    },
    "21480017": {
        "engineering_mathematics_iii": "-",
        "electrical_engineering_materials": "-",
        "network_theory": "-",
        "logic_circuits": "F",
        "electronic_devices": "-",
        "electromagnetic_field_and_waves": "-"
    },
    "21480022": {
        "engineering_mathematics_iii": "-",
        "electrical_engineering_materials": "-",
        "network_theory": "-",
        "logic_circuits": "F",
        "electronic_devices": "F",
        "electromagnetic_field_and_waves": "-"
    },
    "21480027": {
        "engineering_mathematics_iii": "-",
        "electrical_engineering_materials": "-",
        "network_theory": "A-",
        "logic_circuits": "-",
        "electronic_devices": "-",
        "electromagnetic_field_and_waves": "-"
    },
    "21480031": {
        "engineering_mathematics_iii": "-",
        "electrical_engineering_materials": "-",
        "network_theory": "-",
        "logic_circuits": "-",
        "electronic_devices": "Abs",
        "electromagnetic_field_and_waves": "-"
    },
    "21480036": {
        "engineering_mathematics_iii": "-",
        "electrical_engineering_materials": "-",
        "network_theory": "-",
        "logic_circuits": "F",
        "electronic_devices": "-",
        "electromagnetic_field_and_waves": "-"
    },
    "21480041": {
        "engineering_mathematics_iii": "-",
        "electrical_engineering_materials": "-",
        "network_theory": "-",
        "logic_circuits": "Abs",
        "electronic_devices": "-",
        "electromagnetic_field_and_waves": "-"
    },
    "21480044": {
        "engineering_mathematics_iii": "-",
        "electrical_engineering_materials": "-",
        "network_theory": "-",
        "logic_circuits": "C+",
        "electronic_devices": "F",
        "electromagnetic_field_and_waves": "-"
    },
    "21480051": {
        "engineering_mathematics_iii": "-",
        "electrical_engineering_materials": "-",
        "network_theory": "-",
        "logic_circuits": "F",
        "electronic_devices": "-",
        "electromagnetic_field_and_waves": "-"
    },
    "21480057": {
        "engineering_mathematics_iii": "-",
        "electrical_engineering_materials": "-",
        "network_theory": "-",
        "logic_circuits": "F",
        "electronic_devices": "-",
        "electromagnetic_field_and_waves": "-"
    },
    "21480061": {
        "engineering_mathematics_iii": "-",
        "electrical_engineering_materials": "-",
        "network_theory": "-",
        "logic_circuits": "-",
        "electronic_devices": "F",
        "electromagnetic_field_and_waves": "-"
    },
    "21480062": {
        "engineering_mathematics_iii": "-",
        "electrical_engineering_materials": "-",
        "network_theory": "-",
        "logic_circuits": "-",
        "electronic_devices": "F",
        "electromagnetic_field_and_waves": "-"
    },
    "21480068": {
        "engineering_mathematics_iii": "-",
        "electrical_engineering_materials": "-",
        "network_theory": "-",
        "logic_circuits": "-",
        "electronic_devices": "-",
        "electromagnetic_field_and_waves": "B-"
    },
    "21480069": {
        "engineering_mathematics_iii": "-",
        "electrical_engineering_materials": "-",
        "network_theory": "-",
        "logic_circuits": "C-",
        "electronic_devices": "-",
        "electromagnetic_field_and_waves": "-"
    },
    "21480073": {
        "engineering_mathematics_iii": "-",
        "electrical_engineering_materials": "-",
        "network_theory": "-",
        "logic_circuits": "C+",
        "electronic_devices": "-",
        "electromagnetic_field_and_waves": "B-"
    },
    "21480074": {
        "engineering_mathematics_iii": "-",
        "electrical_engineering_materials": "-",
        "network_theory": "-",
        "logic_circuits": "C+",
        "electronic_devices": "-",
        "electromagnetic_field_and_waves": "-"
    },
    "21480075": {
        "engineering_mathematics_iii": "-",
        "electrical_engineering_materials": "-",
        "network_theory": "-",
        "logic_circuits": "C",
        "electronic_devices": "-",
        "electromagnetic_field_and_waves": "-"
    },
    "21480076": {
        "engineering_mathematics_iii": "-",
        "electrical_engineering_materials": "-",
        "network_theory": "-",
        "logic_circuits": "B-",
        "electronic_devices": "-",
        "electromagnetic_field_and_waves": "-"
    },
    "21480095": {
        "engineering_mathematics_iii": "-",
        "electrical_engineering_materials": "-",
        "network_theory": "-",
        "logic_circuits": "B-",
        "electronic_devices": "-",
        "electromagnetic_field_and_waves": "C"
    },
    "21480097": {
        "engineering_mathematics_iii": "-",
        "electrical_engineering_materials": "-",
        "network_theory": "-",
        "logic_circuits": "-",
        "electronic_devices": "F",
        "electromagnetic_field_and_waves": "-"
    },
    "21480099": {
        "engineering_mathematics_iii": "-",
        "electrical_engineering_materials": "-",
        "network_theory": "-",
        "logic_circuits": "B-",
        "electronic_devices": "-",
        "electromagnetic_field_and_waves": "-"
    },
    "21480103": {
        "engineering_mathematics_iii": "-",
        "electrical_engineering_materials": "-",
        "network_theory": "-",
        "logic_circuits": "B",
        "electronic_devices": "-",
        "electromagnetic_field_and_waves": "-"
    },
    "21480105": {
        "engineering_mathematics_iii": "-",
        "electrical_engineering_materials": "-",
        "network_theory": "-",
        "logic_circuits": "C-",
        "electronic_devices": "-",
        "electromagnetic_field_and_waves": "-"
    },
    "21480108": {
        "engineering_mathematics_iii": "F",
        "electrical_engineering_materials": "-",
        "network_theory": "-",
        "logic_circuits": "-",
        "electronic_devices": "-",
        "electromagnetic_field_and_waves": "-"
    },
    "21480112": {
        "engineering_mathematics_iii": "-",
        "electrical_engineering_materials": "-",
        "network_theory": "-",
        "logic_circuits": "-",
        "electronic_devices": "-",
        "electromagnetic_field_and_waves": "Abs"
    },
    "21480113": {
        "engineering_mathematics_iii": "-",
        "electrical_engineering_materials": "-",
        "network_theory": "-",
        "logic_circuits": "-",
        "electronic_devices": "-",
        "electromagnetic_field_and_waves": "C-"
    },
    "21480118": {
        "engineering_mathematics_iii": "-",
        "electrical_engineering_materials": "-",
        "network_theory": "-",
        "logic_circuits": "B+",
        "electronic_devices": "-",
        "electromagnetic_field_and_waves": "-"
    },
    "21480119": {
        "engineering_mathematics_iii": "-",
        "electrical_engineering_materials": "-",
        "network_theory": "-",
        "logic_circuits": "A-",
        "electronic_devices": "-",
        "electromagnetic_field_and_waves": "C"
    },
    "21480120": {
        "engineering_mathematics_iii": "-",
        "electrical_engineering_materials": "-",
        "network_theory": "-",
        "logic_circuits": "F",
        "electronic_devices": "-",
        "electromagnetic_field_and_waves": "-"
    },
    "21480124": {
        "engineering_mathematics_iii": "-",
        "electrical_engineering_materials": "-",
        "network_theory": "-",
        "logic_circuits": "B",
        "electronic_devices": "-",
        "electromagnetic_field_and_waves": "-"
    },
    "21480125": {
        "engineering_mathematics_iii": "-",
        "electrical_engineering_materials": "-",
        "network_theory": "-",
        "logic_circuits": "Abs",
        "electronic_devices": "-",
        "electromagnetic_field_and_waves": "-"
    },
    "21480128": {
        "engineering_mathematics_iii": "-",
        "electrical_engineering_materials": "-",
        "network_theory": "-",
        "logic_circuits": "F",
        "electronic_devices": "-",
        "electromagnetic_field_and_waves": "-"
    },
    "21480131": {
        "engineering_mathematics_iii": "-",
        "electrical_engineering_materials": "-",
        "network_theory": "-",
        "logic_circuits": "C",
        "electronic_devices": "-",
        "electromagnetic_field_and_waves": "-"
    },
    "21480133": {
        "engineering_mathematics_iii": "-",
        "electrical_engineering_materials": "-",
        "network_theory": "-",
        "logic_circuits": "C-",
        "electronic_devices": "-",
        "electromagnetic_field_and_waves": "-"
    },
    "21485001": {
        "engineering_mathematics_iii": "-",
        "electrical_engineering_materials": "-",
        "network_theory": "Abs",
        "logic_circuits": "-",
        "electronic_devices": "-",
        "electromagnetic_field_and_waves": "-"
    },
    "21485002": {
        "engineering_mathematics_iii": "-",
        "electrical_engineering_materials": "-",
        "network_theory": "F",
        "logic_circuits": "-",
        "electronic_devices": "-",
        "electromagnetic_field_and_waves": "-"
    },
    "21485011": {
        "engineering_mathematics_iii": "C+",
        "electrical_engineering_materials": "-",
        "network_theory": "F",
        "logic_circuits": "-",
        "electronic_devices": "-",
        "electromagnetic_field_and_waves": "F"
    },
    "21485013": {
        "engineering_mathematics_iii": "-",
        "electrical_engineering_materials": "-",
        "network_theory": "C+",
        "logic_circuits": "-",
        "electronic_devices": "-",
        "electromagnetic_field_and_waves": "-"
    },
    "21485014": {
        "engineering_mathematics_iii": "-",
        "electrical_engineering_materials": "-",
        "network_theory": "-",
        "logic_circuits": "F",
        "electronic_devices": "-",
        "electromagnetic_field_and_waves": "-"
    },
    "21485015": {
        "engineering_mathematics_iii": "-",
        "electrical_engineering_materials": "-",
        "network_theory": "C-",
        "logic_circuits": "-",
        "electronic_devices": "-",
        "electromagnetic_field_and_waves": "-"
    },
    "21485016": {
        "engineering_mathematics_iii": "-",
        "electrical_engineering_materials": "-",
        "network_theory": "-",
        "logic_circuits": "-",
        "electronic_devices": "-",
        "electromagnetic_field_and_waves": "B-"
    },
    "21485018": {
        "engineering_mathematics_iii": "-",
        "electrical_engineering_materials": "-",
        "network_theory": "-",
        "logic_circuits": "-",
        "electronic_devices": "-",
        "electromagnetic_field_and_waves": "B-"
    },
    "21485021": {
        "engineering_mathematics_iii": "-",
        "electrical_engineering_materials": "-",
        "network_theory": "A-",
        "logic_circuits": "-",
        "electronic_devices": "-",
        "electromagnetic_field_and_waves": "-"
    },
    "21485023": {
        "engineering_mathematics_iii": "-",
        "electrical_engineering_materials": "-",
        "network_theory": "F",
        "logic_circuits": "-",
        "electronic_devices": "-",
        "electromagnetic_field_and_waves": "-"
    },
    "21485024": {
        "engineering_mathematics_iii": "-",
        "electrical_engineering_materials": "-",
        "network_theory": "-",
        "logic_circuits": "Abs",
        "electronic_devices": "-",
        "electromagnetic_field_and_waves": "-"
    },
    "21485027": {
        "engineering_mathematics_iii": "-",
        "electrical_engineering_materials": "-",
        "network_theory": "-",
        "logic_circuits": "F",
        "electronic_devices": "-",
        "electromagnetic_field_and_waves": "-"
    },
    "21485028": {
        "engineering_mathematics_iii": "-",
        "electrical_engineering_materials": "-",
        "network_theory": "-",
        "logic_circuits": "-",
        "electronic_devices": "-",
        "electromagnetic_field_and_waves": "B-"
    },
    "21485029": {
        "engineering_mathematics_iii": "-",
        "electrical_engineering_materials": "-",
        "network_theory": "Abs",
        "logic_circuits": "-",
        "electronic_devices": "-",
        "electromagnetic_field_and_waves": "-"
    },
    "21485030": {
        "engineering_mathematics_iii": "-",
        "electrical_engineering_materials": "-",
        "network_theory": "F",
        "logic_circuits": "C",
        "electronic_devices": "-",
        "electromagnetic_field_and_waves": "-"
    },
    "21485031": {
        "engineering_mathematics_iii": "A",
        "electrical_engineering_materials": "-",
        "network_theory": "-",
        "logic_circuits": "-",
        "electronic_devices": "-",
        "electromagnetic_field_and_waves": "C+"
    },
    "21485033": {
        "engineering_mathematics_iii": "-",
        "electrical_engineering_materials": "-",
        "network_theory": "-",
        "logic_circuits": "-",
        "electronic_devices": "-",
        "electromagnetic_field_and_waves": "Abs"
    },
    "21485042": {
        "engineering_mathematics_iii": "-",
        "electrical_engineering_materials": "-",
        "network_theory": "-",
        "logic_circuits": "-",
        "electronic_devices": "-",
        "electromagnetic_field_and_waves": "B-"
    },
    "21485048": {
        "engineering_mathematics_iii": "B",
        "electrical_engineering_materials": "-",
        "network_theory": "-",
        "logic_circuits": "C",
        "electronic_devices": "-",
        "electromagnetic_field_and_waves": "F"
    },
    "21485049": {
        "engineering_mathematics_iii": "-",
        "electrical_engineering_materials": "-",
        "network_theory": "F",
        "logic_circuits": "-",
        "electronic_devices": "-",
        "electromagnetic_field_and_waves": "-"
    },
    "21485050": {
        "engineering_mathematics_iii": "-",
        "electrical_engineering_materials": "-",
        "network_theory": "C+",
        "logic_circuits": "-",
        "electronic_devices": "-",
        "electromagnetic_field_and_waves": "-"
    },
    "21485053": {
        "engineering_mathematics_iii": "B",
        "electrical_engineering_materials": "-",
        "network_theory": "-",
        "logic_circuits": "-",
        "electronic_devices": "-",
        "electromagnetic_field_and_waves": "B-"
    },
    "21485054": {
        "engineering_mathematics_iii": "-",
        "electrical_engineering_materials": "-",
        "network_theory": "A-",
        "logic_circuits": "-",
        "electronic_devices": "-",
        "electromagnetic_field_and_waves": "-"
    },
    "21485055": {
        "engineering_mathematics_iii": "-",
        "electrical_engineering_materials": "-",
        "network_theory": "-",
        "logic_circuits": "-",
        "electronic_devices": "-",
        "electromagnetic_field_and_waves": "C+"
    },
    "21485058": {
        "engineering_mathematics_iii": "-",
        "electrical_engineering_materials": "-",
        "network_theory": "-",
        "logic_circuits": "-",
        "electronic_devices": "-",
        "electromagnetic_field_and_waves": "F"
    },
    "21485059": {
        "engineering_mathematics_iii": "-",
        "electrical_engineering_materials": "-",
        "network_theory": "F",
        "logic_circuits": "-",
        "electronic_devices": "-",
        "electromagnetic_field_and_waves": "-"
    },
    "21485064": {
        "engineering_mathematics_iii": "-",
        "electrical_engineering_materials": "-",
        "network_theory": "F",
        "logic_circuits": "Abs",
        "electronic_devices": "-",
        "electromagnetic_field_and_waves": "F"
    },
    "21485069": {
        "engineering_mathematics_iii": "A",
        "electrical_engineering_materials": "-",
        "network_theory": "-",
        "logic_circuits": "-",
        "electronic_devices": "-",
        "electromagnetic_field_and_waves": "B"
    },
    "21485070": {
        "engineering_mathematics_iii": "-",
        "electrical_engineering_materials": "-",
        "network_theory": "-",
        "logic_circuits": "-",
        "electronic_devices": "-",
        "electromagnetic_field_and_waves": "A"
    },
    "21485071": {
        "engineering_mathematics_iii": "-",
        "electrical_engineering_materials": "-",
        "network_theory": "-",
        "logic_circuits": "-",
        "electronic_devices": "-",
        "electromagnetic_field_and_waves": "A"
    },
    "21485073": {
        "engineering_mathematics_iii": "-",
        "electrical_engineering_materials": "-",
        "network_theory": "B+",
        "logic_circuits": "-",
        "electronic_devices": "-",
        "electromagnetic_field_and_waves": "-"
    },
    "21485074": {
        "engineering_mathematics_iii": "-",
        "electrical_engineering_materials": "-",
        "network_theory": "-",
        "logic_circuits": "-",
        "electronic_devices": "-",
        "electromagnetic_field_and_waves": "A-"
    },
    "21485078": {
        "engineering_mathematics_iii": "-",
        "electrical_engineering_materials": "-",
        "network_theory": "F",
        "logic_circuits": "-",
        "electronic_devices": "-",
        "electromagnetic_field_and_waves": "Abs"
    },
    "21485079": {
        "engineering_mathematics_iii": "-",
        "electrical_engineering_materials": "-",
        "network_theory": "-",
        "logic_circuits": "-",
        "electronic_devices": "-",
        "electromagnetic_field_and_waves": "A-"
    },
    "21485084": {
        "engineering_mathematics_iii": "-",
        "electrical_engineering_materials": "-",
        "network_theory": "-",
        "logic_circuits": "-",
        "electronic_devices": "A",
        "electromagnetic_field_and_waves": "A"
    },
    "21485088": {
        "engineering_mathematics_iii": "-",
        "electrical_engineering_materials": "-",
        "network_theory": "-",
        "logic_circuits": "-",
        "electronic_devices": "-",
        "electromagnetic_field_and_waves": "F"
    },
    "21485089": {
        "engineering_mathematics_iii": "B",
        "electrical_engineering_materials": "-",
        "network_theory": "F",
        "logic_circuits": "-",
        "electronic_devices": "-",
        "electromagnetic_field_and_waves": "-"
    },
    "21485092": {
        "engineering_mathematics_iii": "-",
        "electrical_engineering_materials": "-",
        "network_theory": "-",
        "logic_circuits": "-",
        "electronic_devices": "-",
        "electromagnetic_field_and_waves": "B"
    },
    "21485096": {
        "engineering_mathematics_iii": "-",
        "electrical_engineering_materials": "-",
        "network_theory": "Abs",
        "logic_circuits": "-",
        "electronic_devices": "-",
        "electromagnetic_field_and_waves": "-"
    },
    "21485098": {
        "engineering_mathematics_iii": "-",
        "electrical_engineering_materials": "-",
        "network_theory": "F",
        "logic_circuits": "-",
        "electronic_devices": "-",
        "electromagnetic_field_and_waves": "-"
    },
    "21485099": {
        "engineering_mathematics_iii": "-",
        "electrical_engineering_materials": "-",
        "network_theory": "-",
        "logic_circuits": "B+",
        "electronic_devices": "-",
        "electromagnetic_field_and_waves": "A"
    },
    "21485101": {
        "engineering_mathematics_iii": "B+",
        "electrical_engineering_materials": "-",
        "network_theory": "-",
        "logic_circuits": "-",
        "electronic_devices": "-",
        "electromagnetic_field_and_waves": "-"
    }
}