{
    "nan": {
        "calculus_ii": "-",
        "data_structure_and_algorithms": "-",
        "digital_logic": "-",
        "electromagnetic_fields_and_waves": "-",
        "electronic_circuits": "-",
        "instrumentation": "-",
        "sgpa": "-"
    },
    "22110001": {
        "calculus_ii": "F",
        "data_structure_and_algorithms": "F",
        "digital_logic": "F",
        "electromagnetic_fields_and_waves": "F",
        "electronic_circuits": "F",
        "instrumentation": "F",
        "sgpa": "-"
    },
    "22110002": {
        "calculus_ii": "F",
        "data_structure_and_algorithms": "F",
        "digital_logic": "F",
        "electromagnetic_fields_and_waves": "F",
        "electronic_circuits": "F",
        "instrumentation": "F",
        "sgpa": "-"
    },
    "22110003": {
        "calculus_ii": "F",
        "data_structure_and_algorithms": "F",
        "digital_logic": "F",
        "electromagnetic_fields_and_waves": "F",
        "electronic_circuits": "F",
        "instrumentation": "F",
        "sgpa": "-"
    },
    "22110004": {
        "calculus_ii": "A",
        "data_structure_and_algorithms": "A",
        "digital_logic": "B-",
        "electromagnetic_fields_and_waves": "A",
        "electronic_circuits": "A-",
        "instrumentation": "A-",
        "sgpa": "3.68"
    },
    "22110006": {
        "calculus_ii": "B",
        "data_structure_and_algorithms": "A-",
        "digital_logic": "A-",
        "electromagnetic_fields_and_waves": "B+",
        "electronic_circuits": "B-",
        "instrumentation": "B",
        "sgpa": "3.23"
    },
    "22110007": {
        "calculus_ii": "B+",
        "data_structure_and_algorithms": "B-",
        "digital_logic": "F",
        "electromagnetic_fields_and_waves": "B-",
        "electronic_circuits": "B+",
        "instrumentation": "B+",
        "sgpa": "-"
    },
    "22110008": {
        "calculus_ii": "NQ",
        "data_structure_and_algorithms": "NQ",
        "digital_logic": "NQ",
        "electromagnetic_fields_and_waves": "NQ",
        "electronic_circuits": "NQ",
        "instrumentation": "NQ",
        "sgpa": "-"
    },
    "22110009": {
        "calculus_ii": "F",
        "data_structure_and_algorithms": "F",
        "digital_logic": "F",
        "electromagnetic_fields_and_waves": "F",
        "electronic_circuits": "F",
        "instrumentation": "F",
        "sgpa": "-"
    },
    "22110010": {
        "calculus_ii": "F",
        "data_structure_and_algorithms": "C-",
        "digital_logic": "F",
        "electromagnetic_fields_and_waves": "F",
        "electronic_circuits": "F",
        "instrumentation": "F",
        "sgpa": "-"
    }
}