{
    "nan": {
        "engineering_mathematics_i": "-",
        "chemistry": "-",
        "programming_in_c": "-",
        "communication_techniques": "-",
        "basic_electrical_engineering": "-"
    },
    "17110010": {
        "engineering_mathematics_i": "-",
        "chemistry": "-",
        "programming_in_c": "Abs",
        "communication_techniques": "-",
        "basic_electrical_engineering": "-"
    },
    "17110065": {
        "engineering_mathematics_i": "Abs",
        "chemistry": "Abs",
        "programming_in_c": "-",
        "communication_techniques": "-",
        "basic_electrical_engineering": "Abs"
    },
    "18110043": {
        "engineering_mathematics_i": "-",
        "chemistry": "-",
        "programming_in_c": "F",
        "communication_techniques": "-",
        "basic_electrical_engineering": "F"
    },
    "18110044": {
        "engineering_mathematics_i": "Abs",
        "chemistry": "-",
        "programming_in_c": "Abs",
        "communication_techniques": "-",
        "basic_electrical_engineering": "Abs"
    },
    "18110045": {
        "engineering_mathematics_i": "F",
        "chemistry": "F",
        "programming_in_c": "-",
        "communication_techniques": "-",
        "basic_electrical_engineering": "C+"
    },
    "18110056": {
        "engineering_mathematics_i": "A",
        "chemistry": "-",
        "programming_in_c": "-",
        "communication_techniques": "-",
        "basic_electrical_engineering": "-"
    },
    "19110010": {
        "engineering_mathematics_i": "-",
        "chemistry": "-",
        "programming_in_c": "F",
        "communication_techniques": "-",
        "basic_electrical_engineering": "F"
    },
    "20110004": {
        "engineering_mathematics_i": "-",
        "chemistry": "Abs",
        "programming_in_c": "-",
        "communication_techniques": "-",
        "basic_electrical_engineering": "-"
    },
    "20110019": {
        "engineering_mathematics_i": "-",
        "chemistry": "Abs",
        "programming_in_c": "-",
        "communication_techniques": "-",
        "basic_electrical_engineering": "-"
    },
    "21110028": {
        "engineering_mathematics_i": "-",
        "chemistry": "C-",
        "programming_in_c": "-",
        "communication_techniques": "-",
        "basic_electrical_engineering": "-"
    },
    "21110044": {
        "engineering_mathematics_i": "-",
        "chemistry": "-",
        "programming_in_c": "-",
        "communication_techniques": "Abs",
        "basic_electrical_engineering": "-"
    },
    "21115006": {
        "engineering_mathematics_i": "F",
        "chemistry": "-",
        "programming_in_c": "-",
        "communication_techniques": "-",
        "basic_electrical_engineering": "-"
    },
    "21115007": {
        "engineering_mathematics_i": "Abs",
        "chemistry": "Abs",
        "programming_in_c": "-",
        "communication_techniques": "-",
        "basic_electrical_engineering": "-"
    },
    "21115009": {
        "engineering_mathematics_i": "-",
        "chemistry": "Abs",
        "programming_in_c": "-",
        "communication_techniques": "-",
        "basic_electrical_engineering": "-"
    },
    "21115011": {
        "engineering_mathematics_i": "Abs",
        "chemistry": "-",
        "programming_in_c": "-",
        "communication_techniques": "-",
        "basic_electrical_engineering": "Abs"
    },
    "21115017": {
        "engineering_mathematics_i": "-",
        "chemistry": "-",
        "programming_in_c": "Abs",
        "communication_techniques": "-",
        "basic_electrical_engineering": "-"
    },
    "21115027": {
        "engineering_mathematics_i": "Abs",
        "chemistry": "-",
        "programming_in_c": "-",
        "communication_techniques": "-",
        "basic_electrical_engineering": "Abs"
    }
}