{
    "nan": {
        "applied_physics": "-",
        "basic_electrical_circuits": "-",
        "calculus_i": "-",
        "computer_programming": "-",
        "electrical_installation_practice_and_safety": "-",
        "basic_engineering_drawing": "-",
        "engineering_workshop": "-",
        "sgpa": "-"
    },
    "22480004": {
        "applied_physics": "-",
        "basic_electrical_circuits": "F",
        "calculus_i": "F",
        "computer_programming": "-",
        "electrical_installation_practice_and_safety": "F",
        "basic_engineering_drawing": "-",
        "engineering_workshop": "-",
        "sgpa": "-"
    },
    "22480005": {
        "applied_physics": "-",
        "basic_electrical_circuits": "Abs",
        "calculus_i": "Abs",
        "computer_programming": "Abs",
        "electrical_installation_practice_and_safety": "-",
        "basic_engineering_drawing": "-",
        "engineering_workshop": "-",
        "sgpa": "-"
    },
    "22480006": {
        "applied_physics": "-",
        "basic_electrical_circuits": "-",
        "calculus_i": "F",
        "computer_programming": "Abs",
        "electrical_installation_practice_and_safety": "B-",
        "basic_engineering_drawing": "-",
        "engineering_workshop": "-",
        "sgpa": "-"
    },
    "22480007": {
        "applied_physics": "-",
        "basic_electrical_circuits": "-",
        "calculus_i": "-",
        "computer_programming": "-",
        "electrical_installation_practice_and_safety": "B",
        "basic_engineering_drawing": "-",
        "engineering_workshop": "-",
        "sgpa": "-"
    },
    "22480008": {
        "applied_physics": "F",
        "basic_electrical_circuits": "-",
        "calculus_i": "F",
        "computer_programming": "F",
        "electrical_installation_practice_and_safety": "-",
        "basic_engineering_drawing": "-",
        "engineering_workshop": "-",
        "sgpa": "-"
    },
    "22480010": {
        "applied_physics": "-",
        "basic_electrical_circuits": "Abs",
        "calculus_i": "F",
        "computer_programming": "-",
        "electrical_installation_practice_and_safety": "C",
        "basic_engineering_drawing": "-",
        "engineering_workshop": "-",
        "sgpa": "-"
    },
    "22480011": {
        "applied_physics": "-",
        "basic_electrical_circuits": "-",
        "calculus_i": "-",
        "computer_programming": "F",
        "electrical_installation_practice_and_safety": "F",
        "basic_engineering_drawing": "Abs",
        "engineering_workshop": "-",
        "sgpa": "-"
    },
    "22480013": {
        "applied_physics": "Abs",
        "basic_electrical_circuits": "F",
        "calculus_i": "F",
        "computer_programming": "Abs",
        "electrical_installation_practice_and_safety": "F",
        "basic_engineering_drawing": "-",
        "engineering_workshop": "-",
        "sgpa": "-"
    },
    "22480014": {
        "applied_physics": "Abs",
        "basic_electrical_circuits": "Abs",
        "calculus_i": "F",
        "computer_programming": "-",
        "electrical_installation_practice_and_safety": "F",
        "basic_engineering_drawing": "-",
        "engineering_workshop": "-",
        "sgpa": "-"
    },
    "22480015": {
        "applied_physics": "-",
        "basic_electrical_circuits": "Abs",
        "calculus_i": "Abs",
        "computer_programming": "F",
        "electrical_installation_practice_and_safety": "F",
        "basic_engineering_drawing": "-",
        "engineering_workshop": "-",
        "sgpa": "-"
    },
    "22480016": {
        "applied_physics": "F",
        "basic_electrical_circuits": "-",
        "calculus_i": "F",
        "computer_programming": "F",
        "electrical_installation_practice_and_safety": "F",
        "basic_engineering_drawing": "-",
        "engineering_workshop": "-",
        "sgpa": "-"
    },
    "22480018": {
        "applied_physics": "F",
        "basic_electrical_circuits": "-",
        "calculus_i": "F",
        "computer_programming": "-",
        "electrical_installation_practice_and_safety": "F",
        "basic_engineering_drawing": "F",
        "engineering_workshop": "-",
        "sgpa": "-"
    },
    "22480019": {
        "applied_physics": "-",
        "basic_electrical_circuits": "Abs",
        "calculus_i": "C",
        "computer_programming": "-",
        "electrical_installation_practice_and_safety": "A",
        "basic_engineering_drawing": "-",
        "engineering_workshop": "-",
        "sgpa": "-"
    },
    "22480021": {
        "applied_physics": "-",
        "basic_electrical_circuits": "A-",
        "calculus_i": "-",
        "computer_programming": "-",
        "electrical_installation_practice_and_safety": "-",
        "basic_engineering_drawing": "-",
        "engineering_workshop": "-",
        "sgpa": "-"
    },
    "22480022": {
        "applied_physics": "F",
        "basic_electrical_circuits": "F",
        "calculus_i": "F",
        "computer_programming": "F",
        "electrical_installation_practice_and_safety": "F",
        "basic_engineering_drawing": "-",
        "engineering_workshop": "-",
        "sgpa": "-"
    },
    "22480023": {
        "applied_physics": "-",
        "basic_electrical_circuits": "-",
        "calculus_i": "-",
        "computer_programming": "C+",
        "electrical_installation_practice_and_safety": "B",
        "basic_engineering_drawing": "-",
        "engineering_workshop": "-",
        "sgpa": "-"
    },
    "22480024": {
        "applied_physics": "F",
        "basic_electrical_circuits": "-",
        "calculus_i": "-",
        "computer_programming": "F",
        "electrical_installation_practice_and_safety": "F",
        "basic_engineering_drawing": "-",
        "engineering_workshop": "-",
        "sgpa": "-"
    },
    "22480028": {
        "applied_physics": "-",
        "basic_electrical_circuits": "-",
        "calculus_i": "Abs",
        "computer_programming": "-",
        "electrical_installation_practice_and_safety": "Abs",
        "basic_engineering_drawing": "-",
        "engineering_workshop": "-",
        "sgpa": "-"
    },
    "22480029": {
        "applied_physics": "F",
        "basic_electrical_circuits": "-",
        "calculus_i": "-",
        "computer_programming": "F",
        "electrical_installation_practice_and_safety": "F",
        "basic_engineering_drawing": "-",
        "engineering_workshop": "-",
        "sgpa": "-"
    },
    "22480030": {
        "applied_physics": "-",
        "basic_electrical_circuits": "F",
        "calculus_i": "-",
        "computer_programming": "-",
        "electrical_installation_practice_and_safety": "A-",
        "basic_engineering_drawing": "-",
        "engineering_workshop": "-",
        "sgpa": "-"
    },
    "22480031": {
        "applied_physics": "-",
        "basic_electrical_circuits": "Abs",
        "calculus_i": "C+",
        "computer_programming": "-",
        "electrical_installation_practice_and_safety": "F",
        "basic_engineering_drawing": "-",
        "engineering_workshop": "-",
        "sgpa": "-"
    },
    "22480035": {
        "applied_physics": "-",
        "basic_electrical_circuits": "F",
        "calculus_i": "-",
        "computer_programming": "F",
        "electrical_installation_practice_and_safety": "F",
        "basic_engineering_drawing": "-",
        "engineering_workshop": "-",
        "sgpa": "-"
    },
    "22480036": {
        "applied_physics": "-",
        "basic_electrical_circuits": "-",
        "calculus_i": "-",
        "computer_programming": "-",
        "electrical_installation_practice_and_safety": "B-",
        "basic_engineering_drawing": "F",
        "engineering_workshop": "-",
        "sgpa": "-"
    },
    "22480037": {
        "applied_physics": "-",
        "basic_electrical_circuits": "-",
        "calculus_i": "-",
        "computer_programming": "-",
        "electrical_installation_practice_and_safety": "Abs",
        "basic_engineering_drawing": "-",
        "engineering_workshop": "-",
        "sgpa": "-"
    },
    "22480038": {
        "applied_physics": "-",
        "basic_electrical_circuits": "C-",
        "calculus_i": "-",
        "computer_programming": "-",
        "electrical_installation_practice_and_safety": "B+",
        "basic_engineering_drawing": "-",
        "engineering_workshop": "-",
        "sgpa": "-"
    },
    "22480041": {
        "applied_physics": "-",
        "basic_electrical_circuits": "-",
        "calculus_i": "-",
        "computer_programming": "F",
        "electrical_installation_practice_and_safety": "F",
        "basic_engineering_drawing": "F",
        "engineering_workshop": "-",
        "sgpa": "-"
    },
    "22480042": {
        "applied_physics": "Abs",
        "basic_electrical_circuits": "Abs",
        "calculus_i": "Abs",
        "computer_programming": "F",
        "electrical_installation_practice_and_safety": "F",
        "basic_engineering_drawing": "-",
        "engineering_workshop": "-",
        "sgpa": "-"
    },
    "22480044": {
        "applied_physics": "F",
        "basic_electrical_circuits": "-",
        "calculus_i": "-",
        "computer_programming": "F",
        "electrical_installation_practice_and_safety": "F",
        "basic_engineering_drawing": "-",
        "engineering_workshop": "-",
        "sgpa": "-"
    },
    "22480045": {
        "applied_physics": "C",
        "basic_electrical_circuits": "-",
        "calculus_i": "C-",
        "computer_programming": "F",
        "electrical_installation_practice_and_safety": "F",
        "basic_engineering_drawing": "-",
        "engineering_workshop": "-",
        "sgpa": "-"
    },
    "22480046": {
        "applied_physics": "C+",
        "basic_electrical_circuits": "-",
        "calculus_i": "-",
        "computer_programming": "F",
        "electrical_installation_practice_and_safety": "D+",
        "basic_engineering_drawing": "-",
        "engineering_workshop": "-",
        "sgpa": "-"
    },
    "22480047": {
        "applied_physics": "-",
        "basic_electrical_circuits": "F",
        "calculus_i": "-",
        "computer_programming": "F",
        "electrical_installation_practice_and_safety": "F",
        "basic_engineering_drawing": "-",
        "engineering_workshop": "-",
        "sgpa": "-"
    },
    "22480048": {
        "applied_physics": "-",
        "basic_electrical_circuits": "-",
        "calculus_i": "F",
        "computer_programming": "-",
        "electrical_installation_practice_and_safety": "-",
        "basic_engineering_drawing": "-",
        "engineering_workshop": "-",
        "sgpa": "-"
    },
    "22480049": {
        "applied_physics": "-",
        "basic_electrical_circuits": "-",
        "calculus_i": "-",
        "computer_programming": "F",
        "electrical_installation_practice_and_safety": "-",
        "basic_engineering_drawing": "Abs",
        "engineering_workshop": "-",
        "sgpa": "-"
    },
    "22480050": {
        "applied_physics": "F",
        "basic_electrical_circuits": "-",
        "calculus_i": "-",
        "computer_programming": "-",
        "electrical_installation_practice_and_safety": "-",
        "basic_engineering_drawing": "-",
        "engineering_workshop": "-",
        "sgpa": "-"
    },
    "22480051": {
        "applied_physics": "Abs",
        "basic_electrical_circuits": "-",
        "calculus_i": "F",
        "computer_programming": "Abs",
        "electrical_installation_practice_and_safety": "-",
        "basic_engineering_drawing": "-",
        "engineering_workshop": "-",
        "sgpa": "-"
    },
    "22480052": {
        "applied_physics": "-",
        "basic_electrical_circuits": "-",
        "calculus_i": "-",
        "computer_programming": "F",
        "electrical_installation_practice_and_safety": "-",
        "basic_engineering_drawing": "-",
        "engineering_workshop": "-",
        "sgpa": "-"
    },
    "22480053": {
        "applied_physics": "-",
        "basic_electrical_circuits": "-",
        "calculus_i": "-",
        "computer_programming": "F",
        "electrical_installation_practice_and_safety": "C",
        "basic_engineering_drawing": "-",
        "engineering_workshop": "-",
        "sgpa": "-"
    },
    "22480054": {
        "applied_physics": "-",
        "basic_electrical_circuits": "-",
        "calculus_i": "C-",
        "computer_programming": "-",
        "electrical_installation_practice_and_safety": "-",
        "basic_engineering_drawing": "-",
        "engineering_workshop": "-",
        "sgpa": "-"
    },
    "22480055": {
        "applied_physics": "-",
        "basic_electrical_circuits": "Abs",
        "calculus_i": "Abs",
        "computer_programming": "-",
        "electrical_installation_practice_and_safety": "-",
        "basic_engineering_drawing": "-",
        "engineering_workshop": "-",
        "sgpa": "-"
    },
    "22480056": {
        "applied_physics": "Abs",
        "basic_electrical_circuits": "-",
        "calculus_i": "-",
        "computer_programming": "-",
        "electrical_installation_practice_and_safety": "F",
        "basic_engineering_drawing": "-",
        "engineering_workshop": "-",
        "sgpa": "-"
    },
    "22480057": {
        "applied_physics": "-",
        "basic_electrical_circuits": "-",
        "calculus_i": "Abs",
        "computer_programming": "-",
        "electrical_installation_practice_and_safety": "-",
        "basic_engineering_drawing": "C",
        "engineering_workshop": "-",
        "sgpa": "-"
    },
    "22480058": {
        "applied_physics": "-",
        "basic_electrical_circuits": "Abs",
        "calculus_i": "-",
        "computer_programming": "-",
        "electrical_installation_practice_and_safety": "F",
        "basic_engineering_drawing": "F",
        "engineering_workshop": "-",
        "sgpa": "-"
    },
    "22480059": {
        "applied_physics": "-",
        "basic_electrical_circuits": "F",
        "calculus_i": "-",
        "computer_programming": "F",
        "electrical_installation_practice_and_safety": "-",
        "basic_engineering_drawing": "C+",
        "engineering_workshop": "-",
        "sgpa": "-"
    },
    "22480061": {
        "applied_physics": "-",
        "basic_electrical_circuits": "-",
        "calculus_i": "Abs",
        "computer_programming": "-",
        "electrical_installation_practice_and_safety": "-",
        "basic_engineering_drawing": "-",
        "engineering_workshop": "-",
        "sgpa": "-"
    },
    "22480062": {
        "applied_physics": "-",
        "basic_electrical_circuits": "F",
        "calculus_i": "-",
        "computer_programming": "-",
        "electrical_installation_practice_and_safety": "F",
        "basic_engineering_drawing": "-",
        "engineering_workshop": "-",
        "sgpa": "-"
    },
    "22480063": {
        "applied_physics": "F",
        "basic_electrical_circuits": "F",
        "calculus_i": "-",
        "computer_programming": "-",
        "electrical_installation_practice_and_safety": "F",
        "basic_engineering_drawing": "-",
        "engineering_workshop": "-",
        "sgpa": "-"
    },
    "22480065": {
        "applied_physics": "Abs",
        "basic_electrical_circuits": "Abs",
        "calculus_i": "Abs",
        "computer_programming": "F",
        "electrical_installation_practice_and_safety": "C",
        "basic_engineering_drawing": "-",
        "engineering_workshop": "-",
        "sgpa": "-"
    },
    "22480066": {
        "applied_physics": "-",
        "basic_electrical_circuits": "B+",
        "calculus_i": "-",
        "computer_programming": "-",
        "electrical_installation_practice_and_safety": "-",
        "basic_engineering_drawing": "-",
        "engineering_workshop": "-",
        "sgpa": "-"
    },
    "22480067": {
        "applied_physics": "-",
        "basic_electrical_circuits": "-",
        "calculus_i": "F",
        "computer_programming": "-",
        "electrical_installation_practice_and_safety": "-",
        "basic_engineering_drawing": "B",
        "engineering_workshop": "-",
        "sgpa": "-"
    },
    "22480068": {
        "applied_physics": "-",
        "basic_electrical_circuits": "-",
        "calculus_i": "-",
        "computer_programming": "-",
        "electrical_installation_practice_and_safety": "F",
        "basic_engineering_drawing": "F",
        "engineering_workshop": "-",
        "sgpa": "-"
    },
    "22480069": {
        "applied_physics": "-",
        "basic_electrical_circuits": "-",
        "calculus_i": "-",
        "computer_programming": "Abs",
        "electrical_installation_practice_and_safety": "C-",
        "basic_engineering_drawing": "-",
        "engineering_workshop": "-",
        "sgpa": "-"
    },
    "22480071": {
        "applied_physics": "C+",
        "basic_electrical_circuits": "C",
        "calculus_i": "F",
        "computer_programming": "F",
        "electrical_installation_practice_and_safety": "-",
        "basic_engineering_drawing": "-",
        "engineering_workshop": "-",
        "sgpa": "-"
    },
    "22480072": {
        "applied_physics": "-",
        "basic_electrical_circuits": "F",
        "calculus_i": "-",
        "computer_programming": "F",
        "electrical_installation_practice_and_safety": "F",
        "basic_engineering_drawing": "-",
        "engineering_workshop": "-",
        "sgpa": "-"
    },
    "22480073": {
        "applied_physics": "-",
        "basic_electrical_circuits": "Abs",
        "calculus_i": "-",
        "computer_programming": "-",
        "electrical_installation_practice_and_safety": "F",
        "basic_engineering_drawing": "F",
        "engineering_workshop": "-",
        "sgpa": "-"
    },
    "22480074": {
        "applied_physics": "Abs",
        "basic_electrical_circuits": "-",
        "calculus_i": "Abs",
        "computer_programming": "Abs",
        "electrical_installation_practice_and_safety": "-",
        "basic_engineering_drawing": "-",
        "engineering_workshop": "-",
        "sgpa": "-"
    },
    "23480001": {
        "applied_physics": "B",
        "basic_electrical_circuits": "A",
        "calculus_i": "B",
        "computer_programming": "F",
        "electrical_installation_practice_and_safety": "F",
        "basic_engineering_drawing": "A",
        "engineering_workshop": "A",
        "sgpa": "-"
    },
    "23480002": {
        "applied_physics": "B+",
        "basic_electrical_circuits": "C+",
        "calculus_i": "A",
        "computer_programming": "F",
        "electrical_installation_practice_and_safety": "B",
        "basic_engineering_drawing": "A-",
        "engineering_workshop": "A",
        "sgpa": "-"
    },
    "23480003": {
        "applied_physics": "C+",
        "basic_electrical_circuits": "C+",
        "calculus_i": "C",
        "computer_programming": "F",
        "electrical_installation_practice_and_safety": "F",
        "basic_engineering_drawing": "B+",
        "engineering_workshop": "A-",
        "sgpa": "-"
    },
    "23480004": {
        "applied_physics": "F",
        "basic_electrical_circuits": "F",
        "calculus_i": "F",
        "computer_programming": "F",
        "electrical_installation_practice_and_safety": "B-",
        "basic_engineering_drawing": "B+",
        "engineering_workshop": "A-",
        "sgpa": "-"
    },
    "23480005": {
        "applied_physics": "B-",
        "basic_electrical_circuits": "C+",
        "calculus_i": "C-",
        "computer_programming": "F",
        "electrical_installation_practice_and_safety": "F",
        "basic_engineering_drawing": "A-",
        "engineering_workshop": "A-",
        "sgpa": "-"
    },
    "23480006": {
        "applied_physics": "F",
        "basic_electrical_circuits": "C",
        "calculus_i": "F",
        "computer_programming": "F",
        "electrical_installation_practice_and_safety": "F",
        "basic_engineering_drawing": "A-",
        "engineering_workshop": "A-",
        "sgpa": "-"
    },
    "23480007": {
        "applied_physics": "Expelled",
        "basic_electrical_circuits": "B",
        "calculus_i": "A-",
        "computer_programming": "A-",
        "electrical_installation_practice_and_safety": "B",
        "basic_engineering_drawing": "A-",
        "engineering_workshop": "A",
        "sgpa": "-"
    },
    "23480008": {
        "applied_physics": "F",
        "basic_electrical_circuits": "F",
        "calculus_i": "F",
        "computer_programming": "F",
        "electrical_installation_practice_and_safety": "F",
        "basic_engineering_drawing": "B",
        "engineering_workshop": "B+",
        "sgpa": "-"
    },
    "23480009": {
        "applied_physics": "B+",
        "basic_electrical_circuits": "C+",
        "calculus_i": "C",
        "computer_programming": "F",
        "electrical_installation_practice_and_safety": "A-",
        "basic_engineering_drawing": "A-",
        "engineering_workshop": "A-",
        "sgpa": "-"
    },
    "23480010": {
        "applied_physics": "F",
        "basic_electrical_circuits": "F",
        "calculus_i": "F",
        "computer_programming": "F",
        "electrical_installation_practice_and_safety": "C-",
        "basic_engineering_drawing": "F",
        "engineering_workshop": "A",
        "sgpa": "-"
    },
    "23480011": {
        "applied_physics": "F",
        "basic_electrical_circuits": "F",
        "calculus_i": "F",
        "computer_programming": "NQ",
        "electrical_installation_practice_and_safety": "F",
        "basic_engineering_drawing": "C+",
        "engineering_workshop": "B",
        "sgpa": "-"
    },
    "23480012": {
        "applied_physics": "A",
        "basic_electrical_circuits": "B",
        "calculus_i": "A-",
        "computer_programming": "A-",
        "electrical_installation_practice_and_safety": "B+",
        "basic_engineering_drawing": "B-",
        "engineering_workshop": "A",
        "sgpa": "3.53"
    },
    "23480013": {
        "applied_physics": "B-",
        "basic_electrical_circuits": "B+",
        "calculus_i": "B-",
        "computer_programming": "F",
        "electrical_installation_practice_and_safety": "A-",
        "basic_engineering_drawing": "A",
        "engineering_workshop": "A",
        "sgpa": "-"
    },
    "23480014": {
        "applied_physics": "F",
        "basic_electrical_circuits": "F",
        "calculus_i": "F",
        "computer_programming": "F",
        "electrical_installation_practice_and_safety": "F",
        "basic_engineering_drawing": "C+",
        "engineering_workshop": "A",
        "sgpa": "-"
    },
    "23480015": {
        "applied_physics": "C",
        "basic_electrical_circuits": "F",
        "calculus_i": "F",
        "computer_programming": "F",
        "electrical_installation_practice_and_safety": "C",
        "basic_engineering_drawing": "B-",
        "engineering_workshop": "A",
        "sgpa": "-"
    },
    "23480016": {
        "applied_physics": "F",
        "basic_electrical_circuits": "B-",
        "calculus_i": "F",
        "computer_programming": "F",
        "electrical_installation_practice_and_safety": "F",
        "basic_engineering_drawing": "C",
        "engineering_workshop": "A",
        "sgpa": "-"
    },
    "23480017": {
        "applied_physics": "NQ",
        "basic_electrical_circuits": "NQ",
        "calculus_i": "Abs",
        "computer_programming": "NQ",
        "electrical_installation_practice_and_safety": "NQ",
        "basic_engineering_drawing": "Abs",
        "engineering_workshop": "B",
        "sgpa": "-"
    },
    "23480018": {
        "applied_physics": "F",
        "basic_electrical_circuits": "F",
        "calculus_i": "F",
        "computer_programming": "F",
        "electrical_installation_practice_and_safety": "F",
        "basic_engineering_drawing": "F",
        "engineering_workshop": "B",
        "sgpa": "-"
    },
    "23480019": {
        "applied_physics": "F",
        "basic_electrical_circuits": "F",
        "calculus_i": "F",
        "computer_programming": "F",
        "electrical_installation_practice_and_safety": "F",
        "basic_engineering_drawing": "F",
        "engineering_workshop": "A",
        "sgpa": "-"
    },
    "23480020": {
        "applied_physics": "C+",
        "basic_electrical_circuits": "C-",
        "calculus_i": "C+",
        "computer_programming": "F",
        "electrical_installation_practice_and_safety": "F",
        "basic_engineering_drawing": "B-",
        "engineering_workshop": "A",
        "sgpa": "-"
    },
    "23480021": {
        "applied_physics": "Abs",
        "basic_electrical_circuits": "Abs",
        "calculus_i": "Abs",
        "computer_programming": "NQ",
        "electrical_installation_practice_and_safety": "Abs",
        "basic_engineering_drawing": "Abs",
        "engineering_workshop": "Incomplete",
        "sgpa": "-"
    },
    "23480022": {
        "applied_physics": "F",
        "basic_electrical_circuits": "F",
        "calculus_i": "F",
        "computer_programming": "F",
        "electrical_installation_practice_and_safety": "C+",
        "basic_engineering_drawing": "B",
        "engineering_workshop": "A",
        "sgpa": "-"
    },
    "23480023": {
        "applied_physics": "NQ",
        "basic_electrical_circuits": "NQ",
        "calculus_i": "Abs",
        "computer_programming": "NQ",
        "electrical_installation_practice_and_safety": "NQ",
        "basic_engineering_drawing": "Abs",
        "engineering_workshop": "Incomplete",
        "sgpa": "-"
    },
    "23480024": {
        "applied_physics": "B",
        "basic_electrical_circuits": "C",
        "calculus_i": "C-",
        "computer_programming": "F",
        "electrical_installation_practice_and_safety": "C+",
        "basic_engineering_drawing": "B",
        "engineering_workshop": "A",
        "sgpa": "-"
    },
    "23480025": {
        "applied_physics": "F",
        "basic_electrical_circuits": "F",
        "calculus_i": "F",
        "computer_programming": "F",
        "electrical_installation_practice_and_safety": "F",
        "basic_engineering_drawing": "F",
        "engineering_workshop": "A",
        "sgpa": "-"
    },
    "23480026": {
        "applied_physics": "C+",
        "basic_electrical_circuits": "C+",
        "calculus_i": "C-",
        "computer_programming": "F",
        "electrical_installation_practice_and_safety": "C",
        "basic_engineering_drawing": "F",
        "engineering_workshop": "Incomplete",
        "sgpa": "-"
    },
    "23480027": {
        "applied_physics": "F",
        "basic_electrical_circuits": "B",
        "calculus_i": "B",
        "computer_programming": "F",
        "electrical_installation_practice_and_safety": "B-",
        "basic_engineering_drawing": "B+",
        "engineering_workshop": "A",
        "sgpa": "-"
    },
    "23480028": {
        "applied_physics": "C+",
        "basic_electrical_circuits": "C",
        "calculus_i": "B-",
        "computer_programming": "B-",
        "electrical_installation_practice_and_safety": "C",
        "basic_engineering_drawing": "B+",
        "engineering_workshop": "A",
        "sgpa": "2.53"
    },
    "23480029": {
        "applied_physics": "B-",
        "basic_electrical_circuits": "C",
        "calculus_i": "B+",
        "computer_programming": "C",
        "electrical_installation_practice_and_safety": "C",
        "basic_engineering_drawing": "B+",
        "engineering_workshop": "A",
        "sgpa": "2.58"
    },
    "23480030": {
        "applied_physics": "F",
        "basic_electrical_circuits": "C+",
        "calculus_i": "F",
        "computer_programming": "B",
        "electrical_installation_practice_and_safety": "B+",
        "basic_engineering_drawing": "B+",
        "engineering_workshop": "A",
        "sgpa": "-"
    },
    "23480031": {
        "applied_physics": "F",
        "basic_electrical_circuits": "C",
        "calculus_i": "C+",
        "computer_programming": "C",
        "electrical_installation_practice_and_safety": "F",
        "basic_engineering_drawing": "B",
        "engineering_workshop": "A",
        "sgpa": "-"
    },
    "23480032": {
        "applied_physics": "F",
        "basic_electrical_circuits": "F",
        "calculus_i": "F",
        "computer_programming": "F",
        "electrical_installation_practice_and_safety": "F",
        "basic_engineering_drawing": "B+",
        "engineering_workshop": "A",
        "sgpa": "-"
    },
    "23480033": {
        "applied_physics": "F",
        "basic_electrical_circuits": "F",
        "calculus_i": "C+",
        "computer_programming": "F",
        "electrical_installation_practice_and_safety": "F",
        "basic_engineering_drawing": "B",
        "engineering_workshop": "A",
        "sgpa": "-"
    },
    "23480034": {
        "applied_physics": "C+",
        "basic_electrical_circuits": "B-",
        "calculus_i": "C+",
        "computer_programming": "F",
        "electrical_installation_practice_and_safety": "B+",
        "basic_engineering_drawing": "B+",
        "engineering_workshop": "A",
        "sgpa": "-"
    },
    "23480035": {
        "applied_physics": "F",
        "basic_electrical_circuits": "A-",
        "calculus_i": "C",
        "computer_programming": "B",
        "electrical_installation_practice_and_safety": "A",
        "basic_engineering_drawing": "A",
        "engineering_workshop": "A",
        "sgpa": "-"
    },
    "23480036": {
        "applied_physics": "B-",
        "basic_electrical_circuits": "A-",
        "calculus_i": "A-",
        "computer_programming": "B-",
        "electrical_installation_practice_and_safety": "F",
        "basic_engineering_drawing": "A-",
        "engineering_workshop": "A",
        "sgpa": "-"
    },
    "23480037": {
        "applied_physics": "F",
        "basic_electrical_circuits": "F",
        "calculus_i": "F",
        "computer_programming": "F",
        "electrical_installation_practice_and_safety": "C+",
        "basic_engineering_drawing": "C+",
        "engineering_workshop": "A-",
        "sgpa": "-"
    },
    "23480038": {
        "applied_physics": "C",
        "basic_electrical_circuits": "F",
        "calculus_i": "F",
        "computer_programming": "F",
        "electrical_installation_practice_and_safety": "F",
        "basic_engineering_drawing": "B-",
        "engineering_workshop": "A-",
        "sgpa": "-"
    },
    "23480039": {
        "applied_physics": "C+",
        "basic_electrical_circuits": "C+",
        "calculus_i": "B",
        "computer_programming": "F",
        "electrical_installation_practice_and_safety": "B-",
        "basic_engineering_drawing": "B",
        "engineering_workshop": "A",
        "sgpa": "-"
    },
    "23480040": {
        "applied_physics": "F",
        "basic_electrical_circuits": "F",
        "calculus_i": "F",
        "computer_programming": "F",
        "electrical_installation_practice_and_safety": "F",
        "basic_engineering_drawing": "C-",
        "engineering_workshop": "B+",
        "sgpa": "-"
    },
    "23480041": {
        "applied_physics": "B",
        "basic_electrical_circuits": "A-",
        "calculus_i": "C+",
        "computer_programming": "F",
        "electrical_installation_practice_and_safety": "C",
        "basic_engineering_drawing": "C",
        "engineering_workshop": "B+",
        "sgpa": "-"
    },
    "23480042": {
        "applied_physics": "B",
        "basic_electrical_circuits": "C",
        "calculus_i": "B",
        "computer_programming": "F",
        "electrical_installation_practice_and_safety": "B+",
        "basic_engineering_drawing": "C",
        "engineering_workshop": "B+",
        "sgpa": "-"
    },
    "23480043": {
        "applied_physics": "C+",
        "basic_electrical_circuits": "B-",
        "calculus_i": "C",
        "computer_programming": "F",
        "electrical_installation_practice_and_safety": "A-",
        "basic_engineering_drawing": "B",
        "engineering_workshop": "A",
        "sgpa": "-"
    },
    "23480044": {
        "applied_physics": "F",
        "basic_electrical_circuits": "F",
        "calculus_i": "F",
        "computer_programming": "F",
        "electrical_installation_practice_and_safety": "F",
        "basic_engineering_drawing": "B",
        "engineering_workshop": "A",
        "sgpa": "-"
    },
    "23480045": {
        "applied_physics": "C+",
        "basic_electrical_circuits": "F",
        "calculus_i": "C",
        "computer_programming": "F",
        "electrical_installation_practice_and_safety": "B",
        "basic_engineering_drawing": "A-",
        "engineering_workshop": "A",
        "sgpa": "-"
    },
    "23480046": {
        "applied_physics": "B",
        "basic_electrical_circuits": "F",
        "calculus_i": "C",
        "computer_programming": "F",
        "electrical_installation_practice_and_safety": "C+",
        "basic_engineering_drawing": "A-",
        "engineering_workshop": "A",
        "sgpa": "-"
    },
    "23480047": {
        "applied_physics": "F",
        "basic_electrical_circuits": "B",
        "calculus_i": "Abs",
        "computer_programming": "F",
        "electrical_installation_practice_and_safety": "F",
        "basic_engineering_drawing": "B",
        "engineering_workshop": "B+",
        "sgpa": "-"
    },
    "23480048": {
        "applied_physics": "B-",
        "basic_electrical_circuits": "F",
        "calculus_i": "F",
        "computer_programming": "F",
        "electrical_installation_practice_and_safety": "F",
        "basic_engineering_drawing": "C+",
        "engineering_workshop": "A",
        "sgpa": "-"
    },
    "23480049": {
        "applied_physics": "B+",
        "basic_electrical_circuits": "B-",
        "calculus_i": "B-",
        "computer_programming": "B-",
        "electrical_installation_practice_and_safety": "A-",
        "basic_engineering_drawing": "A",
        "engineering_workshop": "A",
        "sgpa": "3.10"
    },
    "23480050": {
        "applied_physics": "B-",
        "basic_electrical_circuits": "C-",
        "calculus_i": "F",
        "computer_programming": "F",
        "electrical_installation_practice_and_safety": "B-",
        "basic_engineering_drawing": "A-",
        "engineering_workshop": "B+",
        "sgpa": "-"
    },
    "23480051": {
        "applied_physics": "B+",
        "basic_electrical_circuits": "B-",
        "calculus_i": "B-",
        "computer_programming": "F",
        "electrical_installation_practice_and_safety": "A",
        "basic_engineering_drawing": "A-",
        "engineering_workshop": "A-",
        "sgpa": "-"
    },
    "23480052": {
        "applied_physics": "F",
        "basic_electrical_circuits": "F",
        "calculus_i": "F",
        "computer_programming": "F",
        "electrical_installation_practice_and_safety": "F",
        "basic_engineering_drawing": "C-",
        "engineering_workshop": "A-",
        "sgpa": "-"
    },
    "23480053": {
        "applied_physics": "C",
        "basic_electrical_circuits": "C+",
        "calculus_i": "Abs",
        "computer_programming": "F",
        "electrical_installation_practice_and_safety": "B-",
        "basic_engineering_drawing": "B+",
        "engineering_workshop": "A-",
        "sgpa": "-"
    },
    "23480054": {
        "applied_physics": "F",
        "basic_electrical_circuits": "F",
        "calculus_i": "F",
        "computer_programming": "F",
        "electrical_installation_practice_and_safety": "F",
        "basic_engineering_drawing": "C-",
        "engineering_workshop": "B+",
        "sgpa": "-"
    },
    "23480055": {
        "applied_physics": "F",
        "basic_electrical_circuits": "F",
        "calculus_i": "F",
        "computer_programming": "F",
        "electrical_installation_practice_and_safety": "F",
        "basic_engineering_drawing": "C",
        "engineering_workshop": "A-",
        "sgpa": "-"
    },
    "23480056": {
        "applied_physics": "B-",
        "basic_electrical_circuits": "B+",
        "calculus_i": "C-",
        "computer_programming": "F",
        "electrical_installation_practice_and_safety": "A-",
        "basic_engineering_drawing": "B+",
        "engineering_workshop": "A",
        "sgpa": "-"
    },
    "23480057": {
        "applied_physics": "F",
        "basic_electrical_circuits": "F",
        "calculus_i": "F",
        "computer_programming": "F",
        "electrical_installation_practice_and_safety": "Expelled",
        "basic_engineering_drawing": "C",
        "engineering_workshop": "A",
        "sgpa": "-"
    },
    "23480058": {
        "applied_physics": "F",
        "basic_electrical_circuits": "F",
        "calculus_i": "F",
        "computer_programming": "F",
        "electrical_installation_practice_and_safety": "F",
        "basic_engineering_drawing": "C",
        "engineering_workshop": "A",
        "sgpa": "-"
    },
    "23480059": {
        "applied_physics": "C",
        "basic_electrical_circuits": "F",
        "calculus_i": "Abs",
        "computer_programming": "Abs",
        "electrical_installation_practice_and_safety": "F",
        "basic_engineering_drawing": "C+",
        "engineering_workshop": "A-",
        "sgpa": "-"
    },
    "23480060": {
        "applied_physics": "F",
        "basic_electrical_circuits": "C",
        "calculus_i": "F",
        "computer_programming": "C",
        "electrical_installation_practice_and_safety": "F",
        "basic_engineering_drawing": "C",
        "engineering_workshop": "A",
        "sgpa": "-"
    },
    "23480061": {
        "applied_physics": "F",
        "basic_electrical_circuits": "F",
        "calculus_i": "F",
        "computer_programming": "F",
        "electrical_installation_practice_and_safety": "Expelled",
        "basic_engineering_drawing": "C",
        "engineering_workshop": "A",
        "sgpa": "-"
    },
    "23480062": {
        "applied_physics": "F",
        "basic_electrical_circuits": "F",
        "calculus_i": "F",
        "computer_programming": "F",
        "electrical_installation_practice_and_safety": "B",
        "basic_engineering_drawing": "B-",
        "engineering_workshop": "A",
        "sgpa": "-"
    },
    "23480063": {
        "applied_physics": "B",
        "basic_electrical_circuits": "A",
        "calculus_i": "C-",
        "computer_programming": "C+",
        "electrical_installation_practice_and_safety": "B",
        "basic_engineering_drawing": "B+",
        "engineering_workshop": "A",
        "sgpa": "2.89"
    },
    "23480064": {
        "applied_physics": "C",
        "basic_electrical_circuits": "A-",
        "calculus_i": "C+",
        "computer_programming": "F",
        "electrical_installation_practice_and_safety": "B",
        "basic_engineering_drawing": "A-",
        "engineering_workshop": "A",
        "sgpa": "-"
    },
    "23480065": {
        "applied_physics": "Abs",
        "basic_electrical_circuits": "F",
        "calculus_i": "Abs",
        "computer_programming": "F",
        "electrical_installation_practice_and_safety": "Abs",
        "basic_engineering_drawing": "Abs",
        "engineering_workshop": "B-",
        "sgpa": "-"
    }
}