{
    "nan": {
        "industrial_electronics_and_drives": "-",
        "analog_communication": "-",
        "filter_design": "-",
        "computer_organization": "-",
        "engineering_economics": "-",
        "satellite_communication": "-"
    },
    "16110008": {
        "industrial_electronics_and_drives": "Abs",
        "analog_communication": "-",
        "filter_design": "-",
        "computer_organization": "-",
        "engineering_economics": "-",
        "satellite_communication": "-"
    },
    "16110018": {
        "industrial_electronics_and_drives": "-",
        "analog_communication": "C-",
        "filter_design": "D+",
        "computer_organization": "-",
        "engineering_economics": "-",
        "satellite_communication": "-"
    },
    "16110048": {
        "industrial_electronics_and_drives": "-",
        "analog_communication": "-",
        "filter_design": "-",
        "computer_organization": "-",
        "engineering_economics": "F",
        "satellite_communication": "-"
    },
    "17110001": {
        "industrial_electronics_and_drives": "-",
        "analog_communication": "C",
        "filter_design": "-",
        "computer_organization": "-",
        "engineering_economics": "-",
        "satellite_communication": "-"
    },
    "17110003": {
        "industrial_electronics_and_drives": "-",
        "analog_communication": "-",
        "filter_design": "-",
        "computer_organization": "Abs",
        "engineering_economics": "-",
        "satellite_communication": "-"
    },
    "17110010": {
        "industrial_electronics_and_drives": "-",
        "analog_communication": "-",
        "filter_design": "Abs",
        "computer_organization": "-",
        "engineering_economics": "C-",
        "satellite_communication": "-"
    },
    "17110018": {
        "industrial_electronics_and_drives": "-",
        "analog_communication": "-",
        "filter_design": "Abs",
        "computer_organization": "-",
        "engineering_economics": "-",
        "satellite_communication": "-"
    },
    "17110028": {
        "industrial_electronics_and_drives": "C",
        "analog_communication": "-",
        "filter_design": "-",
        "computer_organization": "-",
        "engineering_economics": "-",
        "satellite_communication": "-"
    },
    "17110032": {
        "industrial_electronics_and_drives": "-",
        "analog_communication": "-",
        "filter_design": "Abs",
        "computer_organization": "-",
        "engineering_economics": "-",
        "satellite_communication": "-"
    },
    "17110067": {
        "industrial_electronics_and_drives": "-",
        "analog_communication": "-",
        "filter_design": "-",
        "computer_organization": "-",
        "engineering_economics": "F",
        "satellite_communication": "-"
    },
    "17110076": {
        "industrial_electronics_and_drives": "-",
        "analog_communication": "Abs",
        "filter_design": "-",
        "computer_organization": "Abs",
        "engineering_economics": "-",
        "satellite_communication": "-"
    },
    "17110082": {
        "industrial_electronics_and_drives": "-",
        "analog_communication": "-",
        "filter_design": "-",
        "computer_organization": "-",
        "engineering_economics": "Abs",
        "satellite_communication": "-"
    },
    "18110001": {
        "industrial_electronics_and_drives": "-",
        "analog_communication": "F",
        "filter_design": "-",
        "computer_organization": "-",
        "engineering_economics": "-",
        "satellite_communication": "-"
    },
    "18110003": {
        "industrial_electronics_and_drives": "-",
        "analog_communication": "-",
        "filter_design": "-",
        "computer_organization": "Abs",
        "engineering_economics": "-",
        "satellite_communication": "-"
    },
    "18110012": {
        "industrial_electronics_and_drives": "-",
        "analog_communication": "-",
        "filter_design": "-",
        "computer_organization": "-",
        "engineering_economics": "F",
        "satellite_communication": "-"
    },
    "18110019": {
        "industrial_electronics_and_drives": "-",
        "analog_communication": "F",
        "filter_design": "-",
        "computer_organization": "-",
        "engineering_economics": "-",
        "satellite_communication": "-"
    },
    "18110020": {
        "industrial_electronics_and_drives": "-",
        "analog_communication": "B",
        "filter_design": "-",
        "computer_organization": "-",
        "engineering_economics": "-",
        "satellite_communication": "-"
    },
    "18110030": {
        "industrial_electronics_and_drives": "C-",
        "analog_communication": "-",
        "filter_design": "-",
        "computer_organization": "-",
        "engineering_economics": "-",
        "satellite_communication": "-"
    },
    "18110033": {
        "industrial_electronics_and_drives": "-",
        "analog_communication": "-",
        "filter_design": "-",
        "computer_organization": "-",
        "engineering_economics": "F",
        "satellite_communication": "-"
    },
    "18110038": {
        "industrial_electronics_and_drives": "-",
        "analog_communication": "Abs",
        "filter_design": "-",
        "computer_organization": "-",
        "engineering_economics": "-",
        "satellite_communication": "-"
    },
    "18110043": {
        "industrial_electronics_and_drives": "-",
        "analog_communication": "-",
        "filter_design": "-",
        "computer_organization": "F",
        "engineering_economics": "F",
        "satellite_communication": "-"
    },
    "18110048": {
        "industrial_electronics_and_drives": "Abs",
        "analog_communication": "-",
        "filter_design": "Abs",
        "computer_organization": "-",
        "engineering_economics": "-",
        "satellite_communication": "-"
    },
    "18110056": {
        "industrial_electronics_and_drives": "-",
        "analog_communication": "-",
        "filter_design": "F",
        "computer_organization": "-",
        "engineering_economics": "-",
        "satellite_communication": "-"
    },
    "18110061": {
        "industrial_electronics_and_drives": "C+",
        "analog_communication": "-",
        "filter_design": "C+",
        "computer_organization": "-",
        "engineering_economics": "-",
        "satellite_communication": "-"
    },
    "19110017": {
        "industrial_electronics_and_drives": "F",
        "analog_communication": "-",
        "filter_design": "-",
        "computer_organization": "-",
        "engineering_economics": "-",
        "satellite_communication": "-"
    },
    "20110003": {
        "industrial_electronics_and_drives": "-",
        "analog_communication": "C",
        "filter_design": "F",
        "computer_organization": "-",
        "engineering_economics": "-",
        "satellite_communication": "-"
    },
    "20110007": {
        "industrial_electronics_and_drives": "F",
        "analog_communication": "C-",
        "filter_design": "-",
        "computer_organization": "Abs",
        "engineering_economics": "-",
        "satellite_communication": "-"
    },
    "20110015": {
        "industrial_electronics_and_drives": "F",
        "analog_communication": "-",
        "filter_design": "-",
        "computer_organization": "-",
        "engineering_economics": "-",
        "satellite_communication": "-"
    },
    "20110017": {
        "industrial_electronics_and_drives": "-",
        "analog_communication": "-",
        "filter_design": "-",
        "computer_organization": "-",
        "engineering_economics": "-",
        "satellite_communication": "B-"
    }
}