{
    "nan": {
        "engineering_mathematics_ii": "-",
        "chemistry": "-",
        "physics": "-",
        "object_oriented_programming_in_c++": "-",
        "communication_techniques": "-",
        "thermal_science": "-",
        "applied_mechanics_i": "-"
    },
    "16480098": {
        "engineering_mathematics_ii": "-",
        "chemistry": "-",
        "physics": "-",
        "object_oriented_programming_in_c++": "-",
        "communication_techniques": "-",
        "thermal_science": "-",
        "applied_mechanics_i": "F"
    },
    "16480122": {
        "engineering_mathematics_ii": "-",
        "chemistry": "-",
        "physics": "-",
        "object_oriented_programming_in_c++": "-",
        "communication_techniques": "-",
        "thermal_science": "-",
        "applied_mechanics_i": "C"
    },
    "17480013": {
        "engineering_mathematics_ii": "-",
        "chemistry": "-",
        "physics": "B+",
        "object_oriented_programming_in_c++": "-",
        "communication_techniques": "-",
        "thermal_science": "B",
        "applied_mechanics_i": "-"
    },
    "17480031": {
        "engineering_mathematics_ii": "-",
        "chemistry": "-",
        "physics": "D",
        "object_oriented_programming_in_c++": "-",
        "communication_techniques": "-",
        "thermal_science": "C",
        "applied_mechanics_i": "-"
    },
    "17480041": {
        "engineering_mathematics_ii": "-",
        "chemistry": "-",
        "physics": "-",
        "object_oriented_programming_in_c++": "-",
        "communication_techniques": "-",
        "thermal_science": "F",
        "applied_mechanics_i": "-"
    },
    "17480046": {
        "engineering_mathematics_ii": "-",
        "chemistry": "-",
        "physics": "F",
        "object_oriented_programming_in_c++": "-",
        "communication_techniques": "-",
        "thermal_science": "-",
        "applied_mechanics_i": "F"
    },
    "17480064": {
        "engineering_mathematics_ii": "-",
        "chemistry": "-",
        "physics": "-",
        "object_oriented_programming_in_c++": "Withheld",
        "communication_techniques": "-",
        "thermal_science": "-",
        "applied_mechanics_i": "-"
    },
    "17480099": {
        "engineering_mathematics_ii": "-",
        "chemistry": "-",
        "physics": "Abs",
        "object_oriented_programming_in_c++": "-",
        "communication_techniques": "-",
        "thermal_science": "-",
        "applied_mechanics_i": "-"
    },
    "17480134": {
        "engineering_mathematics_ii": "-",
        "chemistry": "-",
        "physics": "Abs",
        "object_oriented_programming_in_c++": "-",
        "communication_techniques": "-",
        "thermal_science": "-",
        "applied_mechanics_i": "-"
    },
    "17480138": {
        "engineering_mathematics_ii": "-",
        "chemistry": "-",
        "physics": "F",
        "object_oriented_programming_in_c++": "-",
        "communication_techniques": "-",
        "thermal_science": "-",
        "applied_mechanics_i": "F"
    },
    "17480144": {
        "engineering_mathematics_ii": "-",
        "chemistry": "-",
        "physics": "-",
        "object_oriented_programming_in_c++": "F",
        "communication_techniques": "-",
        "thermal_science": "-",
        "applied_mechanics_i": "-"
    },
    "18480004": {
        "engineering_mathematics_ii": "-",
        "chemistry": "-",
        "physics": "-",
        "object_oriented_programming_in_c++": "-",
        "communication_techniques": "-",
        "thermal_science": "-",
        "applied_mechanics_i": "F"
    },
    "18480006": {
        "engineering_mathematics_ii": "-",
        "chemistry": "-",
        "physics": "C+",
        "object_oriented_programming_in_c++": "-",
        "communication_techniques": "-",
        "thermal_science": "-",
        "applied_mechanics_i": "-"
    },
    "18480009": {
        "engineering_mathematics_ii": "-",
        "chemistry": "-",
        "physics": "-",
        "object_oriented_programming_in_c++": "-",
        "communication_techniques": "-",
        "thermal_science": "-",
        "applied_mechanics_i": "F"
    },
    "18480010": {
        "engineering_mathematics_ii": "-",
        "chemistry": "-",
        "physics": "C-",
        "object_oriented_programming_in_c++": "-",
        "communication_techniques": "-",
        "thermal_science": "-",
        "applied_mechanics_i": "-"
    },
    "18480011": {
        "engineering_mathematics_ii": "F",
        "chemistry": "-",
        "physics": "F",
        "object_oriented_programming_in_c++": "Abs",
        "communication_techniques": "-",
        "thermal_science": "-",
        "applied_mechanics_i": "-"
    },
    "18480016": {
        "engineering_mathematics_ii": "-",
        "chemistry": "-",
        "physics": "-",
        "object_oriented_programming_in_c++": "-",
        "communication_techniques": "-",
        "thermal_science": "-",
        "applied_mechanics_i": "C+"
    },
    "18480018": {
        "engineering_mathematics_ii": "-",
        "chemistry": "-",
        "physics": "F",
        "object_oriented_programming_in_c++": "-",
        "communication_techniques": "-",
        "thermal_science": "F",
        "applied_mechanics_i": "-"
    },
    "18480019": {
        "engineering_mathematics_ii": "F",
        "chemistry": "-",
        "physics": "C-",
        "object_oriented_programming_in_c++": "F",
        "communication_techniques": "-",
        "thermal_science": "-",
        "applied_mechanics_i": "-"
    },
    "18480027": {
        "engineering_mathematics_ii": "F",
        "chemistry": "-",
        "physics": "-",
        "object_oriented_programming_in_c++": "-",
        "communication_techniques": "-",
        "thermal_science": "-",
        "applied_mechanics_i": "-"
    },
    "18480028": {
        "engineering_mathematics_ii": "-",
        "chemistry": "-",
        "physics": "F",
        "object_oriented_programming_in_c++": "-",
        "communication_techniques": "-",
        "thermal_science": "C",
        "applied_mechanics_i": "-"
    },
    "18480031": {
        "engineering_mathematics_ii": "F",
        "chemistry": "-",
        "physics": "-",
        "object_oriented_programming_in_c++": "-",
        "communication_techniques": "-",
        "thermal_science": "-",
        "applied_mechanics_i": "-"
    },
    "18480033": {
        "engineering_mathematics_ii": "-",
        "chemistry": "-",
        "physics": "C",
        "object_oriented_programming_in_c++": "-",
        "communication_techniques": "-",
        "thermal_science": "-",
        "applied_mechanics_i": "C+"
    },
    "18480034": {
        "engineering_mathematics_ii": "-",
        "chemistry": "-",
        "physics": "-",
        "object_oriented_programming_in_c++": "-",
        "communication_techniques": "-",
        "thermal_science": "-",
        "applied_mechanics_i": "Abs"
    },
    "18480038": {
        "engineering_mathematics_ii": "-",
        "chemistry": "-",
        "physics": "B-",
        "object_oriented_programming_in_c++": "B-",
        "communication_techniques": "-",
        "thermal_science": "B",
        "applied_mechanics_i": "-"
    },
    "18480062": {
        "engineering_mathematics_ii": "-",
        "chemistry": "-",
        "physics": "B+",
        "object_oriented_programming_in_c++": "-",
        "communication_techniques": "-",
        "thermal_science": "B-",
        "applied_mechanics_i": "-"
    },
    "18480079": {
        "engineering_mathematics_ii": "F",
        "chemistry": "F",
        "physics": "-",
        "object_oriented_programming_in_c++": "Abs",
        "communication_techniques": "-",
        "thermal_science": "-",
        "applied_mechanics_i": "-"
    },
    "18480105": {
        "engineering_mathematics_ii": "-",
        "chemistry": "-",
        "physics": "Abs",
        "object_oriented_programming_in_c++": "-",
        "communication_techniques": "-",
        "thermal_science": "-",
        "applied_mechanics_i": "-"
    },
    "18480106": {
        "engineering_mathematics_ii": "Abs",
        "chemistry": "-",
        "physics": "-",
        "object_oriented_programming_in_c++": "-",
        "communication_techniques": "-",
        "thermal_science": "-",
        "applied_mechanics_i": "-"
    },
    "18480108": {
        "engineering_mathematics_ii": "Abs",
        "chemistry": "-",
        "physics": "Abs",
        "object_oriented_programming_in_c++": "-",
        "communication_techniques": "-",
        "thermal_science": "-",
        "applied_mechanics_i": "-"
    },
    "18480112": {
        "engineering_mathematics_ii": "Cancelled",
        "chemistry": "-",
        "physics": "-",
        "object_oriented_programming_in_c++": "-",
        "communication_techniques": "-",
        "thermal_science": "-",
        "applied_mechanics_i": "Cancelled"
    },
    "18480118": {
        "engineering_mathematics_ii": "-",
        "chemistry": "-",
        "physics": "-",
        "object_oriented_programming_in_c++": "F",
        "communication_techniques": "-",
        "thermal_science": "-",
        "applied_mechanics_i": "-"
    },
    "18480122": {
        "engineering_mathematics_ii": "A-",
        "chemistry": "-",
        "physics": "-",
        "object_oriented_programming_in_c++": "-",
        "communication_techniques": "-",
        "thermal_science": "-",
        "applied_mechanics_i": "Expelled"
    },
    "18480129": {
        "engineering_mathematics_ii": "F",
        "chemistry": "-",
        "physics": "-",
        "object_oriented_programming_in_c++": "Abs",
        "communication_techniques": "-",
        "thermal_science": "D+",
        "applied_mechanics_i": "Abs"
    },
    "18480136": {
        "engineering_mathematics_ii": "-",
        "chemistry": "-",
        "physics": "-",
        "object_oriented_programming_in_c++": "-",
        "communication_techniques": "-",
        "thermal_science": "-",
        "applied_mechanics_i": "F"
    },
    "18480144": {
        "engineering_mathematics_ii": "-",
        "chemistry": "-",
        "physics": "-",
        "object_oriented_programming_in_c++": "-",
        "communication_techniques": "-",
        "thermal_science": "Abs",
        "applied_mechanics_i": "F"
    },
    "19070478": {
        "engineering_mathematics_ii": "-",
        "chemistry": "-",
        "physics": "-",
        "object_oriented_programming_in_c++": "-",
        "communication_techniques": "-",
        "thermal_science": "-",
        "applied_mechanics_i": "Abs"
    },
    "19480009": {
        "engineering_mathematics_ii": "-",
        "chemistry": "-",
        "physics": "-",
        "object_oriented_programming_in_c++": "-",
        "communication_techniques": "-",
        "thermal_science": "C-",
        "applied_mechanics_i": "-"
    },
    "19480012": {
        "engineering_mathematics_ii": "-",
        "chemistry": "-",
        "physics": "-",
        "object_oriented_programming_in_c++": "-",
        "communication_techniques": "-",
        "thermal_science": "F",
        "applied_mechanics_i": "-"
    },
    "19480021": {
        "engineering_mathematics_ii": "-",
        "chemistry": "-",
        "physics": "-",
        "object_oriented_programming_in_c++": "F",
        "communication_techniques": "-",
        "thermal_science": "-",
        "applied_mechanics_i": "-"
    },
    "19480028": {
        "engineering_mathematics_ii": "-",
        "chemistry": "-",
        "physics": "-",
        "object_oriented_programming_in_c++": "-",
        "communication_techniques": "-",
        "thermal_science": "Abs",
        "applied_mechanics_i": "-"
    },
    "19480029": {
        "engineering_mathematics_ii": "-",
        "chemistry": "-",
        "physics": "-",
        "object_oriented_programming_in_c++": "-",
        "communication_techniques": "-",
        "thermal_science": "Abs",
        "applied_mechanics_i": "-"
    },
    "19480035": {
        "engineering_mathematics_ii": "-",
        "chemistry": "-",
        "physics": "-",
        "object_oriented_programming_in_c++": "-",
        "communication_techniques": "-",
        "thermal_science": "-",
        "applied_mechanics_i": "Abs"
    },
    "19480044": {
        "engineering_mathematics_ii": "-",
        "chemistry": "-",
        "physics": "-",
        "object_oriented_programming_in_c++": "F",
        "communication_techniques": "-",
        "thermal_science": "-",
        "applied_mechanics_i": "F"
    },
    "19480046": {
        "engineering_mathematics_ii": "-",
        "chemistry": "-",
        "physics": "-",
        "object_oriented_programming_in_c++": "-",
        "communication_techniques": "-",
        "thermal_science": "Abs",
        "applied_mechanics_i": "-"
    },
    "19480049": {
        "engineering_mathematics_ii": "-",
        "chemistry": "-",
        "physics": "F",
        "object_oriented_programming_in_c++": "-",
        "communication_techniques": "-",
        "thermal_science": "-",
        "applied_mechanics_i": "-"
    },
    "19480056": {
        "engineering_mathematics_ii": "-",
        "chemistry": "-",
        "physics": "F",
        "object_oriented_programming_in_c++": "-",
        "communication_techniques": "-",
        "thermal_science": "F",
        "applied_mechanics_i": "-"
    },
    "19480057": {
        "engineering_mathematics_ii": "-",
        "chemistry": "-",
        "physics": "C-",
        "object_oriented_programming_in_c++": "-",
        "communication_techniques": "-",
        "thermal_science": "Abs",
        "applied_mechanics_i": "-"
    },
    "19480060": {
        "engineering_mathematics_ii": "-",
        "chemistry": "-",
        "physics": "-",
        "object_oriented_programming_in_c++": "-",
        "communication_techniques": "-",
        "thermal_science": "Abs",
        "applied_mechanics_i": "F"
    },
    "19480061": {
        "engineering_mathematics_ii": "-",
        "chemistry": "-",
        "physics": "B-",
        "object_oriented_programming_in_c++": "-",
        "communication_techniques": "-",
        "thermal_science": "Abs",
        "applied_mechanics_i": "F"
    },
    "19480063": {
        "engineering_mathematics_ii": "-",
        "chemistry": "-",
        "physics": "F",
        "object_oriented_programming_in_c++": "-",
        "communication_techniques": "-",
        "thermal_science": "-",
        "applied_mechanics_i": "-"
    },
    "19480064": {
        "engineering_mathematics_ii": "-",
        "chemistry": "-",
        "physics": "-",
        "object_oriented_programming_in_c++": "C+",
        "communication_techniques": "-",
        "thermal_science": "-",
        "applied_mechanics_i": "-"
    },
    "19480069": {
        "engineering_mathematics_ii": "-",
        "chemistry": "-",
        "physics": "F",
        "object_oriented_programming_in_c++": "Abs",
        "communication_techniques": "-",
        "thermal_science": "C+",
        "applied_mechanics_i": "-"
    },
    "19480074": {
        "engineering_mathematics_ii": "-",
        "chemistry": "-",
        "physics": "-",
        "object_oriented_programming_in_c++": "-",
        "communication_techniques": "-",
        "thermal_science": "-",
        "applied_mechanics_i": "F"
    },
    "19480080": {
        "engineering_mathematics_ii": "-",
        "chemistry": "-",
        "physics": "-",
        "object_oriented_programming_in_c++": "-",
        "communication_techniques": "-",
        "thermal_science": "-",
        "applied_mechanics_i": "Abs"
    },
    "19480081": {
        "engineering_mathematics_ii": "-",
        "chemistry": "-",
        "physics": "-",
        "object_oriented_programming_in_c++": "-",
        "communication_techniques": "-",
        "thermal_science": "-",
        "applied_mechanics_i": "A-"
    },
    "19480083": {
        "engineering_mathematics_ii": "-",
        "chemistry": "-",
        "physics": "-",
        "object_oriented_programming_in_c++": "-",
        "communication_techniques": "-",
        "thermal_science": "-",
        "applied_mechanics_i": "Abs"
    },
    "19480091": {
        "engineering_mathematics_ii": "-",
        "chemistry": "-",
        "physics": "-",
        "object_oriented_programming_in_c++": "-",
        "communication_techniques": "-",
        "thermal_science": "-",
        "applied_mechanics_i": "F"
    },
    "19480101": {
        "engineering_mathematics_ii": "-",
        "chemistry": "-",
        "physics": "-",
        "object_oriented_programming_in_c++": "-",
        "communication_techniques": "A-",
        "thermal_science": "-",
        "applied_mechanics_i": "-"
    },
    "19480104": {
        "engineering_mathematics_ii": "-",
        "chemistry": "-",
        "physics": "-",
        "object_oriented_programming_in_c++": "-",
        "communication_techniques": "-",
        "thermal_science": "-",
        "applied_mechanics_i": "F"
    },
    "19480106": {
        "engineering_mathematics_ii": "-",
        "chemistry": "F",
        "physics": "-",
        "object_oriented_programming_in_c++": "-",
        "communication_techniques": "Abs",
        "thermal_science": "-",
        "applied_mechanics_i": "-"
    },
    "19480117": {
        "engineering_mathematics_ii": "-",
        "chemistry": "-",
        "physics": "-",
        "object_oriented_programming_in_c++": "-",
        "communication_techniques": "-",
        "thermal_science": "-",
        "applied_mechanics_i": "F"
    },
    "19480120": {
        "engineering_mathematics_ii": "-",
        "chemistry": "-",
        "physics": "-",
        "object_oriented_programming_in_c++": "-",
        "communication_techniques": "B",
        "thermal_science": "-",
        "applied_mechanics_i": "-"
    },
    "19480124": {
        "engineering_mathematics_ii": "-",
        "chemistry": "-",
        "physics": "-",
        "object_oriented_programming_in_c++": "-",
        "communication_techniques": "-",
        "thermal_science": "-",
        "applied_mechanics_i": "Abs"
    },
    "19480129": {
        "engineering_mathematics_ii": "-",
        "chemistry": "-",
        "physics": "-",
        "object_oriented_programming_in_c++": "-",
        "communication_techniques": "-",
        "thermal_science": "-",
        "applied_mechanics_i": "Abs"
    },
    "20480002": {
        "engineering_mathematics_ii": "-",
        "chemistry": "-",
        "physics": "-",
        "object_oriented_programming_in_c++": "F",
        "communication_techniques": "-",
        "thermal_science": "-",
        "applied_mechanics_i": "-"
    },
    "20480004": {
        "engineering_mathematics_ii": "-",
        "chemistry": "-",
        "physics": "-",
        "object_oriented_programming_in_c++": "B+",
        "communication_techniques": "-",
        "thermal_science": "-",
        "applied_mechanics_i": "-"
    },
    "20480017": {
        "engineering_mathematics_ii": "-",
        "chemistry": "-",
        "physics": "-",
        "object_oriented_programming_in_c++": "B-",
        "communication_techniques": "-",
        "thermal_science": "-",
        "applied_mechanics_i": "-"
    },
    "20480026": {
        "engineering_mathematics_ii": "-",
        "chemistry": "-",
        "physics": "-",
        "object_oriented_programming_in_c++": "-",
        "communication_techniques": "-",
        "thermal_science": "B",
        "applied_mechanics_i": "-"
    },
    "20480040": {
        "engineering_mathematics_ii": "-",
        "chemistry": "-",
        "physics": "-",
        "object_oriented_programming_in_c++": "-",
        "communication_techniques": "-",
        "thermal_science": "-",
        "applied_mechanics_i": "Abs"
    },
    "20480051": {
        "engineering_mathematics_ii": "-",
        "chemistry": "-",
        "physics": "-",
        "object_oriented_programming_in_c++": "-",
        "communication_techniques": "-",
        "thermal_science": "-",
        "applied_mechanics_i": "C-"
    },
    "20480098": {
        "engineering_mathematics_ii": "-",
        "chemistry": "-",
        "physics": "Abs",
        "object_oriented_programming_in_c++": "-",
        "communication_techniques": "-",
        "thermal_science": "-",
        "applied_mechanics_i": "-"
    },
    "21040958": {
        "engineering_mathematics_ii": "F",
        "chemistry": "-",
        "physics": "-",
        "object_oriented_programming_in_c++": "-",
        "communication_techniques": "-",
        "thermal_science": "-",
        "applied_mechanics_i": "-"
    },
    "21480003": {
        "engineering_mathematics_ii": "-",
        "chemistry": "-",
        "physics": "-",
        "object_oriented_programming_in_c++": "-",
        "communication_techniques": "-",
        "thermal_science": "Abs",
        "applied_mechanics_i": "-"
    },
    "21480004": {
        "engineering_mathematics_ii": "-",
        "chemistry": "-",
        "physics": "-",
        "object_oriented_programming_in_c++": "-",
        "communication_techniques": "-",
        "thermal_science": "F",
        "applied_mechanics_i": "-"
    },
    "21480006": {
        "engineering_mathematics_ii": "-",
        "chemistry": "-",
        "physics": "Abs",
        "object_oriented_programming_in_c++": "-",
        "communication_techniques": "-",
        "thermal_science": "-",
        "applied_mechanics_i": "-"
    },
    "21480009": {
        "engineering_mathematics_ii": "-",
        "chemistry": "-",
        "physics": "F",
        "object_oriented_programming_in_c++": "-",
        "communication_techniques": "-",
        "thermal_science": "-",
        "applied_mechanics_i": "-"
    },
    "21480011": {
        "engineering_mathematics_ii": "Abs",
        "chemistry": "-",
        "physics": "Abs",
        "object_oriented_programming_in_c++": "-",
        "communication_techniques": "-",
        "thermal_science": "-",
        "applied_mechanics_i": "-"
    },
    "21480013": {
        "engineering_mathematics_ii": "-",
        "chemistry": "-",
        "physics": "Abs",
        "object_oriented_programming_in_c++": "-",
        "communication_techniques": "-",
        "thermal_science": "-",
        "applied_mechanics_i": "-"
    },
    "21480015": {
        "engineering_mathematics_ii": "-",
        "chemistry": "-",
        "physics": "Abs",
        "object_oriented_programming_in_c++": "-",
        "communication_techniques": "-",
        "thermal_science": "-",
        "applied_mechanics_i": "-"
    },
    "21480017": {
        "engineering_mathematics_ii": "-",
        "chemistry": "-",
        "physics": "Abs",
        "object_oriented_programming_in_c++": "-",
        "communication_techniques": "-",
        "thermal_science": "-",
        "applied_mechanics_i": "-"
    },
    "21480018": {
        "engineering_mathematics_ii": "Abs",
        "chemistry": "-",
        "physics": "Expelled",
        "object_oriented_programming_in_c++": "-",
        "communication_techniques": "-",
        "thermal_science": "-",
        "applied_mechanics_i": "-"
    },
    "21480021": {
        "engineering_mathematics_ii": "-",
        "chemistry": "-",
        "physics": "B-",
        "object_oriented_programming_in_c++": "-",
        "communication_techniques": "-",
        "thermal_science": "-",
        "applied_mechanics_i": "-"
    },
    "21480025": {
        "engineering_mathematics_ii": "-",
        "chemistry": "-",
        "physics": "F",
        "object_oriented_programming_in_c++": "-",
        "communication_techniques": "-",
        "thermal_science": "F",
        "applied_mechanics_i": "-"
    },
    "21480026": {
        "engineering_mathematics_ii": "-",
        "chemistry": "-",
        "physics": "C",
        "object_oriented_programming_in_c++": "-",
        "communication_techniques": "-",
        "thermal_science": "-",
        "applied_mechanics_i": "-"
    },
    "21480028": {
        "engineering_mathematics_ii": "F",
        "chemistry": "-",
        "physics": "Abs",
        "object_oriented_programming_in_c++": "-",
        "communication_techniques": "-",
        "thermal_science": "-",
        "applied_mechanics_i": "-"
    },
    "21480036": {
        "engineering_mathematics_ii": "F",
        "chemistry": "-",
        "physics": "F",
        "object_oriented_programming_in_c++": "-",
        "communication_techniques": "-",
        "thermal_science": "-",
        "applied_mechanics_i": "-"
    },
    "21480038": {
        "engineering_mathematics_ii": "-",
        "chemistry": "-",
        "physics": "Abs",
        "object_oriented_programming_in_c++": "-",
        "communication_techniques": "-",
        "thermal_science": "-",
        "applied_mechanics_i": "-"
    },
    "21480039": {
        "engineering_mathematics_ii": "-",
        "chemistry": "-",
        "physics": "-",
        "object_oriented_programming_in_c++": "-",
        "communication_techniques": "-",
        "thermal_science": "C",
        "applied_mechanics_i": "-"
    },
    "21480041": {
        "engineering_mathematics_ii": "Abs",
        "chemistry": "-",
        "physics": "-",
        "object_oriented_programming_in_c++": "-",
        "communication_techniques": "-",
        "thermal_science": "-",
        "applied_mechanics_i": "-"
    },
    "21480050": {
        "engineering_mathematics_ii": "C",
        "chemistry": "-",
        "physics": "F",
        "object_oriented_programming_in_c++": "-",
        "communication_techniques": "-",
        "thermal_science": "-",
        "applied_mechanics_i": "-"
    },
    "21480051": {
        "engineering_mathematics_ii": "-",
        "chemistry": "-",
        "physics": "B-",
        "object_oriented_programming_in_c++": "-",
        "communication_techniques": "-",
        "thermal_science": "-",
        "applied_mechanics_i": "-"
    },
    "21480052": {
        "engineering_mathematics_ii": "Abs",
        "chemistry": "-",
        "physics": "F",
        "object_oriented_programming_in_c++": "-",
        "communication_techniques": "-",
        "thermal_science": "-",
        "applied_mechanics_i": "-"
    },
    "21480053": {
        "engineering_mathematics_ii": "B-",
        "chemistry": "-",
        "physics": "F",
        "object_oriented_programming_in_c++": "-",
        "communication_techniques": "-",
        "thermal_science": "-",
        "applied_mechanics_i": "-"
    },
    "21480056": {
        "engineering_mathematics_ii": "-",
        "chemistry": "-",
        "physics": "B",
        "object_oriented_programming_in_c++": "-",
        "communication_techniques": "-",
        "thermal_science": "-",
        "applied_mechanics_i": "-"
    },
    "21480057": {
        "engineering_mathematics_ii": "F",
        "chemistry": "-",
        "physics": "-",
        "object_oriented_programming_in_c++": "-",
        "communication_techniques": "-",
        "thermal_science": "-",
        "applied_mechanics_i": "-"
    },
    "21480060": {
        "engineering_mathematics_ii": "-",
        "chemistry": "-",
        "physics": "-",
        "object_oriented_programming_in_c++": "-",
        "communication_techniques": "-",
        "thermal_science": "-",
        "applied_mechanics_i": "Abs"
    },
    "21480063": {
        "engineering_mathematics_ii": "-",
        "chemistry": "-",
        "physics": "F",
        "object_oriented_programming_in_c++": "-",
        "communication_techniques": "-",
        "thermal_science": "-",
        "applied_mechanics_i": "-"
    },
    "21480064": {
        "engineering_mathematics_ii": "-",
        "chemistry": "-",
        "physics": "B+",
        "object_oriented_programming_in_c++": "-",
        "communication_techniques": "-",
        "thermal_science": "-",
        "applied_mechanics_i": "-"
    },
    "21480065": {
        "engineering_mathematics_ii": "-",
        "chemistry": "-",
        "physics": "C",
        "object_oriented_programming_in_c++": "-",
        "communication_techniques": "-",
        "thermal_science": "-",
        "applied_mechanics_i": "-"
    },
    "21480066": {
        "engineering_mathematics_ii": "-",
        "chemistry": "-",
        "physics": "F",
        "object_oriented_programming_in_c++": "-",
        "communication_techniques": "-",
        "thermal_science": "-",
        "applied_mechanics_i": "-"
    },
    "21480069": {
        "engineering_mathematics_ii": "-",
        "chemistry": "-",
        "physics": "A",
        "object_oriented_programming_in_c++": "-",
        "communication_techniques": "-",
        "thermal_science": "-",
        "applied_mechanics_i": "-"
    },
    "21480071": {
        "engineering_mathematics_ii": "-",
        "chemistry": "-",
        "physics": "F",
        "object_oriented_programming_in_c++": "-",
        "communication_techniques": "-",
        "thermal_science": "-",
        "applied_mechanics_i": "-"
    },
    "21480080": {
        "engineering_mathematics_ii": "-",
        "chemistry": "-",
        "physics": "F",
        "object_oriented_programming_in_c++": "-",
        "communication_techniques": "-",
        "thermal_science": "-",
        "applied_mechanics_i": "-"
    },
    "21480092": {
        "engineering_mathematics_ii": "-",
        "chemistry": "-",
        "physics": "F",
        "object_oriented_programming_in_c++": "-",
        "communication_techniques": "-",
        "thermal_science": "-",
        "applied_mechanics_i": "-"
    },
    "21480105": {
        "engineering_mathematics_ii": "F",
        "chemistry": "-",
        "physics": "-",
        "object_oriented_programming_in_c++": "-",
        "communication_techniques": "-",
        "thermal_science": "-",
        "applied_mechanics_i": "-"
    },
    "21480120": {
        "engineering_mathematics_ii": "C-",
        "chemistry": "-",
        "physics": "-",
        "object_oriented_programming_in_c++": "-",
        "communication_techniques": "-",
        "thermal_science": "-",
        "applied_mechanics_i": "-"
    },
    "21480123": {
        "engineering_mathematics_ii": "B+",
        "chemistry": "C+",
        "physics": "-",
        "object_oriented_programming_in_c++": "-",
        "communication_techniques": "-",
        "thermal_science": "-",
        "applied_mechanics_i": "-"
    },
    "21480128": {
        "engineering_mathematics_ii": "F",
        "chemistry": "-",
        "physics": "-",
        "object_oriented_programming_in_c++": "-",
        "communication_techniques": "-",
        "thermal_science": "-",
        "applied_mechanics_i": "-"
    },
    "21480131": {
        "engineering_mathematics_ii": "-",
        "chemistry": "-",
        "physics": "-",
        "object_oriented_programming_in_c++": "-",
        "communication_techniques": "C-",
        "thermal_science": "-",
        "applied_mechanics_i": "-"
    },
    "21485001": {
        "engineering_mathematics_ii": "Abs",
        "chemistry": "-",
        "physics": "-",
        "object_oriented_programming_in_c++": "-",
        "communication_techniques": "-",
        "thermal_science": "-",
        "applied_mechanics_i": "-"
    },
    "21485002": {
        "engineering_mathematics_ii": "F",
        "chemistry": "-",
        "physics": "-",
        "object_oriented_programming_in_c++": "-",
        "communication_techniques": "-",
        "thermal_science": "-",
        "applied_mechanics_i": "-"
    },
    "21485006": {
        "engineering_mathematics_ii": "-",
        "chemistry": "-",
        "physics": "-",
        "object_oriented_programming_in_c++": "-",
        "communication_techniques": "-",
        "thermal_science": "-",
        "applied_mechanics_i": "Abs"
    },
    "21485014": {
        "engineering_mathematics_ii": "B+",
        "chemistry": "-",
        "physics": "B+",
        "object_oriented_programming_in_c++": "-",
        "communication_techniques": "-",
        "thermal_science": "-",
        "applied_mechanics_i": "-"
    },
    "21485015": {
        "engineering_mathematics_ii": "-",
        "chemistry": "-",
        "physics": "F",
        "object_oriented_programming_in_c++": "-",
        "communication_techniques": "-",
        "thermal_science": "-",
        "applied_mechanics_i": "-"
    },
    "21485019": {
        "engineering_mathematics_ii": "F",
        "chemistry": "-",
        "physics": "-",
        "object_oriented_programming_in_c++": "-",
        "communication_techniques": "-",
        "thermal_science": "-",
        "applied_mechanics_i": "-"
    },
    "21485024": {
        "engineering_mathematics_ii": "-",
        "chemistry": "-",
        "physics": "-",
        "object_oriented_programming_in_c++": "-",
        "communication_techniques": "-",
        "thermal_science": "F",
        "applied_mechanics_i": "-"
    },
    "21485027": {
        "engineering_mathematics_ii": "-",
        "chemistry": "-",
        "physics": "Abs",
        "object_oriented_programming_in_c++": "-",
        "communication_techniques": "-",
        "thermal_science": "Abs",
        "applied_mechanics_i": "-"
    },
    "21485028": {
        "engineering_mathematics_ii": "-",
        "chemistry": "-",
        "physics": "B+",
        "object_oriented_programming_in_c++": "-",
        "communication_techniques": "-",
        "thermal_science": "-",
        "applied_mechanics_i": "-"
    },
    "21485029": {
        "engineering_mathematics_ii": "Abs",
        "chemistry": "-",
        "physics": "-",
        "object_oriented_programming_in_c++": "-",
        "communication_techniques": "-",
        "thermal_science": "-",
        "applied_mechanics_i": "-"
    },
    "21485043": {
        "engineering_mathematics_ii": "Abs",
        "chemistry": "Abs",
        "physics": "-",
        "object_oriented_programming_in_c++": "-",
        "communication_techniques": "F",
        "thermal_science": "-",
        "applied_mechanics_i": "-"
    },
    "21485049": {
        "engineering_mathematics_ii": "F",
        "chemistry": "-",
        "physics": "F",
        "object_oriented_programming_in_c++": "-",
        "communication_techniques": "-",
        "thermal_science": "-",
        "applied_mechanics_i": "-"
    },
    "21485050": {
        "engineering_mathematics_ii": "C+",
        "chemistry": "-",
        "physics": "F",
        "object_oriented_programming_in_c++": "-",
        "communication_techniques": "-",
        "thermal_science": "-",
        "applied_mechanics_i": "-"
    },
    "21485053": {
        "engineering_mathematics_ii": "A-",
        "chemistry": "-",
        "physics": "-",
        "object_oriented_programming_in_c++": "-",
        "communication_techniques": "-",
        "thermal_science": "-",
        "applied_mechanics_i": "-"
    },
    "21485072": {
        "engineering_mathematics_ii": "C-",
        "chemistry": "-",
        "physics": "-",
        "object_oriented_programming_in_c++": "-",
        "communication_techniques": "-",
        "thermal_science": "-",
        "applied_mechanics_i": "-"
    },
    "21485073": {
        "engineering_mathematics_ii": "-",
        "chemistry": "-",
        "physics": "F",
        "object_oriented_programming_in_c++": "-",
        "communication_techniques": "-",
        "thermal_science": "F",
        "applied_mechanics_i": "-"
    },
    "21485074": {
        "engineering_mathematics_ii": "-",
        "chemistry": "-",
        "physics": "C+",
        "object_oriented_programming_in_c++": "-",
        "communication_techniques": "-",
        "thermal_science": "-",
        "applied_mechanics_i": "-"
    },
    "21485078": {
        "engineering_mathematics_ii": "F",
        "chemistry": "-",
        "physics": "F",
        "object_oriented_programming_in_c++": "-",
        "communication_techniques": "-",
        "thermal_science": "-",
        "applied_mechanics_i": "-"
    },
    "21485082": {
        "engineering_mathematics_ii": "-",
        "chemistry": "-",
        "physics": "-",
        "object_oriented_programming_in_c++": "-",
        "communication_techniques": "-",
        "thermal_science": "F",
        "applied_mechanics_i": "-"
    },
    "21485087": {
        "engineering_mathematics_ii": "-",
        "chemistry": "-",
        "physics": "-",
        "object_oriented_programming_in_c++": "-",
        "communication_techniques": "-",
        "thermal_science": "B-",
        "applied_mechanics_i": "-"
    },
    "21485088": {
        "engineering_mathematics_ii": "-",
        "chemistry": "-",
        "physics": "C",
        "object_oriented_programming_in_c++": "-",
        "communication_techniques": "-",
        "thermal_science": "-",
        "applied_mechanics_i": "-"
    },
    "21485094": {
        "engineering_mathematics_ii": "F",
        "chemistry": "-",
        "physics": "-",
        "object_oriented_programming_in_c++": "-",
        "communication_techniques": "-",
        "thermal_science": "-",
        "applied_mechanics_i": "-"
    },
    "21485096": {
        "engineering_mathematics_ii": "Abs",
        "chemistry": "-",
        "physics": "-",
        "object_oriented_programming_in_c++": "-",
        "communication_techniques": "-",
        "thermal_science": "-",
        "applied_mechanics_i": "-"
    },
    "21485098": {
        "engineering_mathematics_ii": "F",
        "chemistry": "-",
        "physics": "-",
        "object_oriented_programming_in_c++": "-",
        "communication_techniques": "-",
        "thermal_science": "-",
        "applied_mechanics_i": "-"
    }
}