{
    "nan": {
        "engineering_mathematics_iii": "-",
        "logic_circuits": "-",
        "electromagnetic_field_and_waves": "-",
        "network_theory": "-",
        "electronic_devices": "-",
        "electrical_engineering_materials": "-"
    },
    "16110008": {
        "engineering_mathematics_iii": "F",
        "logic_circuits": "-",
        "electromagnetic_field_and_waves": "-",
        "network_theory": "-",
        "electronic_devices": "-",
        "electrical_engineering_materials": "-"
    },
    "16110048": {
        "engineering_mathematics_iii": "Abs",
        "logic_circuits": "F",
        "electromagnetic_field_and_waves": "-",
        "network_theory": "-",
        "electronic_devices": "Abs",
        "electrical_engineering_materials": "F"
    },
    "17110010": {
        "engineering_mathematics_iii": "-",
        "logic_circuits": "C-",
        "electromagnetic_field_and_waves": "-",
        "network_theory": "-",
        "electronic_devices": "-",
        "electrical_engineering_materials": "-"
    },
    "17110018": {
        "engineering_mathematics_iii": "-",
        "logic_circuits": "Abs",
        "electromagnetic_field_and_waves": "-",
        "network_theory": "-",
        "electronic_devices": "-",
        "electrical_engineering_materials": "-"
    },
    "17110019": {
        "engineering_mathematics_iii": "-",
        "logic_circuits": "-",
        "electromagnetic_field_and_waves": "C",
        "network_theory": "-",
        "electronic_devices": "-",
        "electrical_engineering_materials": "-"
    },
    "17110028": {
        "engineering_mathematics_iii": "-",
        "logic_circuits": "B-",
        "electromagnetic_field_and_waves": "-",
        "network_theory": "-",
        "electronic_devices": "-",
        "electrical_engineering_materials": "-"
    },
    "17110032": {
        "engineering_mathematics_iii": "C+",
        "logic_circuits": "-",
        "electromagnetic_field_and_waves": "-",
        "network_theory": "-",
        "electronic_devices": "-",
        "electrical_engineering_materials": "-"
    },
    "17110067": {
        "engineering_mathematics_iii": "F",
        "logic_circuits": "-",
        "electromagnetic_field_and_waves": "-",
        "network_theory": "-",
        "electronic_devices": "-",
        "electrical_engineering_materials": "-"
    },
    "17110076": {
        "engineering_mathematics_iii": "-",
        "logic_circuits": "-",
        "electromagnetic_field_and_waves": "-",
        "network_theory": "-",
        "electronic_devices": "Abs",
        "electrical_engineering_materials": "-"
    },
    "17110082": {
        "engineering_mathematics_iii": "-",
        "logic_circuits": "-",
        "electromagnetic_field_and_waves": "-",
        "network_theory": "-",
        "electronic_devices": "-",
        "electrical_engineering_materials": "Abs"
    },
    "18110001": {
        "engineering_mathematics_iii": "-",
        "logic_circuits": "C+",
        "electromagnetic_field_and_waves": "F",
        "network_theory": "-",
        "electronic_devices": "-",
        "electrical_engineering_materials": "-"
    },
    "18110002": {
        "engineering_mathematics_iii": "-",
        "logic_circuits": "F",
        "electromagnetic_field_and_waves": "-",
        "network_theory": "-",
        "electronic_devices": "-",
        "electrical_engineering_materials": "-"
    },
    "18110003": {
        "engineering_mathematics_iii": "Abs",
        "logic_circuits": "-",
        "electromagnetic_field_and_waves": "-",
        "network_theory": "-",
        "electronic_devices": "-",
        "electrical_engineering_materials": "-"
    },
    "18110007": {
        "engineering_mathematics_iii": "-",
        "logic_circuits": "-",
        "electromagnetic_field_and_waves": "B+",
        "network_theory": "-",
        "electronic_devices": "-",
        "electrical_engineering_materials": "-"
    },
    "18110008": {
        "engineering_mathematics_iii": "-",
        "logic_circuits": "Abs",
        "electromagnetic_field_and_waves": "Abs",
        "network_theory": "-",
        "electronic_devices": "Abs",
        "electrical_engineering_materials": "Abs"
    },
    "18110012": {
        "engineering_mathematics_iii": "F",
        "logic_circuits": "-",
        "electromagnetic_field_and_waves": "-",
        "network_theory": "-",
        "electronic_devices": "-",
        "electrical_engineering_materials": "-"
    },
    "18110019": {
        "engineering_mathematics_iii": "B",
        "logic_circuits": "C+",
        "electromagnetic_field_and_waves": "F",
        "network_theory": "-",
        "electronic_devices": "-",
        "electrical_engineering_materials": "-"
    },
    "18110022": {
        "engineering_mathematics_iii": "Abs",
        "logic_circuits": "Abs",
        "electromagnetic_field_and_waves": "-",
        "network_theory": "-",
        "electronic_devices": "-",
        "electrical_engineering_materials": "-"
    },
    "18110028": {
        "engineering_mathematics_iii": "B+",
        "logic_circuits": "-",
        "electromagnetic_field_and_waves": "-",
        "network_theory": "-",
        "electronic_devices": "-",
        "electrical_engineering_materials": "-"
    },
    "18110033": {
        "engineering_mathematics_iii": "-",
        "logic_circuits": "B-",
        "electromagnetic_field_and_waves": "-",
        "network_theory": "-",
        "electronic_devices": "-",
        "electrical_engineering_materials": "-"
    },
    "18110037": {
        "engineering_mathematics_iii": "-",
        "logic_circuits": "-",
        "electromagnetic_field_and_waves": "Abs",
        "network_theory": "-",
        "electronic_devices": "-",
        "electrical_engineering_materials": "F"
    },
    "18110043": {
        "engineering_mathematics_iii": "-",
        "logic_circuits": "F",
        "electromagnetic_field_and_waves": "-",
        "network_theory": "-",
        "electronic_devices": "-",
        "electrical_engineering_materials": "-"
    },
    "18110044": {
        "engineering_mathematics_iii": "-",
        "logic_circuits": "-",
        "electromagnetic_field_and_waves": "-",
        "network_theory": "Abs",
        "electronic_devices": "-",
        "electrical_engineering_materials": "-"
    },
    "18110045": {
        "engineering_mathematics_iii": "-",
        "logic_circuits": "B",
        "electromagnetic_field_and_waves": "-",
        "network_theory": "-",
        "electronic_devices": "-",
        "electrical_engineering_materials": "F"
    },
    "18110048": {
        "engineering_mathematics_iii": "-",
        "logic_circuits": "-",
        "electromagnetic_field_and_waves": "-",
        "network_theory": "-",
        "electronic_devices": "F",
        "electrical_engineering_materials": "-"
    },
    "18110056": {
        "engineering_mathematics_iii": "-",
        "logic_circuits": "-",
        "electromagnetic_field_and_waves": "-",
        "network_theory": "-",
        "electronic_devices": "-",
        "electrical_engineering_materials": "Withheld"
    },
    "18110057": {
        "engineering_mathematics_iii": "-",
        "logic_circuits": "-",
        "electromagnetic_field_and_waves": "-",
        "network_theory": "-",
        "electronic_devices": "-",
        "electrical_engineering_materials": "Abs"
    },
    "18110061": {
        "engineering_mathematics_iii": "-",
        "logic_circuits": "-",
        "electromagnetic_field_and_waves": "-",
        "network_theory": "-",
        "electronic_devices": "C",
        "electrical_engineering_materials": "-"
    },
    "19110003": {
        "engineering_mathematics_iii": "-",
        "logic_circuits": "C+",
        "electromagnetic_field_and_waves": "-",
        "network_theory": "-",
        "electronic_devices": "-",
        "electrical_engineering_materials": "-"
    },
    "19110010": {
        "engineering_mathematics_iii": "-",
        "logic_circuits": "F",
        "electromagnetic_field_and_waves": "-",
        "network_theory": "-",
        "electronic_devices": "-",
        "electrical_engineering_materials": "F"
    },
    "19110015": {
        "engineering_mathematics_iii": "-",
        "logic_circuits": "-",
        "electromagnetic_field_and_waves": "C-",
        "network_theory": "-",
        "electronic_devices": "-",
        "electrical_engineering_materials": "-"
    },
    "20110003": {
        "engineering_mathematics_iii": "-",
        "logic_circuits": "-",
        "electromagnetic_field_and_waves": "F",
        "network_theory": "-",
        "electronic_devices": "-",
        "electrical_engineering_materials": "-"
    },
    "20110004": {
        "engineering_mathematics_iii": "-",
        "logic_circuits": "-",
        "electromagnetic_field_and_waves": "-",
        "network_theory": "Abs",
        "electronic_devices": "F",
        "electrical_engineering_materials": "-"
    },
    "20110011": {
        "engineering_mathematics_iii": "-",
        "logic_circuits": "-",
        "electromagnetic_field_and_waves": "A-",
        "network_theory": "-",
        "electronic_devices": "-",
        "electrical_engineering_materials": "-"
    },
    "20110014": {
        "engineering_mathematics_iii": "-",
        "logic_circuits": "-",
        "electromagnetic_field_and_waves": "C+",
        "network_theory": "-",
        "electronic_devices": "-",
        "electrical_engineering_materials": "-"
    },
    "20110015": {
        "engineering_mathematics_iii": "-",
        "logic_circuits": "-",
        "electromagnetic_field_and_waves": "Abs",
        "network_theory": "F",
        "electronic_devices": "F",
        "electrical_engineering_materials": "-"
    },
    "20110016": {
        "engineering_mathematics_iii": "F",
        "logic_circuits": "-",
        "electromagnetic_field_and_waves": "-",
        "network_theory": "-",
        "electronic_devices": "-",
        "electrical_engineering_materials": "A-"
    },
    "20110017": {
        "engineering_mathematics_iii": "-",
        "logic_circuits": "-",
        "electromagnetic_field_and_waves": "Abs",
        "network_theory": "-",
        "electronic_devices": "F",
        "electrical_engineering_materials": "-"
    },
    "20110019": {
        "engineering_mathematics_iii": "-",
        "logic_circuits": "-",
        "electromagnetic_field_and_waves": "-",
        "network_theory": "F",
        "electronic_devices": "F",
        "electrical_engineering_materials": "-"
    },
    "21110004": {
        "engineering_mathematics_iii": "-",
        "logic_circuits": "-",
        "electromagnetic_field_and_waves": "-",
        "network_theory": "Abs",
        "electronic_devices": "Abs",
        "electrical_engineering_materials": "-"
    },
    "21110008": {
        "engineering_mathematics_iii": "-",
        "logic_circuits": "Abs",
        "electromagnetic_field_and_waves": "-",
        "network_theory": "-",
        "electronic_devices": "-",
        "electrical_engineering_materials": "-"
    },
    "21110009": {
        "engineering_mathematics_iii": "-",
        "logic_circuits": "A-",
        "electromagnetic_field_and_waves": "-",
        "network_theory": "-",
        "electronic_devices": "-",
        "electrical_engineering_materials": "-"
    },
    "21110010": {
        "engineering_mathematics_iii": "-",
        "logic_circuits": "-",
        "electromagnetic_field_and_waves": "-",
        "network_theory": "-",
        "electronic_devices": "-",
        "electrical_engineering_materials": "Abs"
    },
    "21110011": {
        "engineering_mathematics_iii": "-",
        "logic_circuits": "F",
        "electromagnetic_field_and_waves": "-",
        "network_theory": "-",
        "electronic_devices": "F",
        "electrical_engineering_materials": "-"
    },
    "21110012": {
        "engineering_mathematics_iii": "-",
        "logic_circuits": "A-",
        "electromagnetic_field_and_waves": "F",
        "network_theory": "-",
        "electronic_devices": "-",
        "electrical_engineering_materials": "-"
    },
    "21110014": {
        "engineering_mathematics_iii": "-",
        "logic_circuits": "A-",
        "electromagnetic_field_and_waves": "C",
        "network_theory": "-",
        "electronic_devices": "-",
        "electrical_engineering_materials": "-"
    },
    "21110015": {
        "engineering_mathematics_iii": "-",
        "logic_circuits": "-",
        "electromagnetic_field_and_waves": "F",
        "network_theory": "Abs",
        "electronic_devices": "-",
        "electrical_engineering_materials": "-"
    },
    "21110017": {
        "engineering_mathematics_iii": "-",
        "logic_circuits": "A-",
        "electromagnetic_field_and_waves": "-",
        "network_theory": "B",
        "electronic_devices": "-",
        "electrical_engineering_materials": "-"
    },
    "21110019": {
        "engineering_mathematics_iii": "B",
        "logic_circuits": "B+",
        "electromagnetic_field_and_waves": "-",
        "network_theory": "-",
        "electronic_devices": "B-",
        "electrical_engineering_materials": "-"
    },
    "21110023": {
        "engineering_mathematics_iii": "-",
        "logic_circuits": "-",
        "electromagnetic_field_and_waves": "Abs",
        "network_theory": "-",
        "electronic_devices": "F",
        "electrical_engineering_materials": "-"
    },
    "21110025": {
        "engineering_mathematics_iii": "-",
        "logic_circuits": "B",
        "electromagnetic_field_and_waves": "-",
        "network_theory": "F",
        "electronic_devices": "F",
        "electrical_engineering_materials": "-"
    },
    "21110028": {
        "engineering_mathematics_iii": "-",
        "logic_circuits": "-",
        "electromagnetic_field_and_waves": "-",
        "network_theory": "C+",
        "electronic_devices": "-",
        "electrical_engineering_materials": "-"
    },
    "21110031": {
        "engineering_mathematics_iii": "-",
        "logic_circuits": "B-",
        "electromagnetic_field_and_waves": "C",
        "network_theory": "B+",
        "electronic_devices": "-",
        "electrical_engineering_materials": "-"
    },
    "21110033": {
        "engineering_mathematics_iii": "-",
        "logic_circuits": "Abs",
        "electromagnetic_field_and_waves": "-",
        "network_theory": "-",
        "electronic_devices": "Abs",
        "electrical_engineering_materials": "-"
    },
    "21110035": {
        "engineering_mathematics_iii": "F",
        "logic_circuits": "B-",
        "electromagnetic_field_and_waves": "-",
        "network_theory": "-",
        "electronic_devices": "F",
        "electrical_engineering_materials": "-"
    },
    "21110039": {
        "engineering_mathematics_iii": "-",
        "logic_circuits": "-",
        "electromagnetic_field_and_waves": "Abs",
        "network_theory": "-",
        "electronic_devices": "Abs",
        "electrical_engineering_materials": "-"
    },
    "21110042": {
        "engineering_mathematics_iii": "-",
        "logic_circuits": "-",
        "electromagnetic_field_and_waves": "F",
        "network_theory": "F",
        "electronic_devices": "B",
        "electrical_engineering_materials": "-"
    },
    "21110044": {
        "engineering_mathematics_iii": "-",
        "logic_circuits": "-",
        "electromagnetic_field_and_waves": "-",
        "network_theory": "B",
        "electronic_devices": "F",
        "electrical_engineering_materials": "-"
    },
    "21115006": {
        "engineering_mathematics_iii": "-",
        "logic_circuits": "-",
        "electromagnetic_field_and_waves": "-",
        "network_theory": "F",
        "electronic_devices": "F",
        "electrical_engineering_materials": "-"
    },
    "21115008": {
        "engineering_mathematics_iii": "-",
        "logic_circuits": "-",
        "electromagnetic_field_and_waves": "-",
        "network_theory": "B",
        "electronic_devices": "C",
        "electrical_engineering_materials": "-"
    },
    "21115009": {
        "engineering_mathematics_iii": "B",
        "logic_circuits": "-",
        "electromagnetic_field_and_waves": "-",
        "network_theory": "C",
        "electronic_devices": "-",
        "electrical_engineering_materials": "-"
    },
    "21115011": {
        "engineering_mathematics_iii": "-",
        "logic_circuits": "-",
        "electromagnetic_field_and_waves": "-",
        "network_theory": "-",
        "electronic_devices": "F",
        "electrical_engineering_materials": "-"
    },
    "21115014": {
        "engineering_mathematics_iii": "F",
        "logic_circuits": "-",
        "electromagnetic_field_and_waves": "-",
        "network_theory": "C+",
        "electronic_devices": "C-",
        "electrical_engineering_materials": "-"
    },
    "21115015": {
        "engineering_mathematics_iii": "F",
        "logic_circuits": "-",
        "electromagnetic_field_and_waves": "-",
        "network_theory": "C",
        "electronic_devices": "F",
        "electrical_engineering_materials": "-"
    },
    "21115016": {
        "engineering_mathematics_iii": "-",
        "logic_circuits": "Abs",
        "electromagnetic_field_and_waves": "-",
        "network_theory": "B-",
        "electronic_devices": "-",
        "electrical_engineering_materials": "-"
    },
    "21115017": {
        "engineering_mathematics_iii": "-",
        "logic_circuits": "F",
        "electromagnetic_field_and_waves": "-",
        "network_theory": "-",
        "electronic_devices": "Abs",
        "electrical_engineering_materials": "-"
    },
    "21115019": {
        "engineering_mathematics_iii": "C+",
        "logic_circuits": "-",
        "electromagnetic_field_and_waves": "-",
        "network_theory": "-",
        "electronic_devices": "-",
        "electrical_engineering_materials": "-"
    },
    "21115021": {
        "engineering_mathematics_iii": "F",
        "logic_circuits": "-",
        "electromagnetic_field_and_waves": "-",
        "network_theory": "F",
        "electronic_devices": "F",
        "electrical_engineering_materials": "-"
    },
    "21115022": {
        "engineering_mathematics_iii": "-",
        "logic_circuits": "Abs",
        "electromagnetic_field_and_waves": "-",
        "network_theory": "-",
        "electronic_devices": "-",
        "electrical_engineering_materials": "-"
    },
    "21115023": {
        "engineering_mathematics_iii": "B-",
        "logic_circuits": "-",
        "electromagnetic_field_and_waves": "A",
        "network_theory": "-",
        "electronic_devices": "-",
        "electrical_engineering_materials": "-"
    },
    "21115024": {
        "engineering_mathematics_iii": "A-",
        "logic_circuits": "-",
        "electromagnetic_field_and_waves": "C",
        "network_theory": "-",
        "electronic_devices": "-",
        "electrical_engineering_materials": "-"
    },
    "21115025": {
        "engineering_mathematics_iii": "-",
        "logic_circuits": "-",
        "electromagnetic_field_and_waves": "-",
        "network_theory": "F",
        "electronic_devices": "F",
        "electrical_engineering_materials": "-"
    },
    "21115026": {
        "engineering_mathematics_iii": "-",
        "logic_circuits": "A",
        "electromagnetic_field_and_waves": "Abs",
        "network_theory": "-",
        "electronic_devices": "-",
        "electrical_engineering_materials": "-"
    },
    "21115027": {
        "engineering_mathematics_iii": "-",
        "logic_circuits": "-",
        "electromagnetic_field_and_waves": "-",
        "network_theory": "-",
        "electronic_devices": "Abs",
        "electrical_engineering_materials": "-"
    },
    "21115028": {
        "engineering_mathematics_iii": "-",
        "logic_circuits": "-",
        "electromagnetic_field_and_waves": "-",
        "network_theory": "F",
        "electronic_devices": "F",
        "electrical_engineering_materials": "-"
    },
    "21115030": {
        "engineering_mathematics_iii": "-",
        "logic_circuits": "A",
        "electromagnetic_field_and_waves": "-",
        "network_theory": "-",
        "electronic_devices": "-",
        "electrical_engineering_materials": "-"
    },
    "21115031": {
        "engineering_mathematics_iii": "-",
        "logic_circuits": "B+",
        "electromagnetic_field_and_waves": "-",
        "network_theory": "A",
        "electronic_devices": "-",
        "electrical_engineering_materials": "-"
    }
}