{
    "nan": {
        "organization_and_management": "-",
        "advanced_electrical_machines": "-",
        "signals_and_systems": "-",
        "transmission_and_distribution": "-",
        "control_systems": "-",
        "probability_and_statistics": "-",
        "sgpa": "-"
    },
    "16480008": {
        "organization_and_management": "-",
        "advanced_electrical_machines": "-",
        "signals_and_systems": "B-",
        "transmission_and_distribution": "-",
        "control_systems": "-",
        "probability_and_statistics": "F",
        "sgpa": "-"
    },
    "16480013": {
        "organization_and_management": "-",
        "advanced_electrical_machines": "-",
        "signals_and_systems": "-",
        "transmission_and_distribution": "Abs",
        "control_systems": "-",
        "probability_and_statistics": "-",
        "sgpa": "-"
    },
    "16480028": {
        "organization_and_management": "-",
        "advanced_electrical_machines": "-",
        "signals_and_systems": "-",
        "transmission_and_distribution": "B+",
        "control_systems": "-",
        "probability_and_statistics": "-",
        "sgpa": "-"
    },
    "16480045": {
        "organization_and_management": "-",
        "advanced_electrical_machines": "-",
        "signals_and_systems": "-",
        "transmission_and_distribution": "Abs",
        "control_systems": "-",
        "probability_and_statistics": "-",
        "sgpa": "-"
    },
    "16480094": {
        "organization_and_management": "-",
        "advanced_electrical_machines": "-",
        "signals_and_systems": "-",
        "transmission_and_distribution": "C+",
        "control_systems": "B-",
        "probability_and_statistics": "-",
        "sgpa": "-"
    },
    "16480098": {
        "organization_and_management": "-",
        "advanced_electrical_machines": "-",
        "signals_and_systems": "-",
        "transmission_and_distribution": "-",
        "control_systems": "-",
        "probability_and_statistics": "F",
        "sgpa": "-"
    },
    "16480099": {
        "organization_and_management": "-",
        "advanced_electrical_machines": "A",
        "signals_and_systems": "-",
        "transmission_and_distribution": "-",
        "control_systems": "-",
        "probability_and_statistics": "-",
        "sgpa": "-"
    },
    "16480102": {
        "organization_and_management": "-",
        "advanced_electrical_machines": "A-",
        "signals_and_systems": "-",
        "transmission_and_distribution": "-",
        "control_systems": "-",
        "probability_and_statistics": "-",
        "sgpa": "-"
    },
    "16480122": {
        "organization_and_management": "-",
        "advanced_electrical_machines": "-",
        "signals_and_systems": "F",
        "transmission_and_distribution": "-",
        "control_systems": "-",
        "probability_and_statistics": "-",
        "sgpa": "-"
    },
    "16480127": {
        "organization_and_management": "-",
        "advanced_electrical_machines": "-",
        "signals_and_systems": "-",
        "transmission_and_distribution": "F",
        "control_systems": "-",
        "probability_and_statistics": "C-",
        "sgpa": "-"
    },
    "16480139": {
        "organization_and_management": "-",
        "advanced_electrical_machines": "F",
        "signals_and_systems": "-",
        "transmission_and_distribution": "F",
        "control_systems": "-",
        "probability_and_statistics": "-",
        "sgpa": "-"
    },
    "16521029": {
        "organization_and_management": "-",
        "advanced_electrical_machines": "-",
        "signals_and_systems": "C",
        "transmission_and_distribution": "-",
        "control_systems": "-",
        "probability_and_statistics": "-",
        "sgpa": "-"
    },
    "17480002": {
        "organization_and_management": "-",
        "advanced_electrical_machines": "-",
        "signals_and_systems": "-",
        "transmission_and_distribution": "C-",
        "control_systems": "-",
        "probability_and_statistics": "-",
        "sgpa": "-"
    },
    "17480018": {
        "organization_and_management": "-",
        "advanced_electrical_machines": "-",
        "signals_and_systems": "-",
        "transmission_and_distribution": "F",
        "control_systems": "-",
        "probability_and_statistics": "-",
        "sgpa": "-"
    },
    "17480027": {
        "organization_and_management": "-",
        "advanced_electrical_machines": "-",
        "signals_and_systems": "-",
        "transmission_and_distribution": "-",
        "control_systems": "Abs",
        "probability_and_statistics": "-",
        "sgpa": "-"
    },
    "17480031": {
        "organization_and_management": "-",
        "advanced_electrical_machines": "-",
        "signals_and_systems": "-",
        "transmission_and_distribution": "-",
        "control_systems": "C-",
        "probability_and_statistics": "-",
        "sgpa": "-"
    },
    "17480032": {
        "organization_and_management": "-",
        "advanced_electrical_machines": "-",
        "signals_and_systems": "C-",
        "transmission_and_distribution": "F",
        "control_systems": "C+",
        "probability_and_statistics": "-",
        "sgpa": "-"
    },
    "17480035": {
        "organization_and_management": "-",
        "advanced_electrical_machines": "F",
        "signals_and_systems": "F",
        "transmission_and_distribution": "-",
        "control_systems": "-",
        "probability_and_statistics": "-",
        "sgpa": "-"
    },
    "17480041": {
        "organization_and_management": "-",
        "advanced_electrical_machines": "-",
        "signals_and_systems": "F",
        "transmission_and_distribution": "F",
        "control_systems": "F",
        "probability_and_statistics": "-",
        "sgpa": "-"
    },
    "17480046": {
        "organization_and_management": "-",
        "advanced_electrical_machines": "-",
        "signals_and_systems": "-",
        "transmission_and_distribution": "F",
        "control_systems": "-",
        "probability_and_statistics": "-",
        "sgpa": "-"
    },
    "17480053": {
        "organization_and_management": "-",
        "advanced_electrical_machines": "-",
        "signals_and_systems": "C+",
        "transmission_and_distribution": "B-",
        "control_systems": "-",
        "probability_and_statistics": "-",
        "sgpa": "-"
    },
    "17480081": {
        "organization_and_management": "-",
        "advanced_electrical_machines": "-",
        "signals_and_systems": "-",
        "transmission_and_distribution": "F",
        "control_systems": "C",
        "probability_and_statistics": "-",
        "sgpa": "-"
    },
    "17480096": {
        "organization_and_management": "-",
        "advanced_electrical_machines": "-",
        "signals_and_systems": "-",
        "transmission_and_distribution": "-",
        "control_systems": "F",
        "probability_and_statistics": "-",
        "sgpa": "-"
    },
    "17480099": {
        "organization_and_management": "C",
        "advanced_electrical_machines": "-",
        "signals_and_systems": "F",
        "transmission_and_distribution": "F",
        "control_systems": "-",
        "probability_and_statistics": "-",
        "sgpa": "-"
    },
    "17480105": {
        "organization_and_management": "-",
        "advanced_electrical_machines": "-",
        "signals_and_systems": "Abs",
        "transmission_and_distribution": "-",
        "control_systems": "-",
        "probability_and_statistics": "-",
        "sgpa": "-"
    },
    "17480109": {
        "organization_and_management": "-",
        "advanced_electrical_machines": "-",
        "signals_and_systems": "-",
        "transmission_and_distribution": "Abs",
        "control_systems": "F",
        "probability_and_statistics": "F",
        "sgpa": "-"
    },
    "17480123": {
        "organization_and_management": "F",
        "advanced_electrical_machines": "C",
        "signals_and_systems": "-",
        "transmission_and_distribution": "-",
        "control_systems": "-",
        "probability_and_statistics": "-",
        "sgpa": "-"
    },
    "17480134": {
        "organization_and_management": "-",
        "advanced_electrical_machines": "Abs",
        "signals_and_systems": "F",
        "transmission_and_distribution": "-",
        "control_systems": "-",
        "probability_and_statistics": "-",
        "sgpa": "-"
    },
    "17480138": {
        "organization_and_management": "-",
        "advanced_electrical_machines": "-",
        "signals_and_systems": "F",
        "transmission_and_distribution": "F",
        "control_systems": "-",
        "probability_and_statistics": "-",
        "sgpa": "-"
    },
    "17480144": {
        "organization_and_management": "-",
        "advanced_electrical_machines": "-",
        "signals_and_systems": "C-",
        "transmission_and_distribution": "-",
        "control_systems": "-",
        "probability_and_statistics": "-",
        "sgpa": "-"
    },
    "17480146": {
        "organization_and_management": "-",
        "advanced_electrical_machines": "-",
        "signals_and_systems": "-",
        "transmission_and_distribution": "Abs",
        "control_systems": "-",
        "probability_and_statistics": "-",
        "sgpa": "-"
    },
    "18480004": {
        "organization_and_management": "-",
        "advanced_electrical_machines": "-",
        "signals_and_systems": "-",
        "transmission_and_distribution": "F",
        "control_systems": "-",
        "probability_and_statistics": "C",
        "sgpa": "-"
    },
    "18480006": {
        "organization_and_management": "C",
        "advanced_electrical_machines": "-",
        "signals_and_systems": "-",
        "transmission_and_distribution": "B-",
        "control_systems": "-",
        "probability_and_statistics": "-",
        "sgpa": "-"
    },
    "18480009": {
        "organization_and_management": "-",
        "advanced_electrical_machines": "-",
        "signals_and_systems": "-",
        "transmission_and_distribution": "C",
        "control_systems": "-",
        "probability_and_statistics": "-",
        "sgpa": "-"
    },
    "18480010": {
        "organization_and_management": "-",
        "advanced_electrical_machines": "-",
        "signals_and_systems": "-",
        "transmission_and_distribution": "F",
        "control_systems": "-",
        "probability_and_statistics": "-",
        "sgpa": "-"
    },
    "18480011": {
        "organization_and_management": "-",
        "advanced_electrical_machines": "-",
        "signals_and_systems": "Abs",
        "transmission_and_distribution": "-",
        "control_systems": "-",
        "probability_and_statistics": "-",
        "sgpa": "-"
    },
    "18480015": {
        "organization_and_management": "-",
        "advanced_electrical_machines": "-",
        "signals_and_systems": "-",
        "transmission_and_distribution": "C-",
        "control_systems": "C",
        "probability_and_statistics": "C+",
        "sgpa": "-"
    },
    "18480019": {
        "organization_and_management": "-",
        "advanced_electrical_machines": "-",
        "signals_and_systems": "-",
        "transmission_and_distribution": "C+",
        "control_systems": "-",
        "probability_and_statistics": "-",
        "sgpa": "-"
    },
    "18480020": {
        "organization_and_management": "Abs",
        "advanced_electrical_machines": "-",
        "signals_and_systems": "-",
        "transmission_and_distribution": "-",
        "control_systems": "-",
        "probability_and_statistics": "Abs",
        "sgpa": "-"
    },
    "18480021": {
        "organization_and_management": "-",
        "advanced_electrical_machines": "-",
        "signals_and_systems": "-",
        "transmission_and_distribution": "Abs",
        "control_systems": "-",
        "probability_and_statistics": "-",
        "sgpa": "-"
    },
    "18480027": {
        "organization_and_management": "-",
        "advanced_electrical_machines": "-",
        "signals_and_systems": "-",
        "transmission_and_distribution": "-",
        "control_systems": "-",
        "probability_and_statistics": "F",
        "sgpa": "-"
    },
    "18480031": {
        "organization_and_management": "-",
        "advanced_electrical_machines": "-",
        "signals_and_systems": "-",
        "transmission_and_distribution": "-",
        "control_systems": "F",
        "probability_and_statistics": "-",
        "sgpa": "-"
    },
    "18480034": {
        "organization_and_management": "Abs",
        "advanced_electrical_machines": "-",
        "signals_and_systems": "-",
        "transmission_and_distribution": "-",
        "control_systems": "-",
        "probability_and_statistics": "Abs",
        "sgpa": "-"
    },
    "18480035": {
        "organization_and_management": "-",
        "advanced_electrical_machines": "-",
        "signals_and_systems": "-",
        "transmission_and_distribution": "A",
        "control_systems": "-",
        "probability_and_statistics": "-",
        "sgpa": "-"
    },
    "18480038": {
        "organization_and_management": "-",
        "advanced_electrical_machines": "F",
        "signals_and_systems": "F",
        "transmission_and_distribution": "-",
        "control_systems": "-",
        "probability_and_statistics": "-",
        "sgpa": "-"
    },
    "18480049": {
        "organization_and_management": "-",
        "advanced_electrical_machines": "-",
        "signals_and_systems": "-",
        "transmission_and_distribution": "F",
        "control_systems": "-",
        "probability_and_statistics": "-",
        "sgpa": "-"
    },
    "18480058": {
        "organization_and_management": "-",
        "advanced_electrical_machines": "B-",
        "signals_and_systems": "-",
        "transmission_and_distribution": "-",
        "control_systems": "-",
        "probability_and_statistics": "-",
        "sgpa": "-"
    },
    "18480062": {
        "organization_and_management": "-",
        "advanced_electrical_machines": "-",
        "signals_and_systems": "-",
        "transmission_and_distribution": "-",
        "control_systems": "-",
        "probability_and_statistics": "F",
        "sgpa": "-"
    },
    "18480069": {
        "organization_and_management": "-",
        "advanced_electrical_machines": "-",
        "signals_and_systems": "C",
        "transmission_and_distribution": "-",
        "control_systems": "-",
        "probability_and_statistics": "-",
        "sgpa": "-"
    },
    "18480083": {
        "organization_and_management": "-",
        "advanced_electrical_machines": "-",
        "signals_and_systems": "Abs",
        "transmission_and_distribution": "Abs",
        "control_systems": "-",
        "probability_and_statistics": "-",
        "sgpa": "-"
    },
    "18480098": {
        "organization_and_management": "-",
        "advanced_electrical_machines": "F",
        "signals_and_systems": "-",
        "transmission_and_distribution": "C+",
        "control_systems": "-",
        "probability_and_statistics": "-",
        "sgpa": "-"
    },
    "18480106": {
        "organization_and_management": "-",
        "advanced_electrical_machines": "-",
        "signals_and_systems": "-",
        "transmission_and_distribution": "Abs",
        "control_systems": "-",
        "probability_and_statistics": "-",
        "sgpa": "-"
    },
    "18480107": {
        "organization_and_management": "-",
        "advanced_electrical_machines": "-",
        "signals_and_systems": "-",
        "transmission_and_distribution": "Withheld",
        "control_systems": "-",
        "probability_and_statistics": "Withheld",
        "sgpa": "-"
    },
    "18480108": {
        "organization_and_management": "-",
        "advanced_electrical_machines": "-",
        "signals_and_systems": "-",
        "transmission_and_distribution": "Abs",
        "control_systems": "-",
        "probability_and_statistics": "-",
        "sgpa": "-"
    },
    "18480112": {
        "organization_and_management": "-",
        "advanced_electrical_machines": "Cancelled",
        "signals_and_systems": "-",
        "transmission_and_distribution": "Cancelled",
        "control_systems": "-",
        "probability_and_statistics": "Cancelled",
        "sgpa": "-"
    },
    "18480121": {
        "organization_and_management": "-",
        "advanced_electrical_machines": "C+",
        "signals_and_systems": "-",
        "transmission_and_distribution": "-",
        "control_systems": "-",
        "probability_and_statistics": "-",
        "sgpa": "-"
    },
    "18480122": {
        "organization_and_management": "-",
        "advanced_electrical_machines": "-",
        "signals_and_systems": "F",
        "transmission_and_distribution": "B-",
        "control_systems": "F",
        "probability_and_statistics": "F",
        "sgpa": "-"
    },
    "18480136": {
        "organization_and_management": "-",
        "advanced_electrical_machines": "-",
        "signals_and_systems": "-",
        "transmission_and_distribution": "-",
        "control_systems": "F",
        "probability_and_statistics": "-",
        "sgpa": "-"
    },
    "18480144": {
        "organization_and_management": "-",
        "advanced_electrical_machines": "-",
        "signals_and_systems": "-",
        "transmission_and_distribution": "Abs",
        "control_systems": "-",
        "probability_and_statistics": "-",
        "sgpa": "-"
    },
    "19070478": {
        "organization_and_management": "-",
        "advanced_electrical_machines": "Abs",
        "signals_and_systems": "-",
        "transmission_and_distribution": "Abs",
        "control_systems": "-",
        "probability_and_statistics": "-",
        "sgpa": "-"
    },
    "19480003": {
        "organization_and_management": "-",
        "advanced_electrical_machines": "-",
        "signals_and_systems": "-",
        "transmission_and_distribution": "B-",
        "control_systems": "-",
        "probability_and_statistics": "-",
        "sgpa": "-"
    },
    "19480004": {
        "organization_and_management": "-",
        "advanced_electrical_machines": "A",
        "signals_and_systems": "C+",
        "transmission_and_distribution": "-",
        "control_systems": "-",
        "probability_and_statistics": "-",
        "sgpa": "-"
    },
    "19480009": {
        "organization_and_management": "-",
        "advanced_electrical_machines": "C+",
        "signals_and_systems": "-",
        "transmission_and_distribution": "C",
        "control_systems": "-",
        "probability_and_statistics": "-",
        "sgpa": "-"
    },
    "19480010": {
        "organization_and_management": "-",
        "advanced_electrical_machines": "F",
        "signals_and_systems": "F",
        "transmission_and_distribution": "F",
        "control_systems": "-",
        "probability_and_statistics": "-",
        "sgpa": "-"
    },
    "19480012": {
        "organization_and_management": "-",
        "advanced_electrical_machines": "Abs",
        "signals_and_systems": "C",
        "transmission_and_distribution": "C-",
        "control_systems": "-",
        "probability_and_statistics": "-",
        "sgpa": "-"
    },
    "19480018": {
        "organization_and_management": "-",
        "advanced_electrical_machines": "-",
        "signals_and_systems": "F",
        "transmission_and_distribution": "F",
        "control_systems": "-",
        "probability_and_statistics": "-",
        "sgpa": "-"
    },
    "19480019": {
        "organization_and_management": "-",
        "advanced_electrical_machines": "B",
        "signals_and_systems": "-",
        "transmission_and_distribution": "-",
        "control_systems": "-",
        "probability_and_statistics": "-",
        "sgpa": "-"
    },
    "19480021": {
        "organization_and_management": "-",
        "advanced_electrical_machines": "B-",
        "signals_and_systems": "-",
        "transmission_and_distribution": "-",
        "control_systems": "-",
        "probability_and_statistics": "-",
        "sgpa": "-"
    },
    "19480024": {
        "organization_and_management": "-",
        "advanced_electrical_machines": "F",
        "signals_and_systems": "-",
        "transmission_and_distribution": "-",
        "control_systems": "C",
        "probability_and_statistics": "C",
        "sgpa": "-"
    },
    "19480025": {
        "organization_and_management": "-",
        "advanced_electrical_machines": "C-",
        "signals_and_systems": "-",
        "transmission_and_distribution": "F",
        "control_systems": "-",
        "probability_and_statistics": "-",
        "sgpa": "-"
    },
    "19480029": {
        "organization_and_management": "-",
        "advanced_electrical_machines": "-",
        "signals_and_systems": "-",
        "transmission_and_distribution": "-",
        "control_systems": "-",
        "probability_and_statistics": "Abs",
        "sgpa": "-"
    },
    "19480034": {
        "organization_and_management": "-",
        "advanced_electrical_machines": "C",
        "signals_and_systems": "C-",
        "transmission_and_distribution": "-",
        "control_systems": "-",
        "probability_and_statistics": "-",
        "sgpa": "-"
    },
    "19480035": {
        "organization_and_management": "-",
        "advanced_electrical_machines": "-",
        "signals_and_systems": "-",
        "transmission_and_distribution": "-",
        "control_systems": "-",
        "probability_and_statistics": "Abs",
        "sgpa": "-"
    },
    "19480037": {
        "organization_and_management": "-",
        "advanced_electrical_machines": "F",
        "signals_and_systems": "-",
        "transmission_and_distribution": "F",
        "control_systems": "-",
        "probability_and_statistics": "F",
        "sgpa": "-"
    },
    "19480038": {
        "organization_and_management": "-",
        "advanced_electrical_machines": "F",
        "signals_and_systems": "-",
        "transmission_and_distribution": "-",
        "control_systems": "-",
        "probability_and_statistics": "-",
        "sgpa": "-"
    },
    "19480039": {
        "organization_and_management": "-",
        "advanced_electrical_machines": "F",
        "signals_and_systems": "F",
        "transmission_and_distribution": "F",
        "control_systems": "-",
        "probability_and_statistics": "-",
        "sgpa": "-"
    },
    "19480040": {
        "organization_and_management": "-",
        "advanced_electrical_machines": "C+",
        "signals_and_systems": "-",
        "transmission_and_distribution": "-",
        "control_systems": "-",
        "probability_and_statistics": "-",
        "sgpa": "-"
    },
    "19480044": {
        "organization_and_management": "-",
        "advanced_electrical_machines": "-",
        "signals_and_systems": "F",
        "transmission_and_distribution": "-",
        "control_systems": "-",
        "probability_and_statistics": "-",
        "sgpa": "-"
    },
    "19480045": {
        "organization_and_management": "-",
        "advanced_electrical_machines": "F",
        "signals_and_systems": "-",
        "transmission_and_distribution": "-",
        "control_systems": "-",
        "probability_and_statistics": "C",
        "sgpa": "-"
    },
    "19480049": {
        "organization_and_management": "-",
        "advanced_electrical_machines": "-",
        "signals_and_systems": "-",
        "transmission_and_distribution": "-",
        "control_systems": "-",
        "probability_and_statistics": "F",
        "sgpa": "-"
    },
    "19480055": {
        "organization_and_management": "-",
        "advanced_electrical_machines": "-",
        "signals_and_systems": "-",
        "transmission_and_distribution": "F",
        "control_systems": "-",
        "probability_and_statistics": "F",
        "sgpa": "-"
    },
    "19480056": {
        "organization_and_management": "-",
        "advanced_electrical_machines": "-",
        "signals_and_systems": "F",
        "transmission_and_distribution": "-",
        "control_systems": "-",
        "probability_and_statistics": "-",
        "sgpa": "-"
    },
    "19480058": {
        "organization_and_management": "-",
        "advanced_electrical_machines": "C+",
        "signals_and_systems": "-",
        "transmission_and_distribution": "-",
        "control_systems": "-",
        "probability_and_statistics": "-",
        "sgpa": "-"
    },
    "19480059": {
        "organization_and_management": "-",
        "advanced_electrical_machines": "-",
        "signals_and_systems": "-",
        "transmission_and_distribution": "-",
        "control_systems": "-",
        "probability_and_statistics": "F",
        "sgpa": "-"
    },
    "19480061": {
        "organization_and_management": "-",
        "advanced_electrical_machines": "C+",
        "signals_and_systems": "-",
        "transmission_and_distribution": "-",
        "control_systems": "-",
        "probability_and_statistics": "-",
        "sgpa": "-"
    },
    "19480065": {
        "organization_and_management": "-",
        "advanced_electrical_machines": "Abs",
        "signals_and_systems": "F",
        "transmission_and_distribution": "F",
        "control_systems": "-",
        "probability_and_statistics": "F",
        "sgpa": "-"
    },
    "19480066": {
        "organization_and_management": "-",
        "advanced_electrical_machines": "-",
        "signals_and_systems": "-",
        "transmission_and_distribution": "-",
        "control_systems": "-",
        "probability_and_statistics": "F",
        "sgpa": "-"
    },
    "19480068": {
        "organization_and_management": "-",
        "advanced_electrical_machines": "-",
        "signals_and_systems": "-",
        "transmission_and_distribution": "-",
        "control_systems": "-",
        "probability_and_statistics": "Abs",
        "sgpa": "-"
    },
    "19480069": {
        "organization_and_management": "-",
        "advanced_electrical_machines": "-",
        "signals_and_systems": "-",
        "transmission_and_distribution": "-",
        "control_systems": "F",
        "probability_and_statistics": "-",
        "sgpa": "-"
    },
    "19480070": {
        "organization_and_management": "-",
        "advanced_electrical_machines": "C+",
        "signals_and_systems": "-",
        "transmission_and_distribution": "-",
        "control_systems": "-",
        "probability_and_statistics": "-",
        "sgpa": "-"
    },
    "19480074": {
        "organization_and_management": "-",
        "advanced_electrical_machines": "-",
        "signals_and_systems": "F",
        "transmission_and_distribution": "-",
        "control_systems": "-",
        "probability_and_statistics": "-",
        "sgpa": "-"
    },
    "19480080": {
        "organization_and_management": "-",
        "advanced_electrical_machines": "-",
        "signals_and_systems": "-",
        "transmission_and_distribution": "-",
        "control_systems": "-",
        "probability_and_statistics": "Abs",
        "sgpa": "-"
    },
    "19480081": {
        "organization_and_management": "-",
        "advanced_electrical_machines": "-",
        "signals_and_systems": "F",
        "transmission_and_distribution": "-",
        "control_systems": "-",
        "probability_and_statistics": "Abs",
        "sgpa": "-"
    },
    "19480087": {
        "organization_and_management": "-",
        "advanced_electrical_machines": "F",
        "signals_and_systems": "-",
        "transmission_and_distribution": "F",
        "control_systems": "-",
        "probability_and_statistics": "F",
        "sgpa": "-"
    },
    "19480091": {
        "organization_and_management": "-",
        "advanced_electrical_machines": "-",
        "signals_and_systems": "-",
        "transmission_and_distribution": "F",
        "control_systems": "-",
        "probability_and_statistics": "Abs",
        "sgpa": "-"
    },
    "19480101": {
        "organization_and_management": "C",
        "advanced_electrical_machines": "-",
        "signals_and_systems": "-",
        "transmission_and_distribution": "-",
        "control_systems": "-",
        "probability_and_statistics": "-",
        "sgpa": "-"
    },
    "19480104": {
        "organization_and_management": "-",
        "advanced_electrical_machines": "-",
        "signals_and_systems": "-",
        "transmission_and_distribution": "F",
        "control_systems": "F",
        "probability_and_statistics": "-",
        "sgpa": "-"
    },
    "19480107": {
        "organization_and_management": "-",
        "advanced_electrical_machines": "B-",
        "signals_and_systems": "-",
        "transmission_and_distribution": "-",
        "control_systems": "-",
        "probability_and_statistics": "-",
        "sgpa": "-"
    },
    "19480110": {
        "organization_and_management": "-",
        "advanced_electrical_machines": "-",
        "signals_and_systems": "F",
        "transmission_and_distribution": "C",
        "control_systems": "-",
        "probability_and_statistics": "-",
        "sgpa": "-"
    },
    "19480111": {
        "organization_and_management": "-",
        "advanced_electrical_machines": "-",
        "signals_and_systems": "-",
        "transmission_and_distribution": "-",
        "control_systems": "F",
        "probability_and_statistics": "-",
        "sgpa": "-"
    },
    "19480113": {
        "organization_and_management": "-",
        "advanced_electrical_machines": "-",
        "signals_and_systems": "-",
        "transmission_and_distribution": "-",
        "control_systems": "F",
        "probability_and_statistics": "-",
        "sgpa": "-"
    },
    "19480114": {
        "organization_and_management": "-",
        "advanced_electrical_machines": "-",
        "signals_and_systems": "-",
        "transmission_and_distribution": "Abs",
        "control_systems": "-",
        "probability_and_statistics": "Abs",
        "sgpa": "-"
    },
    "19480117": {
        "organization_and_management": "-",
        "advanced_electrical_machines": "-",
        "signals_and_systems": "F",
        "transmission_and_distribution": "F",
        "control_systems": "-",
        "probability_and_statistics": "F",
        "sgpa": "-"
    },
    "19480120": {
        "organization_and_management": "-",
        "advanced_electrical_machines": "C+",
        "signals_and_systems": "C-",
        "transmission_and_distribution": "B-",
        "control_systems": "-",
        "probability_and_statistics": "-",
        "sgpa": "-"
    },
    "19480124": {
        "organization_and_management": "-",
        "advanced_electrical_machines": "-",
        "signals_and_systems": "-",
        "transmission_and_distribution": "-",
        "control_systems": "-",
        "probability_and_statistics": "Abs",
        "sgpa": "-"
    },
    "19480125": {
        "organization_and_management": "-",
        "advanced_electrical_machines": "-",
        "signals_and_systems": "-",
        "transmission_and_distribution": "F",
        "control_systems": "-",
        "probability_and_statistics": "F",
        "sgpa": "-"
    },
    "19480126": {
        "organization_and_management": "-",
        "advanced_electrical_machines": "-",
        "signals_and_systems": "-",
        "transmission_and_distribution": "F",
        "control_systems": "-",
        "probability_and_statistics": "-",
        "sgpa": "-"
    },
    "19480127": {
        "organization_and_management": "-",
        "advanced_electrical_machines": "C-",
        "signals_and_systems": "Abs",
        "transmission_and_distribution": "Abs",
        "control_systems": "-",
        "probability_and_statistics": "Abs",
        "sgpa": "-"
    },
    "19480129": {
        "organization_and_management": "-",
        "advanced_electrical_machines": "-",
        "signals_and_systems": "-",
        "transmission_and_distribution": "-",
        "control_systems": "-",
        "probability_and_statistics": "Abs",
        "sgpa": "-"
    },
    "19480130": {
        "organization_and_management": "-",
        "advanced_electrical_machines": "A",
        "signals_and_systems": "C+",
        "transmission_and_distribution": "B-",
        "control_systems": "C",
        "probability_and_statistics": "-",
        "sgpa": "-"
    },
    "19480132": {
        "organization_and_management": "-",
        "advanced_electrical_machines": "C-",
        "signals_and_systems": "C",
        "transmission_and_distribution": "F",
        "control_systems": "-",
        "probability_and_statistics": "C-",
        "sgpa": "-"
    },
    "20040577": {
        "organization_and_management": "-",
        "advanced_electrical_machines": "-",
        "signals_and_systems": "-",
        "transmission_and_distribution": "F",
        "control_systems": "-",
        "probability_and_statistics": "C+",
        "sgpa": "-"
    },
    "20480002": {
        "organization_and_management": "-",
        "advanced_electrical_machines": "-",
        "signals_and_systems": "F",
        "transmission_and_distribution": "-",
        "control_systems": "-",
        "probability_and_statistics": "-",
        "sgpa": "-"
    },
    "20480004": {
        "organization_and_management": "-",
        "advanced_electrical_machines": "-",
        "signals_and_systems": "-",
        "transmission_and_distribution": "B",
        "control_systems": "C",
        "probability_and_statistics": "-",
        "sgpa": "-"
    },
    "20480006": {
        "organization_and_management": "-",
        "advanced_electrical_machines": "-",
        "signals_and_systems": "-",
        "transmission_and_distribution": "B+",
        "control_systems": "-",
        "probability_and_statistics": "-",
        "sgpa": "-"
    },
    "20480014": {
        "organization_and_management": "-",
        "advanced_electrical_machines": "-",
        "signals_and_systems": "-",
        "transmission_and_distribution": "B",
        "control_systems": "C+",
        "probability_and_statistics": "-",
        "sgpa": "-"
    },
    "20480015": {
        "organization_and_management": "-",
        "advanced_electrical_machines": "-",
        "signals_and_systems": "-",
        "transmission_and_distribution": "F",
        "control_systems": "-",
        "probability_and_statistics": "-",
        "sgpa": "-"
    },
    "20480017": {
        "organization_and_management": "-",
        "advanced_electrical_machines": "-",
        "signals_and_systems": "-",
        "transmission_and_distribution": "C",
        "control_systems": "-",
        "probability_and_statistics": "-",
        "sgpa": "-"
    },
    "20480018": {
        "organization_and_management": "-",
        "advanced_electrical_machines": "-",
        "signals_and_systems": "-",
        "transmission_and_distribution": "C+",
        "control_systems": "-",
        "probability_and_statistics": "-",
        "sgpa": "-"
    },
    "20480021": {
        "organization_and_management": "-",
        "advanced_electrical_machines": "-",
        "signals_and_systems": "-",
        "transmission_and_distribution": "Abs",
        "control_systems": "-",
        "probability_and_statistics": "-",
        "sgpa": "-"
    },
    "20480023": {
        "organization_and_management": "-",
        "advanced_electrical_machines": "F",
        "signals_and_systems": "C+",
        "transmission_and_distribution": "-",
        "control_systems": "-",
        "probability_and_statistics": "-",
        "sgpa": "-"
    },
    "20480024": {
        "organization_and_management": "-",
        "advanced_electrical_machines": "-",
        "signals_and_systems": "-",
        "transmission_and_distribution": "-",
        "control_systems": "B",
        "probability_and_statistics": "-",
        "sgpa": "-"
    },
    "20480026": {
        "organization_and_management": "-",
        "advanced_electrical_machines": "-",
        "signals_and_systems": "-",
        "transmission_and_distribution": "-",
        "control_systems": "F",
        "probability_and_statistics": "-",
        "sgpa": "-"
    },
    "20480027": {
        "organization_and_management": "-",
        "advanced_electrical_machines": "-",
        "signals_and_systems": "-",
        "transmission_and_distribution": "C-",
        "control_systems": "-",
        "probability_and_statistics": "-",
        "sgpa": "-"
    },
    "20480030": {
        "organization_and_management": "-",
        "advanced_electrical_machines": "-",
        "signals_and_systems": "-",
        "transmission_and_distribution": "F",
        "control_systems": "B-",
        "probability_and_statistics": "-",
        "sgpa": "-"
    },
    "20480031": {
        "organization_and_management": "-",
        "advanced_electrical_machines": "-",
        "signals_and_systems": "-",
        "transmission_and_distribution": "F",
        "control_systems": "-",
        "probability_and_statistics": "-",
        "sgpa": "-"
    },
    "20480036": {
        "organization_and_management": "-",
        "advanced_electrical_machines": "-",
        "signals_and_systems": "-",
        "transmission_and_distribution": "-",
        "control_systems": "B-",
        "probability_and_statistics": "-",
        "sgpa": "-"
    },
    "20480037": {
        "organization_and_management": "-",
        "advanced_electrical_machines": "-",
        "signals_and_systems": "-",
        "transmission_and_distribution": "B",
        "control_systems": "-",
        "probability_and_statistics": "-",
        "sgpa": "-"
    },
    "20480039": {
        "organization_and_management": "-",
        "advanced_electrical_machines": "-",
        "signals_and_systems": "-",
        "transmission_and_distribution": "B",
        "control_systems": "Abs",
        "probability_and_statistics": "-",
        "sgpa": "-"
    },
    "20480041": {
        "organization_and_management": "Abs",
        "advanced_electrical_machines": "-",
        "signals_and_systems": "-",
        "transmission_and_distribution": "-",
        "control_systems": "-",
        "probability_and_statistics": "-",
        "sgpa": "-"
    },
    "20480044": {
        "organization_and_management": "-",
        "advanced_electrical_machines": "-",
        "signals_and_systems": "-",
        "transmission_and_distribution": "-",
        "control_systems": "-",
        "probability_and_statistics": "Abs",
        "sgpa": "-"
    },
    "20480045": {
        "organization_and_management": "-",
        "advanced_electrical_machines": "-",
        "signals_and_systems": "-",
        "transmission_and_distribution": "F",
        "control_systems": "-",
        "probability_and_statistics": "-",
        "sgpa": "-"
    },
    "20480046": {
        "organization_and_management": "-",
        "advanced_electrical_machines": "-",
        "signals_and_systems": "-",
        "transmission_and_distribution": "F",
        "control_systems": "-",
        "probability_and_statistics": "-",
        "sgpa": "-"
    },
    "20480048": {
        "organization_and_management": "-",
        "advanced_electrical_machines": "-",
        "signals_and_systems": "-",
        "transmission_and_distribution": "F",
        "control_systems": "-",
        "probability_and_statistics": "-",
        "sgpa": "-"
    },
    "20480049": {
        "organization_and_management": "-",
        "advanced_electrical_machines": "-",
        "signals_and_systems": "-",
        "transmission_and_distribution": "C",
        "control_systems": "Abs",
        "probability_and_statistics": "-",
        "sgpa": "-"
    },
    "20480056": {
        "organization_and_management": "-",
        "advanced_electrical_machines": "-",
        "signals_and_systems": "-",
        "transmission_and_distribution": "C-",
        "control_systems": "-",
        "probability_and_statistics": "-",
        "sgpa": "-"
    },
    "20480058": {
        "organization_and_management": "-",
        "advanced_electrical_machines": "-",
        "signals_and_systems": "-",
        "transmission_and_distribution": "F",
        "control_systems": "-",
        "probability_and_statistics": "-",
        "sgpa": "-"
    },
    "20480062": {
        "organization_and_management": "-",
        "advanced_electrical_machines": "Abs",
        "signals_and_systems": "-",
        "transmission_and_distribution": "B",
        "control_systems": "-",
        "probability_and_statistics": "-",
        "sgpa": "-"
    },
    "20480063": {
        "organization_and_management": "-",
        "advanced_electrical_machines": "-",
        "signals_and_systems": "-",
        "transmission_and_distribution": "C",
        "control_systems": "-",
        "probability_and_statistics": "-",
        "sgpa": "-"
    },
    "20480064": {
        "organization_and_management": "-",
        "advanced_electrical_machines": "-",
        "signals_and_systems": "-",
        "transmission_and_distribution": "C+",
        "control_systems": "-",
        "probability_and_statistics": "-",
        "sgpa": "-"
    },
    "20480068": {
        "organization_and_management": "-",
        "advanced_electrical_machines": "-",
        "signals_and_systems": "Abs",
        "transmission_and_distribution": "B-",
        "control_systems": "-",
        "probability_and_statistics": "-",
        "sgpa": "-"
    },
    "20480071": {
        "organization_and_management": "-",
        "advanced_electrical_machines": "-",
        "signals_and_systems": "-",
        "transmission_and_distribution": "-",
        "control_systems": "-",
        "probability_and_statistics": "Abs",
        "sgpa": "-"
    },
    "20480072": {
        "organization_and_management": "-",
        "advanced_electrical_machines": "C+",
        "signals_and_systems": "-",
        "transmission_and_distribution": "-",
        "control_systems": "-",
        "probability_and_statistics": "-",
        "sgpa": "-"
    },
    "20480076": {
        "organization_and_management": "-",
        "advanced_electrical_machines": "-",
        "signals_and_systems": "-",
        "transmission_and_distribution": "B",
        "control_systems": "-",
        "probability_and_statistics": "-",
        "sgpa": "-"
    },
    "20480078": {
        "organization_and_management": "-",
        "advanced_electrical_machines": "-",
        "signals_and_systems": "-",
        "transmission_and_distribution": "A-",
        "control_systems": "-",
        "probability_and_statistics": "-",
        "sgpa": "-"
    },
    "20480080": {
        "organization_and_management": "-",
        "advanced_electrical_machines": "-",
        "signals_and_systems": "-",
        "transmission_and_distribution": "-",
        "control_systems": "-",
        "probability_and_statistics": "F",
        "sgpa": "-"
    },
    "20480082": {
        "organization_and_management": "-",
        "advanced_electrical_machines": "-",
        "signals_and_systems": "-",
        "transmission_and_distribution": "-",
        "control_systems": "-",
        "probability_and_statistics": "F",
        "sgpa": "-"
    },
    "20480084": {
        "organization_and_management": "-",
        "advanced_electrical_machines": "-",
        "signals_and_systems": "-",
        "transmission_and_distribution": "B-",
        "control_systems": "-",
        "probability_and_statistics": "-",
        "sgpa": "-"
    },
    "20480089": {
        "organization_and_management": "-",
        "advanced_electrical_machines": "-",
        "signals_and_systems": "-",
        "transmission_and_distribution": "C+",
        "control_systems": "-",
        "probability_and_statistics": "-",
        "sgpa": "-"
    },
    "20480091": {
        "organization_and_management": "-",
        "advanced_electrical_machines": "-",
        "signals_and_systems": "-",
        "transmission_and_distribution": "-",
        "control_systems": "F",
        "probability_and_statistics": "-",
        "sgpa": "-"
    },
    "20480092": {
        "organization_and_management": "-",
        "advanced_electrical_machines": "-",
        "signals_and_systems": "-",
        "transmission_and_distribution": "F",
        "control_systems": "-",
        "probability_and_statistics": "-",
        "sgpa": "-"
    },
    "20480095": {
        "organization_and_management": "-",
        "advanced_electrical_machines": "-",
        "signals_and_systems": "B-",
        "transmission_and_distribution": "-",
        "control_systems": "-",
        "probability_and_statistics": "-",
        "sgpa": "-"
    },
    "20480097": {
        "organization_and_management": "-",
        "advanced_electrical_machines": "-",
        "signals_and_systems": "-",
        "transmission_and_distribution": "F",
        "control_systems": "-",
        "probability_and_statistics": "-",
        "sgpa": "-"
    },
    "20480099": {
        "organization_and_management": "-",
        "advanced_electrical_machines": "-",
        "signals_and_systems": "-",
        "transmission_and_distribution": "F",
        "control_systems": "-",
        "probability_and_statistics": "-",
        "sgpa": "-"
    },
    "20480100": {
        "organization_and_management": "C-",
        "advanced_electrical_machines": "-",
        "signals_and_systems": "-",
        "transmission_and_distribution": "C",
        "control_systems": "-",
        "probability_and_statistics": "-",
        "sgpa": "-"
    },
    "20480103": {
        "organization_and_management": "-",
        "advanced_electrical_machines": "-",
        "signals_and_systems": "C",
        "transmission_and_distribution": "-",
        "control_systems": "-",
        "probability_and_statistics": "-",
        "sgpa": "-"
    },
    "21040958": {
        "organization_and_management": "C-",
        "advanced_electrical_machines": "F",
        "signals_and_systems": "F",
        "transmission_and_distribution": "F",
        "control_systems": "C",
        "probability_and_statistics": "C",
        "sgpa": "-"
    },
    "21041267": {
        "organization_and_management": "C",
        "advanced_electrical_machines": "C",
        "signals_and_systems": "Abs",
        "transmission_and_distribution": "F",
        "control_systems": "F",
        "probability_and_statistics": "C",
        "sgpa": "-"
    },
    "21480001": {
        "organization_and_management": "C",
        "advanced_electrical_machines": "F",
        "signals_and_systems": "C-",
        "transmission_and_distribution": "F",
        "control_systems": "D+",
        "probability_and_statistics": "C-",
        "sgpa": "-"
    },
    "21480002": {
        "organization_and_management": "D",
        "advanced_electrical_machines": "F",
        "signals_and_systems": "F",
        "transmission_and_distribution": "F",
        "control_systems": "F",
        "probability_and_statistics": "F",
        "sgpa": "-"
    },
    "21480003": {
        "organization_and_management": "C-",
        "advanced_electrical_machines": "F",
        "signals_and_systems": "F",
        "transmission_and_distribution": "Abs",
        "control_systems": "F",
        "probability_and_statistics": "Abs",
        "sgpa": "-"
    },
    "21480004": {
        "organization_and_management": "C-",
        "advanced_electrical_machines": "C+",
        "signals_and_systems": "C",
        "transmission_and_distribution": "C",
        "control_systems": "C+",
        "probability_and_statistics": "B+",
        "sgpa": "2.30"
    },
    "21480005": {
        "organization_and_management": "F",
        "advanced_electrical_machines": "F",
        "signals_and_systems": "NQ",
        "transmission_and_distribution": "F",
        "control_systems": "F",
        "probability_and_statistics": "F",
        "sgpa": "-"
    },
    "21480006": {
        "organization_and_management": "B-",
        "advanced_electrical_machines": "F",
        "signals_and_systems": "F",
        "transmission_and_distribution": "Abs",
        "control_systems": "Abs",
        "probability_and_statistics": "F",
        "sgpa": "-"
    },
    "21480007": {
        "organization_and_management": "B",
        "advanced_electrical_machines": "Abs",
        "signals_and_systems": "C+",
        "transmission_and_distribution": "Abs",
        "control_systems": "F",
        "probability_and_statistics": "A-",
        "sgpa": "-"
    },
    "21480008": {
        "organization_and_management": "B-",
        "advanced_electrical_machines": "F",
        "signals_and_systems": "C+",
        "transmission_and_distribution": "C+",
        "control_systems": "F",
        "probability_and_statistics": "B",
        "sgpa": "-"
    },
    "21480009": {
        "organization_and_management": "B+",
        "advanced_electrical_machines": "F",
        "signals_and_systems": "C+",
        "transmission_and_distribution": "F",
        "control_systems": "F",
        "probability_and_statistics": "C",
        "sgpa": "-"
    },
    "21480011": {
        "organization_and_management": "C-",
        "advanced_electrical_machines": "Abs",
        "signals_and_systems": "F",
        "transmission_and_distribution": "Abs",
        "control_systems": "F",
        "probability_and_statistics": "F",
        "sgpa": "-"
    },
    "21480012": {
        "organization_and_management": "B-",
        "advanced_electrical_machines": "F",
        "signals_and_systems": "F",
        "transmission_and_distribution": "F",
        "control_systems": "F",
        "probability_and_statistics": "F",
        "sgpa": "-"
    },
    "21480013": {
        "organization_and_management": "C",
        "advanced_electrical_machines": "F",
        "signals_and_systems": "C-",
        "transmission_and_distribution": "F",
        "control_systems": "F",
        "probability_and_statistics": "F",
        "sgpa": "-"
    },
    "21480014": {
        "organization_and_management": "C-",
        "advanced_electrical_machines": "F",
        "signals_and_systems": "B-",
        "transmission_and_distribution": "F",
        "control_systems": "B",
        "probability_and_statistics": "F",
        "sgpa": "-"
    },
    "21480015": {
        "organization_and_management": "C-",
        "advanced_electrical_machines": "F",
        "signals_and_systems": "F",
        "transmission_and_distribution": "Abs",
        "control_systems": "C+",
        "probability_and_statistics": "F",
        "sgpa": "-"
    },
    "21480016": {
        "organization_and_management": "F",
        "advanced_electrical_machines": "F",
        "signals_and_systems": "F",
        "transmission_and_distribution": "Abs",
        "control_systems": "F",
        "probability_and_statistics": "Abs",
        "sgpa": "-"
    },
    "21480017": {
        "organization_and_management": "B-",
        "advanced_electrical_machines": "F",
        "signals_and_systems": "C+",
        "transmission_and_distribution": "F",
        "control_systems": "F",
        "probability_and_statistics": "C",
        "sgpa": "-"
    },
    "21480018": {
        "organization_and_management": "F",
        "advanced_electrical_machines": "Abs",
        "signals_and_systems": "F",
        "transmission_and_distribution": "F",
        "control_systems": "F",
        "probability_and_statistics": "Abs",
        "sgpa": "-"
    },
    "21480020": {
        "organization_and_management": "B+",
        "advanced_electrical_machines": "B",
        "signals_and_systems": "A-",
        "transmission_and_distribution": "A",
        "control_systems": "C-",
        "probability_and_statistics": "B",
        "sgpa": "3.11"
    },
    "21480021": {
        "organization_and_management": "C+",
        "advanced_electrical_machines": "F",
        "signals_and_systems": "C-",
        "transmission_and_distribution": "F",
        "control_systems": "F",
        "probability_and_statistics": "F",
        "sgpa": "-"
    },
    "21480022": {
        "organization_and_management": "F",
        "advanced_electrical_machines": "F",
        "signals_and_systems": "Abs",
        "transmission_and_distribution": "F",
        "control_systems": "F",
        "probability_and_statistics": "F",
        "sgpa": "-"
    },
    "21480023": {
        "organization_and_management": "A",
        "advanced_electrical_machines": "A",
        "signals_and_systems": "B+",
        "transmission_and_distribution": "B",
        "control_systems": "B-",
        "probability_and_statistics": "A",
        "sgpa": "3.47"
    },
    "21480024": {
        "organization_and_management": "A",
        "advanced_electrical_machines": "B",
        "signals_and_systems": "A",
        "transmission_and_distribution": "A",
        "control_systems": "A-",
        "probability_and_statistics": "A",
        "sgpa": "3.77"
    },
    "21480025": {
        "organization_and_management": "C-",
        "advanced_electrical_machines": "F",
        "signals_and_systems": "F",
        "transmission_and_distribution": "F",
        "control_systems": "F",
        "probability_and_statistics": "F",
        "sgpa": "-"
    },
    "21480026": {
        "organization_and_management": "B-",
        "advanced_electrical_machines": "F",
        "signals_and_systems": "F",
        "transmission_and_distribution": "F",
        "control_systems": "D+",
        "probability_and_statistics": "F",
        "sgpa": "-"
    },
    "21480027": {
        "organization_and_management": "A",
        "advanced_electrical_machines": "B",
        "signals_and_systems": "B-",
        "transmission_and_distribution": "C+",
        "control_systems": "C+",
        "probability_and_statistics": "C",
        "sgpa": "2.64"
    },
    "21480028": {
        "organization_and_management": "C+",
        "advanced_electrical_machines": "F",
        "signals_and_systems": "F",
        "transmission_and_distribution": "F",
        "control_systems": "F",
        "probability_and_statistics": "F",
        "sgpa": "-"
    },
    "21480031": {
        "organization_and_management": "Abs",
        "advanced_electrical_machines": "Abs",
        "signals_and_systems": "NQ",
        "transmission_and_distribution": "F",
        "control_systems": "F",
        "probability_and_statistics": "Abs",
        "sgpa": "-"
    },
    "21480034": {
        "organization_and_management": "A",
        "advanced_electrical_machines": "A-",
        "signals_and_systems": "A",
        "transmission_and_distribution": "B+",
        "control_systems": "B",
        "probability_and_statistics": "B+",
        "sgpa": "3.52"
    },
    "21480035": {
        "organization_and_management": "A",
        "advanced_electrical_machines": "B+",
        "signals_and_systems": "A",
        "transmission_and_distribution": "B-",
        "control_systems": "A-",
        "probability_and_statistics": "A-",
        "sgpa": "3.54"
    },
    "21480036": {
        "organization_and_management": "C+",
        "advanced_electrical_machines": "F",
        "signals_and_systems": "F",
        "transmission_and_distribution": "F",
        "control_systems": "F",
        "probability_and_statistics": "F",
        "sgpa": "-"
    },
    "21480037": {
        "organization_and_management": "A",
        "advanced_electrical_machines": "B+",
        "signals_and_systems": "B+",
        "transmission_and_distribution": "B",
        "control_systems": "B-",
        "probability_and_statistics": "A",
        "sgpa": "3.35"
    },
    "21480038": {
        "organization_and_management": "C+",
        "advanced_electrical_machines": "F",
        "signals_and_systems": "F",
        "transmission_and_distribution": "Abs",
        "control_systems": "Abs",
        "probability_and_statistics": "F",
        "sgpa": "-"
    },
    "21480039": {
        "organization_and_management": "C-",
        "advanced_electrical_machines": "F",
        "signals_and_systems": "C",
        "transmission_and_distribution": "F",
        "control_systems": "F",
        "probability_and_statistics": "C",
        "sgpa": "-"
    },
    "21480041": {
        "organization_and_management": "Abs",
        "advanced_electrical_machines": "F",
        "signals_and_systems": "NQ",
        "transmission_and_distribution": "Abs",
        "control_systems": "Abs",
        "probability_and_statistics": "Abs",
        "sgpa": "-"
    },
    "21480043": {
        "organization_and_management": "A-",
        "advanced_electrical_machines": "A",
        "signals_and_systems": "B+",
        "transmission_and_distribution": "A",
        "control_systems": "A",
        "probability_and_statistics": "A",
        "sgpa": "3.84"
    },
    "21480044": {
        "organization_and_management": "F",
        "advanced_electrical_machines": "F",
        "signals_and_systems": "B-",
        "transmission_and_distribution": "F",
        "control_systems": "B",
        "probability_and_statistics": "B-",
        "sgpa": "-"
    },
    "21480048": {
        "organization_and_management": "C+",
        "advanced_electrical_machines": "F",
        "signals_and_systems": "F",
        "transmission_and_distribution": "F",
        "control_systems": "F",
        "probability_and_statistics": "C+",
        "sgpa": "-"
    },
    "21480049": {
        "organization_and_management": "C",
        "advanced_electrical_machines": "F",
        "signals_and_systems": "C+",
        "transmission_and_distribution": "C+",
        "control_systems": "B+",
        "probability_and_statistics": "B+",
        "sgpa": "-"
    },
    "21480050": {
        "organization_and_management": "C+",
        "advanced_electrical_machines": "F",
        "signals_and_systems": "F",
        "transmission_and_distribution": "F",
        "control_systems": "F",
        "probability_and_statistics": "F",
        "sgpa": "-"
    },
    "21480051": {
        "organization_and_management": "C-",
        "advanced_electrical_machines": "F",
        "signals_and_systems": "F",
        "transmission_and_distribution": "F",
        "control_systems": "C",
        "probability_and_statistics": "C-",
        "sgpa": "-"
    },
    "21480052": {
        "organization_and_management": "C+",
        "advanced_electrical_machines": "F",
        "signals_and_systems": "F",
        "transmission_and_distribution": "F",
        "control_systems": "F",
        "probability_and_statistics": "Abs",
        "sgpa": "-"
    },
    "21480053": {
        "organization_and_management": "B",
        "advanced_electrical_machines": "Expelled",
        "signals_and_systems": "F",
        "transmission_and_distribution": "F",
        "control_systems": "C",
        "probability_and_statistics": "C",
        "sgpa": "-"
    },
    "21480054": {
        "organization_and_management": "C",
        "advanced_electrical_machines": "B",
        "signals_and_systems": "F",
        "transmission_and_distribution": "B+",
        "control_systems": "F",
        "probability_and_statistics": "C+",
        "sgpa": "-"
    },
    "21480056": {
        "organization_and_management": "C+",
        "advanced_electrical_machines": "B-",
        "signals_and_systems": "B",
        "transmission_and_distribution": "C+",
        "control_systems": "B",
        "probability_and_statistics": "A-",
        "sgpa": "2.86"
    },
    "21480057": {
        "organization_and_management": "C-",
        "advanced_electrical_machines": "F",
        "signals_and_systems": "F",
        "transmission_and_distribution": "F",
        "control_systems": "F",
        "probability_and_statistics": "F",
        "sgpa": "-"
    },
    "21480061": {
        "organization_and_management": "C",
        "advanced_electrical_machines": "F",
        "signals_and_systems": "F",
        "transmission_and_distribution": "F",
        "control_systems": "F",
        "probability_and_statistics": "F",
        "sgpa": "-"
    },
    "21480062": {
        "organization_and_management": "C",
        "advanced_electrical_machines": "Expelled",
        "signals_and_systems": "F",
        "transmission_and_distribution": "F",
        "control_systems": "F",
        "probability_and_statistics": "C-",
        "sgpa": "-"
    },
    "21480063": {
        "organization_and_management": "B-",
        "advanced_electrical_machines": "F",
        "signals_and_systems": "C",
        "transmission_and_distribution": "B-",
        "control_systems": "B-",
        "probability_and_statistics": "B-",
        "sgpa": "-"
    },
    "21480064": {
        "organization_and_management": "A-",
        "advanced_electrical_machines": "B",
        "signals_and_systems": "F",
        "transmission_and_distribution": "F",
        "control_systems": "B-",
        "probability_and_statistics": "C+",
        "sgpa": "-"
    },
    "21480065": {
        "organization_and_management": "C",
        "advanced_electrical_machines": "C-",
        "signals_and_systems": "C",
        "transmission_and_distribution": "F",
        "control_systems": "F",
        "probability_and_statistics": "F",
        "sgpa": "-"
    },
    "21480066": {
        "organization_and_management": "C",
        "advanced_electrical_machines": "Expelled",
        "signals_and_systems": "F",
        "transmission_and_distribution": "F",
        "control_systems": "Expelled",
        "probability_and_statistics": "F",
        "sgpa": "-"
    },
    "21480067": {
        "organization_and_management": "C",
        "advanced_electrical_machines": "A-",
        "signals_and_systems": "B-",
        "transmission_and_distribution": "A",
        "control_systems": "A",
        "probability_and_statistics": "A-",
        "sgpa": "3.43"
    },
    "21480068": {
        "organization_and_management": "A-",
        "advanced_electrical_machines": "C-",
        "signals_and_systems": "F",
        "transmission_and_distribution": "F",
        "control_systems": "B-",
        "probability_and_statistics": "C",
        "sgpa": "-"
    },
    "21480069": {
        "organization_and_management": "F",
        "advanced_electrical_machines": "F",
        "signals_and_systems": "F",
        "transmission_and_distribution": "F",
        "control_systems": "C",
        "probability_and_statistics": "F",
        "sgpa": "-"
    },
    "21480071": {
        "organization_and_management": "C-",
        "advanced_electrical_machines": "F",
        "signals_and_systems": "F",
        "transmission_and_distribution": "F",
        "control_systems": "F",
        "probability_and_statistics": "C",
        "sgpa": "-"
    },
    "21480073": {
        "organization_and_management": "C",
        "advanced_electrical_machines": "Abs",
        "signals_and_systems": "F",
        "transmission_and_distribution": "Abs",
        "control_systems": "C",
        "probability_and_statistics": "C",
        "sgpa": "-"
    },
    "21480074": {
        "organization_and_management": "C-",
        "advanced_electrical_machines": "F",
        "signals_and_systems": "F",
        "transmission_and_distribution": "F",
        "control_systems": "C",
        "probability_and_statistics": "B-",
        "sgpa": "-"
    },
    "21480075": {
        "organization_and_management": "F",
        "advanced_electrical_machines": "F",
        "signals_and_systems": "F",
        "transmission_and_distribution": "F",
        "control_systems": "C-",
        "probability_and_statistics": "F",
        "sgpa": "-"
    },
    "21480076": {
        "organization_and_management": "B+",
        "advanced_electrical_machines": "F",
        "signals_and_systems": "F",
        "transmission_and_distribution": "F",
        "control_systems": "C",
        "probability_and_statistics": "C",
        "sgpa": "-"
    },
    "21480077": {
        "organization_and_management": "C",
        "advanced_electrical_machines": "F",
        "signals_and_systems": "B",
        "transmission_and_distribution": "A-",
        "control_systems": "B+",
        "probability_and_statistics": "B-",
        "sgpa": "-"
    },
    "21480078": {
        "organization_and_management": "A-",
        "advanced_electrical_machines": "F",
        "signals_and_systems": "A-",
        "transmission_and_distribution": "B+",
        "control_systems": "A",
        "probability_and_statistics": "B+",
        "sgpa": "-"
    },
    "21480080": {
        "organization_and_management": "B-",
        "advanced_electrical_machines": "F",
        "signals_and_systems": "C",
        "transmission_and_distribution": "C+",
        "control_systems": "F",
        "probability_and_statistics": "F",
        "sgpa": "-"
    },
    "21480081": {
        "organization_and_management": "B",
        "advanced_electrical_machines": "F",
        "signals_and_systems": "B-",
        "transmission_and_distribution": "F",
        "control_systems": "B-",
        "probability_and_statistics": "C+",
        "sgpa": "-"
    },
    "21480082": {
        "organization_and_management": "B+",
        "advanced_electrical_machines": "F",
        "signals_and_systems": "A-",
        "transmission_and_distribution": "B",
        "control_systems": "A",
        "probability_and_statistics": "A-",
        "sgpa": "-"
    },
    "21480084": {
        "organization_and_management": "C",
        "advanced_electrical_machines": "F",
        "signals_and_systems": "B+",
        "transmission_and_distribution": "B",
        "control_systems": "A-",
        "probability_and_statistics": "F",
        "sgpa": "-"
    },
    "21480085": {
        "organization_and_management": "B+",
        "advanced_electrical_machines": "F",
        "signals_and_systems": "B+",
        "transmission_and_distribution": "B",
        "control_systems": "B+",
        "probability_and_statistics": "B",
        "sgpa": "-"
    },
    "21480086": {
        "organization_and_management": "A-",
        "advanced_electrical_machines": "A",
        "signals_and_systems": "A",
        "transmission_and_distribution": "A",
        "control_systems": "A",
        "probability_and_statistics": "A-",
        "sgpa": "3.91"
    },
    "21480089": {
        "organization_and_management": "C+",
        "advanced_electrical_machines": "F",
        "signals_and_systems": "B-",
        "transmission_and_distribution": "A-",
        "control_systems": "B",
        "probability_and_statistics": "B+",
        "sgpa": "-"
    },
    "21480090": {
        "organization_and_management": "B+",
        "advanced_electrical_machines": "F",
        "signals_and_systems": "C+",
        "transmission_and_distribution": "F",
        "control_systems": "C+",
        "probability_and_statistics": "Abs",
        "sgpa": "-"
    },
    "21480092": {
        "organization_and_management": "B",
        "advanced_electrical_machines": "F",
        "signals_and_systems": "F",
        "transmission_and_distribution": "F",
        "control_systems": "F",
        "probability_and_statistics": "F",
        "sgpa": "-"
    },
    "21480095": {
        "organization_and_management": "A-",
        "advanced_electrical_machines": "F",
        "signals_and_systems": "C+",
        "transmission_and_distribution": "F",
        "control_systems": "B",
        "probability_and_statistics": "C-",
        "sgpa": "-"
    },
    "21480097": {
        "organization_and_management": "D+",
        "advanced_electrical_machines": "F",
        "signals_and_systems": "F",
        "transmission_and_distribution": "F",
        "control_systems": "F",
        "probability_and_statistics": "F",
        "sgpa": "-"
    },
    "21480099": {
        "organization_and_management": "B",
        "advanced_electrical_machines": "F",
        "signals_and_systems": "F",
        "transmission_and_distribution": "F",
        "control_systems": "F",
        "probability_and_statistics": "F",
        "sgpa": "-"
    },
    "21480100": {
        "organization_and_management": "B+",
        "advanced_electrical_machines": "B",
        "signals_and_systems": "C+",
        "transmission_and_distribution": "A-",
        "control_systems": "A",
        "probability_and_statistics": "A-",
        "sgpa": "3.34"
    },
    "21480101": {
        "organization_and_management": "F",
        "advanced_electrical_machines": "Abs",
        "signals_and_systems": "F",
        "transmission_and_distribution": "F",
        "control_systems": "F",
        "probability_and_statistics": "F",
        "sgpa": "-"
    },
    "21480102": {
        "organization_and_management": "F",
        "advanced_electrical_machines": "F",
        "signals_and_systems": "F",
        "transmission_and_distribution": "F",
        "control_systems": "F",
        "probability_and_statistics": "F",
        "sgpa": "-"
    },
    "21480103": {
        "organization_and_management": "F",
        "advanced_electrical_machines": "F",
        "signals_and_systems": "F",
        "transmission_and_distribution": "F",
        "control_systems": "F",
        "probability_and_statistics": "D+",
        "sgpa": "-"
    },
    "21480105": {
        "organization_and_management": "F",
        "advanced_electrical_machines": "F",
        "signals_and_systems": "F",
        "transmission_and_distribution": "F",
        "control_systems": "F",
        "probability_and_statistics": "Abs",
        "sgpa": "-"
    },
    "21480107": {
        "organization_and_management": "F",
        "advanced_electrical_machines": "F",
        "signals_and_systems": "F",
        "transmission_and_distribution": "F",
        "control_systems": "F",
        "probability_and_statistics": "F",
        "sgpa": "-"
    },
    "21480108": {
        "organization_and_management": "B",
        "advanced_electrical_machines": "F",
        "signals_and_systems": "B-",
        "transmission_and_distribution": "C",
        "control_systems": "B",
        "probability_and_statistics": "C+",
        "sgpa": "-"
    },
    "21480109": {
        "organization_and_management": "B",
        "advanced_electrical_machines": "B",
        "signals_and_systems": "B",
        "transmission_and_distribution": "B",
        "control_systems": "A-",
        "probability_and_statistics": "B+",
        "sgpa": "3.18"
    },
    "21480111": {
        "organization_and_management": "A",
        "advanced_electrical_machines": "F",
        "signals_and_systems": "B",
        "transmission_and_distribution": "C",
        "control_systems": "B",
        "probability_and_statistics": "A-",
        "sgpa": "-"
    },
    "21480112": {
        "organization_and_management": "C-",
        "advanced_electrical_machines": "Abs",
        "signals_and_systems": "F",
        "transmission_and_distribution": "Abs",
        "control_systems": "D+",
        "probability_and_statistics": "NQ",
        "sgpa": "-"
    },
    "21480113": {
        "organization_and_management": "C-",
        "advanced_electrical_machines": "C",
        "signals_and_systems": "F",
        "transmission_and_distribution": "F",
        "control_systems": "C-",
        "probability_and_statistics": "F",
        "sgpa": "-"
    },
    "21480114": {
        "organization_and_management": "B-",
        "advanced_electrical_machines": "F",
        "signals_and_systems": "F",
        "transmission_and_distribution": "F",
        "control_systems": "C+",
        "probability_and_statistics": "F",
        "sgpa": "-"
    },
    "21480116": {
        "organization_and_management": "B-",
        "advanced_electrical_machines": "C+",
        "signals_and_systems": "B-",
        "transmission_and_distribution": "B-",
        "control_systems": "B-",
        "probability_and_statistics": "B-",
        "sgpa": "2.63"
    },
    "21480118": {
        "organization_and_management": "C-",
        "advanced_electrical_machines": "F",
        "signals_and_systems": "C+",
        "transmission_and_distribution": "F",
        "control_systems": "B+",
        "probability_and_statistics": "F",
        "sgpa": "-"
    },
    "21480119": {
        "organization_and_management": "F",
        "advanced_electrical_machines": "F",
        "signals_and_systems": "F",
        "transmission_and_distribution": "F",
        "control_systems": "C+",
        "probability_and_statistics": "F",
        "sgpa": "-"
    },
    "21480120": {
        "organization_and_management": "C",
        "advanced_electrical_machines": "F",
        "signals_and_systems": "F",
        "transmission_and_distribution": "F",
        "control_systems": "F",
        "probability_and_statistics": "F",
        "sgpa": "-"
    },
    "21480123": {
        "organization_and_management": "C",
        "advanced_electrical_machines": "Abs",
        "signals_and_systems": "Abs",
        "transmission_and_distribution": "Abs",
        "control_systems": "C+",
        "probability_and_statistics": "C",
        "sgpa": "-"
    },
    "21480124": {
        "organization_and_management": "F",
        "advanced_electrical_machines": "A-",
        "signals_and_systems": "C+",
        "transmission_and_distribution": "F",
        "control_systems": "B-",
        "probability_and_statistics": "C",
        "sgpa": "-"
    },
    "21480125": {
        "organization_and_management": "F",
        "advanced_electrical_machines": "C+",
        "signals_and_systems": "Abs",
        "transmission_and_distribution": "F",
        "control_systems": "C-",
        "probability_and_statistics": "C-",
        "sgpa": "-"
    },
    "21480128": {
        "organization_and_management": "F",
        "advanced_electrical_machines": "F",
        "signals_and_systems": "F",
        "transmission_and_distribution": "F",
        "control_systems": "F",
        "probability_and_statistics": "F",
        "sgpa": "-"
    },
    "21480130": {
        "organization_and_management": "C",
        "advanced_electrical_machines": "B",
        "signals_and_systems": "B-",
        "transmission_and_distribution": "F",
        "control_systems": "B-",
        "probability_and_statistics": "C",
        "sgpa": "-"
    },
    "21480131": {
        "organization_and_management": "C-",
        "advanced_electrical_machines": "A-",
        "signals_and_systems": "Abs",
        "transmission_and_distribution": "A",
        "control_systems": "F",
        "probability_and_statistics": "Abs",
        "sgpa": "-"
    },
    "21480133": {
        "organization_and_management": "C",
        "advanced_electrical_machines": "Abs",
        "signals_and_systems": "Abs",
        "transmission_and_distribution": "F",
        "control_systems": "F",
        "probability_and_statistics": "Abs",
        "sgpa": "-"
    }
}