{
    "nan": {
        "engineering_mathematics_iv": "-",
        "numerical_methods": "-",
        "instrumentation": "-",
        "electronic_circuits": "-",
        "microprocessors": "-",
        "electrical_machines": "-",
        "sgpa": "-"
    },
    "16480013": {
        "engineering_mathematics_iv": "Abs",
        "numerical_methods": "-",
        "instrumentation": "-",
        "electronic_circuits": "-",
        "microprocessors": "-",
        "electrical_machines": "-",
        "sgpa": "-"
    },
    "16480051": {
        "engineering_mathematics_iv": "Abs",
        "numerical_methods": "-",
        "instrumentation": "-",
        "electronic_circuits": "-",
        "microprocessors": "-",
        "electrical_machines": "-",
        "sgpa": "-"
    },
    "16480098": {
        "engineering_mathematics_iv": "-",
        "numerical_methods": "-",
        "instrumentation": "-",
        "electronic_circuits": "-",
        "microprocessors": "-",
        "electrical_machines": "F",
        "sgpa": "-"
    },
    "16480127": {
        "engineering_mathematics_iv": "F",
        "numerical_methods": "-",
        "instrumentation": "-",
        "electronic_circuits": "-",
        "microprocessors": "-",
        "electrical_machines": "-",
        "sgpa": "-"
    },
    "16521029": {
        "engineering_mathematics_iv": "-",
        "numerical_methods": "-",
        "instrumentation": "-",
        "electronic_circuits": "-",
        "microprocessors": "D+",
        "electrical_machines": "-",
        "sgpa": "-"
    },
    "17480002": {
        "engineering_mathematics_iv": "C",
        "numerical_methods": "-",
        "instrumentation": "-",
        "electronic_circuits": "-",
        "microprocessors": "-",
        "electrical_machines": "-",
        "sgpa": "-"
    },
    "17480018": {
        "engineering_mathematics_iv": "-",
        "numerical_methods": "-",
        "instrumentation": "-",
        "electronic_circuits": "-",
        "microprocessors": "-",
        "electrical_machines": "Abs",
        "sgpa": "-"
    },
    "17480031": {
        "engineering_mathematics_iv": "-",
        "numerical_methods": "-",
        "instrumentation": "-",
        "electronic_circuits": "F",
        "microprocessors": "-",
        "electrical_machines": "-",
        "sgpa": "-"
    },
    "17480032": {
        "engineering_mathematics_iv": "F",
        "numerical_methods": "-",
        "instrumentation": "-",
        "electronic_circuits": "-",
        "microprocessors": "-",
        "electrical_machines": "F",
        "sgpa": "-"
    },
    "17480035": {
        "engineering_mathematics_iv": "-",
        "numerical_methods": "-",
        "instrumentation": "-",
        "electronic_circuits": "-",
        "microprocessors": "-",
        "electrical_machines": "Abs",
        "sgpa": "-"
    },
    "17480041": {
        "engineering_mathematics_iv": "-",
        "numerical_methods": "-",
        "instrumentation": "-",
        "electronic_circuits": "-",
        "microprocessors": "-",
        "electrical_machines": "F",
        "sgpa": "-"
    },
    "17480046": {
        "engineering_mathematics_iv": "-",
        "numerical_methods": "-",
        "instrumentation": "-",
        "electronic_circuits": "-",
        "microprocessors": "-",
        "electrical_machines": "C-",
        "sgpa": "-"
    },
    "17480064": {
        "engineering_mathematics_iv": "-",
        "numerical_methods": "C+",
        "instrumentation": "C+",
        "electronic_circuits": "-",
        "microprocessors": "-",
        "electrical_machines": "Abs",
        "sgpa": "-"
    },
    "17480081": {
        "engineering_mathematics_iv": "-",
        "numerical_methods": "-",
        "instrumentation": "-",
        "electronic_circuits": "-",
        "microprocessors": "-",
        "electrical_machines": "Abs",
        "sgpa": "-"
    },
    "17480096": {
        "engineering_mathematics_iv": "Abs",
        "numerical_methods": "-",
        "instrumentation": "-",
        "electronic_circuits": "-",
        "microprocessors": "-",
        "electrical_machines": "-",
        "sgpa": "-"
    },
    "17480099": {
        "engineering_mathematics_iv": "-",
        "numerical_methods": "Abs",
        "instrumentation": "-",
        "electronic_circuits": "-",
        "microprocessors": "-",
        "electrical_machines": "-",
        "sgpa": "-"
    },
    "17480104": {
        "engineering_mathematics_iv": "-",
        "numerical_methods": "Abs",
        "instrumentation": "-",
        "electronic_circuits": "-",
        "microprocessors": "-",
        "electrical_machines": "Abs",
        "sgpa": "-"
    },
    "17480105": {
        "engineering_mathematics_iv": "-",
        "numerical_methods": "-",
        "instrumentation": "-",
        "electronic_circuits": "-",
        "microprocessors": "-",
        "electrical_machines": "Abs",
        "sgpa": "-"
    },
    "17480134": {
        "engineering_mathematics_iv": "-",
        "numerical_methods": "-",
        "instrumentation": "-",
        "electronic_circuits": "-",
        "microprocessors": "-",
        "electrical_machines": "Abs",
        "sgpa": "-"
    },
    "17480138": {
        "engineering_mathematics_iv": "-",
        "numerical_methods": "-",
        "instrumentation": "-",
        "electronic_circuits": "-",
        "microprocessors": "-",
        "electrical_machines": "F",
        "sgpa": "-"
    },
    "17480146": {
        "engineering_mathematics_iv": "-",
        "numerical_methods": "-",
        "instrumentation": "-",
        "electronic_circuits": "-",
        "microprocessors": "-",
        "electrical_machines": "Abs",
        "sgpa": "-"
    },
    "18480009": {
        "engineering_mathematics_iv": "-",
        "numerical_methods": "B-",
        "instrumentation": "-",
        "electronic_circuits": "-",
        "microprocessors": "F",
        "electrical_machines": "F",
        "sgpa": "-"
    },
    "18480010": {
        "engineering_mathematics_iv": "-",
        "numerical_methods": "-",
        "instrumentation": "-",
        "electronic_circuits": "-",
        "microprocessors": "-",
        "electrical_machines": "F",
        "sgpa": "-"
    },
    "18480015": {
        "engineering_mathematics_iv": "-",
        "numerical_methods": "-",
        "instrumentation": "-",
        "electronic_circuits": "-",
        "microprocessors": "C-",
        "electrical_machines": "-",
        "sgpa": "-"
    },
    "18480018": {
        "engineering_mathematics_iv": "-",
        "numerical_methods": "-",
        "instrumentation": "-",
        "electronic_circuits": "-",
        "microprocessors": "F",
        "electrical_machines": "F",
        "sgpa": "-"
    },
    "18480019": {
        "engineering_mathematics_iv": "-",
        "numerical_methods": "-",
        "instrumentation": "-",
        "electronic_circuits": "-",
        "microprocessors": "-",
        "electrical_machines": "F",
        "sgpa": "-"
    },
    "18480021": {
        "engineering_mathematics_iv": "F",
        "numerical_methods": "-",
        "instrumentation": "-",
        "electronic_circuits": "-",
        "microprocessors": "-",
        "electrical_machines": "Abs",
        "sgpa": "-"
    },
    "18480028": {
        "engineering_mathematics_iv": "-",
        "numerical_methods": "-",
        "instrumentation": "-",
        "electronic_circuits": "-",
        "microprocessors": "-",
        "electrical_machines": "C-",
        "sgpa": "-"
    },
    "18480034": {
        "engineering_mathematics_iv": "-",
        "numerical_methods": "Abs",
        "instrumentation": "-",
        "electronic_circuits": "-",
        "microprocessors": "-",
        "electrical_machines": "-",
        "sgpa": "-"
    },
    "18480038": {
        "engineering_mathematics_iv": "B",
        "numerical_methods": "-",
        "instrumentation": "-",
        "electronic_circuits": "-",
        "microprocessors": "-",
        "electrical_machines": "-",
        "sgpa": "-"
    },
    "18480049": {
        "engineering_mathematics_iv": "F",
        "numerical_methods": "-",
        "instrumentation": "-",
        "electronic_circuits": "-",
        "microprocessors": "-",
        "electrical_machines": "-",
        "sgpa": "-"
    },
    "18480062": {
        "engineering_mathematics_iv": "-",
        "numerical_methods": "B-",
        "instrumentation": "-",
        "electronic_circuits": "-",
        "microprocessors": "-",
        "electrical_machines": "-",
        "sgpa": "-"
    },
    "18480079": {
        "engineering_mathematics_iv": "-",
        "numerical_methods": "F",
        "instrumentation": "-",
        "electronic_circuits": "-",
        "microprocessors": "F",
        "electrical_machines": "-",
        "sgpa": "-"
    },
    "18480083": {
        "engineering_mathematics_iv": "-",
        "numerical_methods": "-",
        "instrumentation": "-",
        "electronic_circuits": "-",
        "microprocessors": "-",
        "electrical_machines": "Abs",
        "sgpa": "-"
    },
    "18480087": {
        "engineering_mathematics_iv": "-",
        "numerical_methods": "-",
        "instrumentation": "Abs",
        "electronic_circuits": "-",
        "microprocessors": "-",
        "electrical_machines": "Abs",
        "sgpa": "-"
    },
    "18480105": {
        "engineering_mathematics_iv": "-",
        "numerical_methods": "Abs",
        "instrumentation": "-",
        "electronic_circuits": "-",
        "microprocessors": "F",
        "electrical_machines": "-",
        "sgpa": "-"
    },
    "18480123": {
        "engineering_mathematics_iv": "-",
        "numerical_methods": "Cancelled",
        "instrumentation": "-",
        "electronic_circuits": "-",
        "microprocessors": "-",
        "electrical_machines": "Abs",
        "sgpa": "-"
    },
    "18480136": {
        "engineering_mathematics_iv": "C-",
        "numerical_methods": "-",
        "instrumentation": "-",
        "electronic_circuits": "-",
        "microprocessors": "-",
        "electrical_machines": "B-",
        "sgpa": "-"
    },
    "18480144": {
        "engineering_mathematics_iv": "Abs",
        "numerical_methods": "-",
        "instrumentation": "-",
        "electronic_circuits": "-",
        "microprocessors": "-",
        "electrical_machines": "Abs",
        "sgpa": "-"
    },
    "19070478": {
        "engineering_mathematics_iv": "Abs",
        "numerical_methods": "-",
        "instrumentation": "-",
        "electronic_circuits": "-",
        "microprocessors": "-",
        "electrical_machines": "-",
        "sgpa": "-"
    },
    "19480003": {
        "engineering_mathematics_iv": "-",
        "numerical_methods": "-",
        "instrumentation": "-",
        "electronic_circuits": "-",
        "microprocessors": "-",
        "electrical_machines": "C-",
        "sgpa": "-"
    },
    "19480009": {
        "engineering_mathematics_iv": "C+",
        "numerical_methods": "-",
        "instrumentation": "-",
        "electronic_circuits": "-",
        "microprocessors": "-",
        "electrical_machines": "-",
        "sgpa": "-"
    },
    "19480010": {
        "engineering_mathematics_iv": "-",
        "numerical_methods": "-",
        "instrumentation": "-",
        "electronic_circuits": "F",
        "microprocessors": "-",
        "electrical_machines": "-",
        "sgpa": "-"
    },
    "19480012": {
        "engineering_mathematics_iv": "-",
        "numerical_methods": "-",
        "instrumentation": "-",
        "electronic_circuits": "F",
        "microprocessors": "Expelled",
        "electrical_machines": "-",
        "sgpa": "-"
    },
    "19480018": {
        "engineering_mathematics_iv": "-",
        "numerical_methods": "-",
        "instrumentation": "F",
        "electronic_circuits": "-",
        "microprocessors": "-",
        "electrical_machines": "-",
        "sgpa": "-"
    },
    "19480019": {
        "engineering_mathematics_iv": "A-",
        "numerical_methods": "-",
        "instrumentation": "-",
        "electronic_circuits": "-",
        "microprocessors": "-",
        "electrical_machines": "-",
        "sgpa": "-"
    },
    "19480021": {
        "engineering_mathematics_iv": "-",
        "numerical_methods": "-",
        "instrumentation": "-",
        "electronic_circuits": "-",
        "microprocessors": "A-",
        "electrical_machines": "F",
        "sgpa": "-"
    },
    "19480025": {
        "engineering_mathematics_iv": "-",
        "numerical_methods": "-",
        "instrumentation": "-",
        "electronic_circuits": "-",
        "microprocessors": "-",
        "electrical_machines": "F",
        "sgpa": "-"
    },
    "19480028": {
        "engineering_mathematics_iv": "-",
        "numerical_methods": "-",
        "instrumentation": "-",
        "electronic_circuits": "F",
        "microprocessors": "-",
        "electrical_machines": "Abs",
        "sgpa": "-"
    },
    "19480029": {
        "engineering_mathematics_iv": "-",
        "numerical_methods": "-",
        "instrumentation": "-",
        "electronic_circuits": "Abs",
        "microprocessors": "Abs",
        "electrical_machines": "Abs",
        "sgpa": "-"
    },
    "19480035": {
        "engineering_mathematics_iv": "-",
        "numerical_methods": "-",
        "instrumentation": "-",
        "electronic_circuits": "-",
        "microprocessors": "-",
        "electrical_machines": "Abs",
        "sgpa": "-"
    },
    "19480037": {
        "engineering_mathematics_iv": "-",
        "numerical_methods": "-",
        "instrumentation": "-",
        "electronic_circuits": "F",
        "microprocessors": "-",
        "electrical_machines": "F",
        "sgpa": "-"
    },
    "19480038": {
        "engineering_mathematics_iv": "-",
        "numerical_methods": "-",
        "instrumentation": "-",
        "electronic_circuits": "-",
        "microprocessors": "-",
        "electrical_machines": "B-",
        "sgpa": "-"
    },
    "19480039": {
        "engineering_mathematics_iv": "-",
        "numerical_methods": "-",
        "instrumentation": "-",
        "electronic_circuits": "-",
        "microprocessors": "-",
        "electrical_machines": "F",
        "sgpa": "-"
    },
    "19480045": {
        "engineering_mathematics_iv": "-",
        "numerical_methods": "-",
        "instrumentation": "-",
        "electronic_circuits": "-",
        "microprocessors": "-",
        "electrical_machines": "F",
        "sgpa": "-"
    },
    "19480058": {
        "engineering_mathematics_iv": "B+",
        "numerical_methods": "-",
        "instrumentation": "-",
        "electronic_circuits": "-",
        "microprocessors": "-",
        "electrical_machines": "-",
        "sgpa": "-"
    },
    "19480061": {
        "engineering_mathematics_iv": "Abs",
        "numerical_methods": "-",
        "instrumentation": "-",
        "electronic_circuits": "-",
        "microprocessors": "-",
        "electrical_machines": "-",
        "sgpa": "-"
    },
    "19480065": {
        "engineering_mathematics_iv": "Abs",
        "numerical_methods": "-",
        "instrumentation": "-",
        "electronic_circuits": "-",
        "microprocessors": "-",
        "electrical_machines": "-",
        "sgpa": "-"
    },
    "19480083": {
        "engineering_mathematics_iv": "F",
        "numerical_methods": "-",
        "instrumentation": "-",
        "electronic_circuits": "-",
        "microprocessors": "-",
        "electrical_machines": "-",
        "sgpa": "-"
    },
    "19480091": {
        "engineering_mathematics_iv": "Abs",
        "numerical_methods": "-",
        "instrumentation": "-",
        "electronic_circuits": "-",
        "microprocessors": "-",
        "electrical_machines": "-",
        "sgpa": "-"
    },
    "19480120": {
        "engineering_mathematics_iv": "-",
        "numerical_methods": "-",
        "instrumentation": "-",
        "electronic_circuits": "-",
        "microprocessors": "-",
        "electrical_machines": "C",
        "sgpa": "-"
    },
    "19480122": {
        "engineering_mathematics_iv": "Abs",
        "numerical_methods": "-",
        "instrumentation": "-",
        "electronic_circuits": "-",
        "microprocessors": "-",
        "electrical_machines": "-",
        "sgpa": "-"
    },
    "19480123": {
        "engineering_mathematics_iv": "-",
        "numerical_methods": "-",
        "instrumentation": "-",
        "electronic_circuits": "-",
        "microprocessors": "-",
        "electrical_machines": "Abs",
        "sgpa": "-"
    },
    "19480124": {
        "engineering_mathematics_iv": "-",
        "numerical_methods": "Abs",
        "instrumentation": "-",
        "electronic_circuits": "-",
        "microprocessors": "-",
        "electrical_machines": "-",
        "sgpa": "-"
    },
    "19480126": {
        "engineering_mathematics_iv": "C+",
        "numerical_methods": "-",
        "instrumentation": "-",
        "electronic_circuits": "-",
        "microprocessors": "-",
        "electrical_machines": "-",
        "sgpa": "-"
    },
    "20040581": {
        "engineering_mathematics_iv": "-",
        "numerical_methods": "-",
        "instrumentation": "-",
        "electronic_circuits": "-",
        "microprocessors": "-",
        "electrical_machines": "F",
        "sgpa": "-"
    },
    "20480005": {
        "engineering_mathematics_iv": "Abs",
        "numerical_methods": "-",
        "instrumentation": "-",
        "electronic_circuits": "-",
        "microprocessors": "-",
        "electrical_machines": "-",
        "sgpa": "-"
    },
    "20480006": {
        "engineering_mathematics_iv": "-",
        "numerical_methods": "-",
        "instrumentation": "-",
        "electronic_circuits": "-",
        "microprocessors": "-",
        "electrical_machines": "A",
        "sgpa": "-"
    },
    "20480008": {
        "engineering_mathematics_iv": "-",
        "numerical_methods": "-",
        "instrumentation": "-",
        "electronic_circuits": "-",
        "microprocessors": "-",
        "electrical_machines": "B",
        "sgpa": "-"
    },
    "20480012": {
        "engineering_mathematics_iv": "-",
        "numerical_methods": "-",
        "instrumentation": "-",
        "electronic_circuits": "-",
        "microprocessors": "-",
        "electrical_machines": "C",
        "sgpa": "-"
    },
    "20480015": {
        "engineering_mathematics_iv": "-",
        "numerical_methods": "-",
        "instrumentation": "-",
        "electronic_circuits": "-",
        "microprocessors": "-",
        "electrical_machines": "C+",
        "sgpa": "-"
    },
    "20480019": {
        "engineering_mathematics_iv": "-",
        "numerical_methods": "-",
        "instrumentation": "-",
        "electronic_circuits": "Abs",
        "microprocessors": "-",
        "electrical_machines": "-",
        "sgpa": "-"
    },
    "20480021": {
        "engineering_mathematics_iv": "-",
        "numerical_methods": "-",
        "instrumentation": "-",
        "electronic_circuits": "-",
        "microprocessors": "-",
        "electrical_machines": "F",
        "sgpa": "-"
    },
    "20480022": {
        "engineering_mathematics_iv": "-",
        "numerical_methods": "-",
        "instrumentation": "-",
        "electronic_circuits": "-",
        "microprocessors": "-",
        "electrical_machines": "F",
        "sgpa": "-"
    },
    "20480027": {
        "engineering_mathematics_iv": "-",
        "numerical_methods": "-",
        "instrumentation": "-",
        "electronic_circuits": "-",
        "microprocessors": "-",
        "electrical_machines": "C",
        "sgpa": "-"
    },
    "20480030": {
        "engineering_mathematics_iv": "-",
        "numerical_methods": "-",
        "instrumentation": "-",
        "electronic_circuits": "-",
        "microprocessors": "-",
        "electrical_machines": "C",
        "sgpa": "-"
    },
    "20480031": {
        "engineering_mathematics_iv": "-",
        "numerical_methods": "-",
        "instrumentation": "-",
        "electronic_circuits": "-",
        "microprocessors": "-",
        "electrical_machines": "C+",
        "sgpa": "-"
    },
    "20480039": {
        "engineering_mathematics_iv": "-",
        "numerical_methods": "-",
        "instrumentation": "-",
        "electronic_circuits": "-",
        "microprocessors": "-",
        "electrical_machines": "C",
        "sgpa": "-"
    },
    "20480040": {
        "engineering_mathematics_iv": "Abs",
        "numerical_methods": "-",
        "instrumentation": "-",
        "electronic_circuits": "-",
        "microprocessors": "-",
        "electrical_machines": "Abs",
        "sgpa": "-"
    },
    "20480043": {
        "engineering_mathematics_iv": "F",
        "numerical_methods": "-",
        "instrumentation": "F",
        "electronic_circuits": "-",
        "microprocessors": "-",
        "electrical_machines": "F",
        "sgpa": "-"
    },
    "20480045": {
        "engineering_mathematics_iv": "-",
        "numerical_methods": "-",
        "instrumentation": "-",
        "electronic_circuits": "F",
        "microprocessors": "-",
        "electrical_machines": "F",
        "sgpa": "-"
    },
    "20480046": {
        "engineering_mathematics_iv": "-",
        "numerical_methods": "-",
        "instrumentation": "-",
        "electronic_circuits": "F",
        "microprocessors": "-",
        "electrical_machines": "C",
        "sgpa": "-"
    },
    "20480047": {
        "engineering_mathematics_iv": "F",
        "numerical_methods": "-",
        "instrumentation": "F",
        "electronic_circuits": "-",
        "microprocessors": "-",
        "electrical_machines": "-",
        "sgpa": "-"
    },
    "20480048": {
        "engineering_mathematics_iv": "-",
        "numerical_methods": "-",
        "instrumentation": "-",
        "electronic_circuits": "-",
        "microprocessors": "-",
        "electrical_machines": "F",
        "sgpa": "-"
    },
    "20480049": {
        "engineering_mathematics_iv": "B",
        "numerical_methods": "-",
        "instrumentation": "-",
        "electronic_circuits": "-",
        "microprocessors": "-",
        "electrical_machines": "-",
        "sgpa": "-"
    },
    "20480053": {
        "engineering_mathematics_iv": "-",
        "numerical_methods": "-",
        "instrumentation": "-",
        "electronic_circuits": "-",
        "microprocessors": "-",
        "electrical_machines": "Abs",
        "sgpa": "-"
    },
    "20480056": {
        "engineering_mathematics_iv": "-",
        "numerical_methods": "-",
        "instrumentation": "-",
        "electronic_circuits": "-",
        "microprocessors": "-",
        "electrical_machines": "F",
        "sgpa": "-"
    },
    "20480058": {
        "engineering_mathematics_iv": "B",
        "numerical_methods": "-",
        "instrumentation": "-",
        "electronic_circuits": "-",
        "microprocessors": "-",
        "electrical_machines": "C",
        "sgpa": "-"
    },
    "20480059": {
        "engineering_mathematics_iv": "F",
        "numerical_methods": "-",
        "instrumentation": "-",
        "electronic_circuits": "-",
        "microprocessors": "-",
        "electrical_machines": "Abs",
        "sgpa": "-"
    },
    "20480062": {
        "engineering_mathematics_iv": "-",
        "numerical_methods": "-",
        "instrumentation": "-",
        "electronic_circuits": "-",
        "microprocessors": "-",
        "electrical_machines": "B",
        "sgpa": "-"
    },
    "20480067": {
        "engineering_mathematics_iv": "-",
        "numerical_methods": "-",
        "instrumentation": "-",
        "electronic_circuits": "-",
        "microprocessors": "-",
        "electrical_machines": "C+",
        "sgpa": "-"
    },
    "20480068": {
        "engineering_mathematics_iv": "-",
        "numerical_methods": "-",
        "instrumentation": "-",
        "electronic_circuits": "-",
        "microprocessors": "-",
        "electrical_machines": "B-",
        "sgpa": "-"
    },
    "20480070": {
        "engineering_mathematics_iv": "F",
        "numerical_methods": "-",
        "instrumentation": "Withheld",
        "electronic_circuits": "-",
        "microprocessors": "-",
        "electrical_machines": "-",
        "sgpa": "-"
    },
    "20480071": {
        "engineering_mathematics_iv": "-",
        "numerical_methods": "-",
        "instrumentation": "Abs",
        "electronic_circuits": "-",
        "microprocessors": "-",
        "electrical_machines": "-",
        "sgpa": "-"
    },
    "20480083": {
        "engineering_mathematics_iv": "F",
        "numerical_methods": "-",
        "instrumentation": "-",
        "electronic_circuits": "-",
        "microprocessors": "-",
        "electrical_machines": "-",
        "sgpa": "-"
    },
    "20480088": {
        "engineering_mathematics_iv": "-",
        "numerical_methods": "-",
        "instrumentation": "F",
        "electronic_circuits": "-",
        "microprocessors": "-",
        "electrical_machines": "-",
        "sgpa": "-"
    },
    "20480090": {
        "engineering_mathematics_iv": "-",
        "numerical_methods": "-",
        "instrumentation": "-",
        "electronic_circuits": "-",
        "microprocessors": "-",
        "electrical_machines": "F",
        "sgpa": "-"
    },
    "20480091": {
        "engineering_mathematics_iv": "C",
        "numerical_methods": "-",
        "instrumentation": "-",
        "electronic_circuits": "-",
        "microprocessors": "-",
        "electrical_machines": "-",
        "sgpa": "-"
    },
    "20480092": {
        "engineering_mathematics_iv": "F",
        "numerical_methods": "-",
        "instrumentation": "-",
        "electronic_circuits": "-",
        "microprocessors": "-",
        "electrical_machines": "-",
        "sgpa": "-"
    },
    "20480093": {
        "engineering_mathematics_iv": "-",
        "numerical_methods": "-",
        "instrumentation": "Abs",
        "electronic_circuits": "-",
        "microprocessors": "-",
        "electrical_machines": "-",
        "sgpa": "-"
    },
    "20480097": {
        "engineering_mathematics_iv": "-",
        "numerical_methods": "-",
        "instrumentation": "-",
        "electronic_circuits": "-",
        "microprocessors": "-",
        "electrical_machines": "F",
        "sgpa": "-"
    },
    "20480098": {
        "engineering_mathematics_iv": "Abs",
        "numerical_methods": "-",
        "instrumentation": "F",
        "electronic_circuits": "-",
        "microprocessors": "-",
        "electrical_machines": "-",
        "sgpa": "-"
    },
    "20480099": {
        "engineering_mathematics_iv": "C",
        "numerical_methods": "-",
        "instrumentation": "-",
        "electronic_circuits": "-",
        "microprocessors": "-",
        "electrical_machines": "Abs",
        "sgpa": "-"
    },
    "20480100": {
        "engineering_mathematics_iv": "F",
        "numerical_methods": "-",
        "instrumentation": "-",
        "electronic_circuits": "-",
        "microprocessors": "-",
        "electrical_machines": "F",
        "sgpa": "-"
    },
    "20480101": {
        "engineering_mathematics_iv": "F",
        "numerical_methods": "-",
        "instrumentation": "F",
        "electronic_circuits": "-",
        "microprocessors": "-",
        "electrical_machines": "-",
        "sgpa": "-"
    },
    "21040958": {
        "engineering_mathematics_iv": "-",
        "numerical_methods": "-",
        "instrumentation": "-",
        "electronic_circuits": "F",
        "microprocessors": "-",
        "electrical_machines": "-",
        "sgpa": "-"
    },
    "21041267": {
        "engineering_mathematics_iv": "-",
        "numerical_methods": "-",
        "instrumentation": "-",
        "electronic_circuits": "F",
        "microprocessors": "-",
        "electrical_machines": "-",
        "sgpa": "-"
    },
    "21480001": {
        "engineering_mathematics_iv": "C-",
        "numerical_methods": "-",
        "instrumentation": "-",
        "electronic_circuits": "-",
        "microprocessors": "F",
        "electrical_machines": "-",
        "sgpa": "-"
    },
    "21480004": {
        "engineering_mathematics_iv": "-",
        "numerical_methods": "-",
        "instrumentation": "-",
        "electronic_circuits": "-",
        "microprocessors": "F",
        "electrical_machines": "-",
        "sgpa": "-"
    },
    "21480008": {
        "engineering_mathematics_iv": "-",
        "numerical_methods": "-",
        "instrumentation": "-",
        "electronic_circuits": "F",
        "microprocessors": "Abs",
        "electrical_machines": "-",
        "sgpa": "-"
    },
    "21480009": {
        "engineering_mathematics_iv": "F",
        "numerical_methods": "-",
        "instrumentation": "-",
        "electronic_circuits": "F",
        "microprocessors": "-",
        "electrical_machines": "-",
        "sgpa": "-"
    },
    "21480012": {
        "engineering_mathematics_iv": "-",
        "numerical_methods": "Abs",
        "instrumentation": "-",
        "electronic_circuits": "-",
        "microprocessors": "F",
        "electrical_machines": "-",
        "sgpa": "-"
    },
    "21480013": {
        "engineering_mathematics_iv": "-",
        "numerical_methods": "-",
        "instrumentation": "-",
        "electronic_circuits": "-",
        "microprocessors": "F",
        "electrical_machines": "-",
        "sgpa": "-"
    },
    "21480017": {
        "engineering_mathematics_iv": "C+",
        "numerical_methods": "-",
        "instrumentation": "-",
        "electronic_circuits": "-",
        "microprocessors": "-",
        "electrical_machines": "-",
        "sgpa": "-"
    },
    "21480018": {
        "engineering_mathematics_iv": "-",
        "numerical_methods": "-",
        "instrumentation": "-",
        "electronic_circuits": "Abs",
        "microprocessors": "-",
        "electrical_machines": "-",
        "sgpa": "-"
    },
    "21480021": {
        "engineering_mathematics_iv": "-",
        "numerical_methods": "-",
        "instrumentation": "-",
        "electronic_circuits": "F",
        "microprocessors": "-",
        "electrical_machines": "-",
        "sgpa": "-"
    },
    "21480025": {
        "engineering_mathematics_iv": "-",
        "numerical_methods": "-",
        "instrumentation": "-",
        "electronic_circuits": "Abs",
        "microprocessors": "-",
        "electrical_machines": "-",
        "sgpa": "-"
    },
    "21480026": {
        "engineering_mathematics_iv": "-",
        "numerical_methods": "-",
        "instrumentation": "-",
        "electronic_circuits": "-",
        "microprocessors": "Abs",
        "electrical_machines": "F",
        "sgpa": "-"
    },
    "21480031": {
        "engineering_mathematics_iv": "-",
        "numerical_methods": "-",
        "instrumentation": "-",
        "electronic_circuits": "Abs",
        "microprocessors": "-",
        "electrical_machines": "Abs",
        "sgpa": "-"
    },
    "21480038": {
        "engineering_mathematics_iv": "Abs",
        "numerical_methods": "-",
        "instrumentation": "-",
        "electronic_circuits": "Abs",
        "microprocessors": "-",
        "electrical_machines": "-",
        "sgpa": "-"
    },
    "21480039": {
        "engineering_mathematics_iv": "-",
        "numerical_methods": "-",
        "instrumentation": "-",
        "electronic_circuits": "-",
        "microprocessors": "C",
        "electrical_machines": "-",
        "sgpa": "-"
    },
    "21480044": {
        "engineering_mathematics_iv": "-",
        "numerical_methods": "-",
        "instrumentation": "B+",
        "electronic_circuits": "-",
        "microprocessors": "-",
        "electrical_machines": "-",
        "sgpa": "-"
    },
    "21480048": {
        "engineering_mathematics_iv": "-",
        "numerical_methods": "-",
        "instrumentation": "B-",
        "electronic_circuits": "-",
        "microprocessors": "-",
        "electrical_machines": "F",
        "sgpa": "-"
    },
    "21480049": {
        "engineering_mathematics_iv": "-",
        "numerical_methods": "-",
        "instrumentation": "-",
        "electronic_circuits": "C",
        "microprocessors": "-",
        "electrical_machines": "-",
        "sgpa": "-"
    },
    "21480050": {
        "engineering_mathematics_iv": "-",
        "numerical_methods": "-",
        "instrumentation": "-",
        "electronic_circuits": "Abs",
        "microprocessors": "-",
        "electrical_machines": "-",
        "sgpa": "-"
    },
    "21480051": {
        "engineering_mathematics_iv": "B-",
        "numerical_methods": "-",
        "instrumentation": "-",
        "electronic_circuits": "-",
        "microprocessors": "-",
        "electrical_machines": "-",
        "sgpa": "-"
    },
    "21480052": {
        "engineering_mathematics_iv": "-",
        "numerical_methods": "-",
        "instrumentation": "-",
        "electronic_circuits": "-",
        "microprocessors": "-",
        "electrical_machines": "F",
        "sgpa": "-"
    },
    "21480053": {
        "engineering_mathematics_iv": "-",
        "numerical_methods": "-",
        "instrumentation": "-",
        "electronic_circuits": "F",
        "microprocessors": "-",
        "electrical_machines": "-",
        "sgpa": "-"
    },
    "21480054": {
        "engineering_mathematics_iv": "C+",
        "numerical_methods": "-",
        "instrumentation": "-",
        "electronic_circuits": "-",
        "microprocessors": "C-",
        "electrical_machines": "-",
        "sgpa": "-"
    },
    "21480057": {
        "engineering_mathematics_iv": "-",
        "numerical_methods": "-",
        "instrumentation": "-",
        "electronic_circuits": "-",
        "microprocessors": "-",
        "electrical_machines": "F",
        "sgpa": "-"
    },
    "21480061": {
        "engineering_mathematics_iv": "-",
        "numerical_methods": "-",
        "instrumentation": "F",
        "electronic_circuits": "F",
        "microprocessors": "-",
        "electrical_machines": "-",
        "sgpa": "-"
    },
    "21480062": {
        "engineering_mathematics_iv": "-",
        "numerical_methods": "-",
        "instrumentation": "C",
        "electronic_circuits": "F",
        "microprocessors": "-",
        "electrical_machines": "-",
        "sgpa": "-"
    },
    "21480064": {
        "engineering_mathematics_iv": "C+",
        "numerical_methods": "-",
        "instrumentation": "-",
        "electronic_circuits": "-",
        "microprocessors": "-",
        "electrical_machines": "F",
        "sgpa": "-"
    },
    "21480065": {
        "engineering_mathematics_iv": "F",
        "numerical_methods": "-",
        "instrumentation": "-",
        "electronic_circuits": "-",
        "microprocessors": "-",
        "electrical_machines": "C",
        "sgpa": "-"
    },
    "21480066": {
        "engineering_mathematics_iv": "-",
        "numerical_methods": "-",
        "instrumentation": "-",
        "electronic_circuits": "F",
        "microprocessors": "-",
        "electrical_machines": "-",
        "sgpa": "-"
    },
    "21480068": {
        "engineering_mathematics_iv": "-",
        "numerical_methods": "-",
        "instrumentation": "-",
        "electronic_circuits": "F",
        "microprocessors": "-",
        "electrical_machines": "F",
        "sgpa": "-"
    },
    "21480069": {
        "engineering_mathematics_iv": "C+",
        "numerical_methods": "-",
        "instrumentation": "-",
        "electronic_circuits": "-",
        "microprocessors": "-",
        "electrical_machines": "-",
        "sgpa": "-"
    },
    "21480071": {
        "engineering_mathematics_iv": "C-",
        "numerical_methods": "-",
        "instrumentation": "-",
        "electronic_circuits": "-",
        "microprocessors": "-",
        "electrical_machines": "F",
        "sgpa": "-"
    },
    "21480073": {
        "engineering_mathematics_iv": "-",
        "numerical_methods": "B-",
        "instrumentation": "-",
        "electronic_circuits": "-",
        "microprocessors": "-",
        "electrical_machines": "-",
        "sgpa": "-"
    },
    "21480074": {
        "engineering_mathematics_iv": "-",
        "numerical_methods": "-",
        "instrumentation": "-",
        "electronic_circuits": "-",
        "microprocessors": "-",
        "electrical_machines": "F",
        "sgpa": "-"
    },
    "21480075": {
        "engineering_mathematics_iv": "C",
        "numerical_methods": "-",
        "instrumentation": "-",
        "electronic_circuits": "-",
        "microprocessors": "-",
        "electrical_machines": "F",
        "sgpa": "-"
    },
    "21480076": {
        "engineering_mathematics_iv": "C-",
        "numerical_methods": "-",
        "instrumentation": "-",
        "electronic_circuits": "-",
        "microprocessors": "-",
        "electrical_machines": "F",
        "sgpa": "-"
    },
    "21480080": {
        "engineering_mathematics_iv": "C-",
        "numerical_methods": "-",
        "instrumentation": "-",
        "electronic_circuits": "Abs",
        "microprocessors": "-",
        "electrical_machines": "-",
        "sgpa": "-"
    },
    "21480081": {
        "engineering_mathematics_iv": "C",
        "numerical_methods": "-",
        "instrumentation": "-",
        "electronic_circuits": "-",
        "microprocessors": "-",
        "electrical_machines": "F",
        "sgpa": "-"
    },
    "21480085": {
        "engineering_mathematics_iv": "-",
        "numerical_methods": "-",
        "instrumentation": "-",
        "electronic_circuits": "F",
        "microprocessors": "-",
        "electrical_machines": "-",
        "sgpa": "-"
    },
    "21480089": {
        "engineering_mathematics_iv": "-",
        "numerical_methods": "-",
        "instrumentation": "-",
        "electronic_circuits": "F",
        "microprocessors": "C",
        "electrical_machines": "F",
        "sgpa": "-"
    },
    "21480092": {
        "engineering_mathematics_iv": "F",
        "numerical_methods": "-",
        "instrumentation": "-",
        "electronic_circuits": "F",
        "microprocessors": "-",
        "electrical_machines": "-",
        "sgpa": "-"
    },
    "21480097": {
        "engineering_mathematics_iv": "F",
        "numerical_methods": "-",
        "instrumentation": "-",
        "electronic_circuits": "-",
        "microprocessors": "-",
        "electrical_machines": "-",
        "sgpa": "-"
    },
    "21480099": {
        "engineering_mathematics_iv": "F",
        "numerical_methods": "-",
        "instrumentation": "-",
        "electronic_circuits": "-",
        "microprocessors": "-",
        "electrical_machines": "-",
        "sgpa": "-"
    },
    "21480101": {
        "engineering_mathematics_iv": "-",
        "numerical_methods": "-",
        "instrumentation": "Abs",
        "electronic_circuits": "Abs",
        "microprocessors": "-",
        "electrical_machines": "-",
        "sgpa": "-"
    },
    "21480102": {
        "engineering_mathematics_iv": "-",
        "numerical_methods": "-",
        "instrumentation": "F",
        "electronic_circuits": "F",
        "microprocessors": "-",
        "electrical_machines": "F",
        "sgpa": "-"
    },
    "21480103": {
        "engineering_mathematics_iv": "Abs",
        "numerical_methods": "-",
        "instrumentation": "-",
        "electronic_circuits": "-",
        "microprocessors": "-",
        "electrical_machines": "-",
        "sgpa": "-"
    },
    "21480107": {
        "engineering_mathematics_iv": "F",
        "numerical_methods": "C+",
        "instrumentation": "-",
        "electronic_circuits": "F",
        "microprocessors": "-",
        "electrical_machines": "-",
        "sgpa": "-"
    },
    "21480112": {
        "engineering_mathematics_iv": "-",
        "numerical_methods": "-",
        "instrumentation": "C+",
        "electronic_circuits": "-",
        "microprocessors": "Abs",
        "electrical_machines": "Abs",
        "sgpa": "-"
    },
    "21480114": {
        "engineering_mathematics_iv": "-",
        "numerical_methods": "-",
        "instrumentation": "-",
        "electronic_circuits": "F",
        "microprocessors": "-",
        "electrical_machines": "-",
        "sgpa": "-"
    },
    "21480119": {
        "engineering_mathematics_iv": "-",
        "numerical_methods": "-",
        "instrumentation": "-",
        "electronic_circuits": "F",
        "microprocessors": "-",
        "electrical_machines": "-",
        "sgpa": "-"
    },
    "21480120": {
        "engineering_mathematics_iv": "-",
        "numerical_methods": "F",
        "instrumentation": "-",
        "electronic_circuits": "-",
        "microprocessors": "-",
        "electrical_machines": "-",
        "sgpa": "-"
    },
    "21480123": {
        "engineering_mathematics_iv": "-",
        "numerical_methods": "-",
        "instrumentation": "-",
        "electronic_circuits": "F",
        "microprocessors": "-",
        "electrical_machines": "-",
        "sgpa": "-"
    },
    "21480125": {
        "engineering_mathematics_iv": "Abs",
        "numerical_methods": "-",
        "instrumentation": "-",
        "electronic_circuits": "F",
        "microprocessors": "-",
        "electrical_machines": "-",
        "sgpa": "-"
    },
    "21480133": {
        "engineering_mathematics_iv": "-",
        "numerical_methods": "-",
        "instrumentation": "-",
        "electronic_circuits": "F",
        "microprocessors": "-",
        "electrical_machines": "-",
        "sgpa": "-"
    },
    "21485001": {
        "engineering_mathematics_iv": "CNR",
        "numerical_methods": "F",
        "instrumentation": "F",
        "electronic_circuits": "Abs",
        "microprocessors": "F",
        "electrical_machines": "Abs",
        "sgpa": "-"
    },
    "21485002": {
        "engineering_mathematics_iv": "CNR",
        "numerical_methods": "C-",
        "instrumentation": "C-",
        "electronic_circuits": "F",
        "microprocessors": "F",
        "electrical_machines": "F",
        "sgpa": "-"
    },
    "21485003": {
        "engineering_mathematics_iv": "F",
        "numerical_methods": "F",
        "instrumentation": "F",
        "electronic_circuits": "F",
        "microprocessors": "F",
        "electrical_machines": "Abs",
        "sgpa": "-"
    },
    "21485005": {
        "engineering_mathematics_iv": "B",
        "numerical_methods": "F",
        "instrumentation": "C+",
        "electronic_circuits": "F",
        "microprocessors": "D+",
        "electrical_machines": "F",
        "sgpa": "-"
    },
    "21485006": {
        "engineering_mathematics_iv": "C+",
        "numerical_methods": "C",
        "instrumentation": "C+",
        "electronic_circuits": "C",
        "microprocessors": "F",
        "electrical_machines": "F",
        "sgpa": "-"
    },
    "21485008": {
        "engineering_mathematics_iv": "A",
        "numerical_methods": "A",
        "instrumentation": "A-",
        "electronic_circuits": "A-",
        "microprocessors": "B+",
        "electrical_machines": "A",
        "sgpa": "3.78"
    },
    "21485010": {
        "engineering_mathematics_iv": "F",
        "numerical_methods": "C+",
        "instrumentation": "C-",
        "electronic_circuits": "F",
        "microprocessors": "F",
        "electrical_machines": "F",
        "sgpa": "-"
    },
    "21485011": {
        "engineering_mathematics_iv": "F",
        "numerical_methods": "F",
        "instrumentation": "C+",
        "electronic_circuits": "F",
        "microprocessors": "F",
        "electrical_machines": "F",
        "sgpa": "-"
    },
    "21485012": {
        "engineering_mathematics_iv": "A-",
        "numerical_methods": "B",
        "instrumentation": "A-",
        "electronic_circuits": "B-",
        "microprocessors": "B",
        "electrical_machines": "B+",
        "sgpa": "3.23"
    },
    "21485013": {
        "engineering_mathematics_iv": "B-",
        "numerical_methods": "C",
        "instrumentation": "C+",
        "electronic_circuits": "F",
        "microprocessors": "F",
        "electrical_machines": "F",
        "sgpa": "-"
    },
    "21485014": {
        "engineering_mathematics_iv": "CNR",
        "numerical_methods": "C-",
        "instrumentation": "C",
        "electronic_circuits": "F",
        "microprocessors": "F",
        "electrical_machines": "F",
        "sgpa": "-"
    },
    "21485015": {
        "engineering_mathematics_iv": "B-",
        "numerical_methods": "C+",
        "instrumentation": "C+",
        "electronic_circuits": "F",
        "microprocessors": "D+",
        "electrical_machines": "F",
        "sgpa": "-"
    },
    "21485016": {
        "engineering_mathematics_iv": "B",
        "numerical_methods": "B",
        "instrumentation": "A-",
        "electronic_circuits": "B+",
        "microprocessors": "B",
        "electrical_machines": "A",
        "sgpa": "3.33"
    },
    "21485017": {
        "engineering_mathematics_iv": "B",
        "numerical_methods": "C+",
        "instrumentation": "B",
        "electronic_circuits": "C",
        "microprocessors": "F",
        "electrical_machines": "F",
        "sgpa": "-"
    },
    "21485018": {
        "engineering_mathematics_iv": "B-",
        "numerical_methods": "B-",
        "instrumentation": "B+",
        "electronic_circuits": "C",
        "microprocessors": "F",
        "electrical_machines": "C+",
        "sgpa": "-"
    },
    "21485019": {
        "engineering_mathematics_iv": "CNR",
        "numerical_methods": "F",
        "instrumentation": "F",
        "electronic_circuits": "F",
        "microprocessors": "F",
        "electrical_machines": "Abs",
        "sgpa": "-"
    },
    "21485020": {
        "engineering_mathematics_iv": "B",
        "numerical_methods": "C+",
        "instrumentation": "A-",
        "electronic_circuits": "C+",
        "microprocessors": "C+",
        "electrical_machines": "B-",
        "sgpa": "2.72"
    },
    "21485021": {
        "engineering_mathematics_iv": "B",
        "numerical_methods": "C-",
        "instrumentation": "C+",
        "electronic_circuits": "F",
        "microprocessors": "C",
        "electrical_machines": "C",
        "sgpa": "-"
    },
    "21485022": {
        "engineering_mathematics_iv": "B",
        "numerical_methods": "B-",
        "instrumentation": "A-",
        "electronic_circuits": "F",
        "microprocessors": "F",
        "electrical_machines": "B-",
        "sgpa": "-"
    },
    "21485023": {
        "engineering_mathematics_iv": "B-",
        "numerical_methods": "D",
        "instrumentation": "C+",
        "electronic_circuits": "F",
        "microprocessors": "D+",
        "electrical_machines": "F",
        "sgpa": "-"
    },
    "21485024": {
        "engineering_mathematics_iv": "F",
        "numerical_methods": "C",
        "instrumentation": "C+",
        "electronic_circuits": "F",
        "microprocessors": "F",
        "electrical_machines": "F",
        "sgpa": "-"
    },
    "21485025": {
        "engineering_mathematics_iv": "A",
        "numerical_methods": "C-",
        "instrumentation": "C+",
        "electronic_circuits": "B-",
        "microprocessors": "C",
        "electrical_machines": "A",
        "sgpa": "2.78"
    },
    "21485026": {
        "engineering_mathematics_iv": "B+",
        "numerical_methods": "B",
        "instrumentation": "B+",
        "electronic_circuits": "C",
        "microprocessors": "B-",
        "electrical_machines": "C",
        "sgpa": "2.72"
    },
    "21485027": {
        "engineering_mathematics_iv": "Abs",
        "numerical_methods": "F",
        "instrumentation": "F",
        "electronic_circuits": "Abs",
        "microprocessors": "F",
        "electrical_machines": "Abs",
        "sgpa": "-"
    },
    "21485028": {
        "engineering_mathematics_iv": "B+",
        "numerical_methods": "B-",
        "instrumentation": "B",
        "electronic_circuits": "C",
        "microprocessors": "C+",
        "electrical_machines": "C",
        "sgpa": "2.55"
    },
    "21485029": {
        "engineering_mathematics_iv": "CNR",
        "numerical_methods": "NQ",
        "instrumentation": "NQ",
        "electronic_circuits": "NQ",
        "microprocessors": "NQ",
        "electrical_machines": "NQ",
        "sgpa": "-"
    },
    "21485030": {
        "engineering_mathematics_iv": "C",
        "numerical_methods": "B-",
        "instrumentation": "C+",
        "electronic_circuits": "F",
        "microprocessors": "F",
        "electrical_machines": "F",
        "sgpa": "-"
    },
    "21485031": {
        "engineering_mathematics_iv": "B+",
        "numerical_methods": "B",
        "instrumentation": "A-",
        "electronic_circuits": "F",
        "microprocessors": "B-",
        "electrical_machines": "C+",
        "sgpa": "-"
    },
    "21485032": {
        "engineering_mathematics_iv": "A-",
        "numerical_methods": "B+",
        "instrumentation": "A-",
        "electronic_circuits": "B-",
        "microprocessors": "B",
        "electrical_machines": "B+",
        "sgpa": "3.28"
    },
    "21485033": {
        "engineering_mathematics_iv": "B+",
        "numerical_methods": "F",
        "instrumentation": "B+",
        "electronic_circuits": "F",
        "microprocessors": "F",
        "electrical_machines": "F",
        "sgpa": "-"
    },
    "21485034": {
        "engineering_mathematics_iv": "B",
        "numerical_methods": "B+",
        "instrumentation": "A-",
        "electronic_circuits": "F",
        "microprocessors": "B-",
        "electrical_machines": "A-",
        "sgpa": "-"
    },
    "21485038": {
        "engineering_mathematics_iv": "B+",
        "numerical_methods": "B+",
        "instrumentation": "A-",
        "electronic_circuits": "B-",
        "microprocessors": "B",
        "electrical_machines": "F",
        "sgpa": "-"
    },
    "21485039": {
        "engineering_mathematics_iv": "A",
        "numerical_methods": "A",
        "instrumentation": "A",
        "electronic_circuits": "B+",
        "microprocessors": "A",
        "electrical_machines": "A-",
        "sgpa": "3.83"
    },
    "21485040": {
        "engineering_mathematics_iv": "C",
        "numerical_methods": "C",
        "instrumentation": "B",
        "electronic_circuits": "F",
        "microprocessors": "B-",
        "electrical_machines": "F",
        "sgpa": "-"
    },
    "21485042": {
        "engineering_mathematics_iv": "B",
        "numerical_methods": "A-",
        "instrumentation": "B+",
        "electronic_circuits": "C",
        "microprocessors": "A-",
        "electrical_machines": "B-",
        "sgpa": "3.07"
    },
    "21485043": {
        "engineering_mathematics_iv": "CNR",
        "numerical_methods": "F",
        "instrumentation": "F",
        "electronic_circuits": "F",
        "microprocessors": "F",
        "electrical_machines": "F",
        "sgpa": "-"
    },
    "21485044": {
        "engineering_mathematics_iv": "A",
        "numerical_methods": "A",
        "instrumentation": "A-",
        "electronic_circuits": "B+",
        "microprocessors": "A-",
        "electrical_machines": "A",
        "sgpa": "3.78"
    },
    "21485045": {
        "engineering_mathematics_iv": "A",
        "numerical_methods": "A-",
        "instrumentation": "B+",
        "electronic_circuits": "B",
        "microprocessors": "A",
        "electrical_machines": "A",
        "sgpa": "3.67"
    },
    "21485046": {
        "engineering_mathematics_iv": "Abs",
        "numerical_methods": "Abs",
        "instrumentation": "Abs",
        "electronic_circuits": "Abs",
        "microprocessors": "F",
        "electrical_machines": "Abs",
        "sgpa": "-"
    },
    "21485047": {
        "engineering_mathematics_iv": "A",
        "numerical_methods": "A-",
        "instrumentation": "B-",
        "electronic_circuits": "C",
        "microprocessors": "B+",
        "electrical_machines": "B",
        "sgpa": "3.12"
    },
    "21485048": {
        "engineering_mathematics_iv": "C+",
        "numerical_methods": "C+",
        "instrumentation": "F",
        "electronic_circuits": "F",
        "microprocessors": "F",
        "electrical_machines": "F",
        "sgpa": "-"
    },
    "21485049": {
        "engineering_mathematics_iv": "CNR",
        "numerical_methods": "F",
        "instrumentation": "C+",
        "electronic_circuits": "F",
        "microprocessors": "F",
        "electrical_machines": "F",
        "sgpa": "-"
    },
    "21485050": {
        "engineering_mathematics_iv": "CNR",
        "numerical_methods": "B",
        "instrumentation": "B-",
        "electronic_circuits": "F",
        "microprocessors": "B+",
        "electrical_machines": "F",
        "sgpa": "-"
    },
    "21485052": {
        "engineering_mathematics_iv": "A",
        "numerical_methods": "A",
        "instrumentation": "A",
        "electronic_circuits": "A",
        "microprocessors": "A-",
        "electrical_machines": "B",
        "sgpa": "3.78"
    },
    "21485053": {
        "engineering_mathematics_iv": "CNR",
        "numerical_methods": "B+",
        "instrumentation": "B-",
        "electronic_circuits": "F",
        "microprocessors": "C+",
        "electrical_machines": "C+",
        "sgpa": "-"
    },
    "21485054": {
        "engineering_mathematics_iv": "F",
        "numerical_methods": "B-",
        "instrumentation": "C+",
        "electronic_circuits": "F",
        "microprocessors": "F",
        "electrical_machines": "F",
        "sgpa": "-"
    },
    "21485055": {
        "engineering_mathematics_iv": "C",
        "numerical_methods": "C+",
        "instrumentation": "C+",
        "electronic_circuits": "F",
        "microprocessors": "B-",
        "electrical_machines": "F",
        "sgpa": "-"
    },
    "21485058": {
        "engineering_mathematics_iv": "C+",
        "numerical_methods": "A-",
        "instrumentation": "B",
        "electronic_circuits": "B-",
        "microprocessors": "C+",
        "electrical_machines": "B",
        "sgpa": "2.83"
    },
    "21485059": {
        "engineering_mathematics_iv": "F",
        "numerical_methods": "F",
        "instrumentation": "F",
        "electronic_circuits": "F",
        "microprocessors": "F",
        "electrical_machines": "F",
        "sgpa": "-"
    },
    "21485060": {
        "engineering_mathematics_iv": "A",
        "numerical_methods": "A",
        "instrumentation": "A-",
        "electronic_circuits": "A-",
        "microprocessors": "B+",
        "electrical_machines": "B+",
        "sgpa": "3.67"
    },
    "21485061": {
        "engineering_mathematics_iv": "A",
        "numerical_methods": "A-",
        "instrumentation": "A",
        "electronic_circuits": "A",
        "microprocessors": "A",
        "electrical_machines": "A",
        "sgpa": "3.95"
    },
    "21485063": {
        "engineering_mathematics_iv": "A-",
        "numerical_methods": "A-",
        "instrumentation": "A-",
        "electronic_circuits": "A-",
        "microprocessors": "B-",
        "electrical_machines": "B-",
        "sgpa": "3.37"
    },
    "21485064": {
        "engineering_mathematics_iv": "B",
        "numerical_methods": "B",
        "instrumentation": "C+",
        "electronic_circuits": "F",
        "microprocessors": "F",
        "electrical_machines": "F",
        "sgpa": "-"
    },
    "21485065": {
        "engineering_mathematics_iv": "A-",
        "numerical_methods": "A",
        "instrumentation": "A-",
        "electronic_circuits": "A-",
        "microprocessors": "A",
        "electrical_machines": "B-",
        "sgpa": "3.63"
    },
    "21485069": {
        "engineering_mathematics_iv": "C",
        "numerical_methods": "B-",
        "instrumentation": "B",
        "electronic_circuits": "F",
        "microprocessors": "B+",
        "electrical_machines": "F",
        "sgpa": "-"
    },
    "21485070": {
        "engineering_mathematics_iv": "A",
        "numerical_methods": "B+",
        "instrumentation": "A-",
        "electronic_circuits": "B+",
        "microprocessors": "B-",
        "electrical_machines": "B",
        "sgpa": "3.33"
    },
    "21485071": {
        "engineering_mathematics_iv": "A",
        "numerical_methods": "B-",
        "instrumentation": "A-",
        "electronic_circuits": "B",
        "microprocessors": "A-",
        "electrical_machines": "C+",
        "sgpa": "3.23"
    },
    "21485072": {
        "engineering_mathematics_iv": "CNR",
        "numerical_methods": "F",
        "instrumentation": "F",
        "electronic_circuits": "F",
        "microprocessors": "F",
        "electrical_machines": "F",
        "sgpa": "-"
    },
    "21485073": {
        "engineering_mathematics_iv": "C",
        "numerical_methods": "B-",
        "instrumentation": "F",
        "electronic_circuits": "F",
        "microprocessors": "C",
        "electrical_machines": "F",
        "sgpa": "-"
    },
    "21485074": {
        "engineering_mathematics_iv": "B-",
        "numerical_methods": "B-",
        "instrumentation": "A-",
        "electronic_circuits": "C",
        "microprocessors": "B",
        "electrical_machines": "C+",
        "sgpa": "2.73"
    },
    "21485075": {
        "engineering_mathematics_iv": "A",
        "numerical_methods": "A-",
        "instrumentation": "A",
        "electronic_circuits": "B-",
        "microprocessors": "A",
        "electrical_machines": "B+",
        "sgpa": "3.62"
    },
    "21485076": {
        "engineering_mathematics_iv": "A",
        "numerical_methods": "A-",
        "instrumentation": "B-",
        "electronic_circuits": "F",
        "microprocessors": "B",
        "electrical_machines": "F",
        "sgpa": "-"
    },
    "21485077": {
        "engineering_mathematics_iv": "C",
        "numerical_methods": "B-",
        "instrumentation": "C+",
        "electronic_circuits": "F",
        "microprocessors": "F",
        "electrical_machines": "F",
        "sgpa": "-"
    },
    "21485078": {
        "engineering_mathematics_iv": "A-",
        "numerical_methods": "F",
        "instrumentation": "F",
        "electronic_circuits": "F",
        "microprocessors": "F",
        "electrical_machines": "Abs",
        "sgpa": "-"
    },
    "21485079": {
        "engineering_mathematics_iv": "A",
        "numerical_methods": "B+",
        "instrumentation": "A-",
        "electronic_circuits": "C+",
        "microprocessors": "A",
        "electrical_machines": "B-",
        "sgpa": "3.33"
    },
    "21485080": {
        "engineering_mathematics_iv": "F",
        "numerical_methods": "A-",
        "instrumentation": "A-",
        "electronic_circuits": "B-",
        "microprocessors": "B",
        "electrical_machines": "B+",
        "sgpa": "-"
    },
    "21485082": {
        "engineering_mathematics_iv": "A-",
        "numerical_methods": "F",
        "instrumentation": "F",
        "electronic_circuits": "F",
        "microprocessors": "F",
        "electrical_machines": "F",
        "sgpa": "-"
    },
    "21485083": {
        "engineering_mathematics_iv": "A-",
        "numerical_methods": "A-",
        "instrumentation": "A-",
        "electronic_circuits": "B-",
        "microprocessors": "A-",
        "electrical_machines": "A",
        "sgpa": "3.58"
    },
    "21485084": {
        "engineering_mathematics_iv": "A-",
        "numerical_methods": "A",
        "instrumentation": "B+",
        "electronic_circuits": "F",
        "microprocessors": "B",
        "electrical_machines": "F",
        "sgpa": "-"
    },
    "21485085": {
        "engineering_mathematics_iv": "A",
        "numerical_methods": "A-",
        "instrumentation": "A",
        "electronic_circuits": "F",
        "microprocessors": "B+",
        "electrical_machines": "A",
        "sgpa": "-"
    },
    "21485087": {
        "engineering_mathematics_iv": "F",
        "numerical_methods": "A-",
        "instrumentation": "B",
        "electronic_circuits": "F",
        "microprocessors": "B-",
        "electrical_machines": "F",
        "sgpa": "-"
    },
    "21485088": {
        "engineering_mathematics_iv": "F",
        "numerical_methods": "F",
        "instrumentation": "F",
        "electronic_circuits": "F",
        "microprocessors": "C+",
        "electrical_machines": "F",
        "sgpa": "-"
    },
    "21485089": {
        "engineering_mathematics_iv": "B",
        "numerical_methods": "B",
        "instrumentation": "C+",
        "electronic_circuits": "F",
        "microprocessors": "C+",
        "electrical_machines": "F",
        "sgpa": "-"
    },
    "21485091": {
        "engineering_mathematics_iv": "A",
        "numerical_methods": "A-",
        "instrumentation": "A",
        "electronic_circuits": "B",
        "microprocessors": "B+",
        "electrical_machines": "B",
        "sgpa": "3.50"
    },
    "21485092": {
        "engineering_mathematics_iv": "A",
        "numerical_methods": "A",
        "instrumentation": "A-",
        "electronic_circuits": "C+",
        "microprocessors": "A-",
        "electrical_machines": "B-",
        "sgpa": "3.40"
    },
    "21485094": {
        "engineering_mathematics_iv": "CNR",
        "numerical_methods": "F",
        "instrumentation": "C+",
        "electronic_circuits": "F",
        "microprocessors": "F",
        "electrical_machines": "F",
        "sgpa": "-"
    },
    "21485096": {
        "engineering_mathematics_iv": "CNR",
        "numerical_methods": "F",
        "instrumentation": "C",
        "electronic_circuits": "C-",
        "microprocessors": "F",
        "electrical_machines": "C",
        "sgpa": "-"
    },
    "21485097": {
        "engineering_mathematics_iv": "B",
        "numerical_methods": "B-",
        "instrumentation": "B-",
        "electronic_circuits": "F",
        "microprocessors": "B-",
        "electrical_machines": "F",
        "sgpa": "-"
    },
    "21485098": {
        "engineering_mathematics_iv": "CNR",
        "numerical_methods": "F",
        "instrumentation": "F",
        "electronic_circuits": "F",
        "microprocessors": "F",
        "electrical_machines": "F",
        "sgpa": "-"
    },
    "21485099": {
        "engineering_mathematics_iv": "B",
        "numerical_methods": "B",
        "instrumentation": "A-",
        "electronic_circuits": "C",
        "microprocessors": "A-",
        "electrical_machines": "B-",
        "sgpa": "3.02"
    },
    "21485101": {
        "engineering_mathematics_iv": "C-",
        "numerical_methods": "B-",
        "instrumentation": "B-",
        "electronic_circuits": "F",
        "microprocessors": "C+",
        "electrical_machines": "F",
        "sgpa": "-"
    },
    "21485105": {
        "engineering_mathematics_iv": "B-",
        "numerical_methods": "B+",
        "instrumentation": "B+",
        "electronic_circuits": "F",
        "microprocessors": "A",
        "electrical_machines": "F",
        "sgpa": "-"
    }
}