{
    "nan": {
        "calculus_ii": "-",
        "digital_logic": "-",
        "electrical_machine_i": "-",
        "electromagnetic_fields_and_waves": "-",
        "electronic_cicuits": "-",
        "instrumentation": "-",
        "sgpa": "-"
    },
    "22480001": {
        "calculus_ii": "B+",
        "digital_logic": "C+",
        "electrical_machine_i": "C+",
        "electromagnetic_fields_and_waves": "B-",
        "electronic_cicuits": "C+",
        "instrumentation": "F",
        "sgpa": "-"
    },
    "22480002": {
        "calculus_ii": "C-",
        "digital_logic": "F",
        "electrical_machine_i": "F",
        "electromagnetic_fields_and_waves": "C-",
        "electronic_cicuits": "F",
        "instrumentation": "F",
        "sgpa": "-"
    },
    "22480003": {
        "calculus_ii": "B",
        "digital_logic": "B",
        "electrical_machine_i": "C+",
        "electromagnetic_fields_and_waves": "A-",
        "electronic_cicuits": "A-",
        "instrumentation": "B-",
        "sgpa": "3.07"
    },
    "22480004": {
        "calculus_ii": "F",
        "digital_logic": "F",
        "electrical_machine_i": "F",
        "electromagnetic_fields_and_waves": "F",
        "electronic_cicuits": "F",
        "instrumentation": "F",
        "sgpa": "-"
    },
    "22480005": {
        "calculus_ii": "C+",
        "digital_logic": "F",
        "electrical_machine_i": "C+",
        "electromagnetic_fields_and_waves": "B+",
        "electronic_cicuits": "B+",
        "instrumentation": "F",
        "sgpa": "-"
    },
    "22480006": {
        "calculus_ii": "F",
        "digital_logic": "F",
        "electrical_machine_i": "F",
        "electromagnetic_fields_and_waves": "F",
        "electronic_cicuits": "F",
        "instrumentation": "F",
        "sgpa": "-"
    },
    "22480007": {
        "calculus_ii": "A",
        "digital_logic": "F",
        "electrical_machine_i": "B-",
        "electromagnetic_fields_and_waves": "B+",
        "electronic_cicuits": "B",
        "instrumentation": "B-",
        "sgpa": "-"
    },
    "22480008": {
        "calculus_ii": "F",
        "digital_logic": "F",
        "electrical_machine_i": "F",
        "electromagnetic_fields_and_waves": "C-",
        "electronic_cicuits": "F",
        "instrumentation": "F",
        "sgpa": "-"
    },
    "22480009": {
        "calculus_ii": "B-",
        "digital_logic": "A",
        "electrical_machine_i": "B",
        "electromagnetic_fields_and_waves": "C+",
        "electronic_cicuits": "B",
        "instrumentation": "B-",
        "sgpa": "2.95"
    },
    "22480010": {
        "calculus_ii": "C+",
        "digital_logic": "F",
        "electrical_machine_i": "C+",
        "electromagnetic_fields_and_waves": "B-",
        "electronic_cicuits": "C+",
        "instrumentation": "F",
        "sgpa": "-"
    },
    "22480011": {
        "calculus_ii": "A",
        "digital_logic": "B",
        "electrical_machine_i": "B-",
        "electromagnetic_fields_and_waves": "B+",
        "electronic_cicuits": "C",
        "instrumentation": "F",
        "sgpa": "-"
    },
    "22480013": {
        "calculus_ii": "F",
        "digital_logic": "F",
        "electrical_machine_i": "F",
        "electromagnetic_fields_and_waves": "F",
        "electronic_cicuits": "F",
        "instrumentation": "F",
        "sgpa": "-"
    },
    "22480014": {
        "calculus_ii": "F",
        "digital_logic": "F",
        "electrical_machine_i": "F",
        "electromagnetic_fields_and_waves": "F",
        "electronic_cicuits": "F",
        "instrumentation": "F",
        "sgpa": "-"
    },
    "22480015": {
        "calculus_ii": "F",
        "digital_logic": "F",
        "electrical_machine_i": "F",
        "electromagnetic_fields_and_waves": "F",
        "electronic_cicuits": "F",
        "instrumentation": "F",
        "sgpa": "-"
    },
    "22480016": {
        "calculus_ii": "F",
        "digital_logic": "F",
        "electrical_machine_i": "F",
        "electromagnetic_fields_and_waves": "F",
        "electronic_cicuits": "F",
        "instrumentation": "F",
        "sgpa": "-"
    },
    "22480017": {
        "calculus_ii": "F",
        "digital_logic": "F",
        "electrical_machine_i": "B",
        "electromagnetic_fields_and_waves": "F",
        "electronic_cicuits": "C",
        "instrumentation": "B-",
        "sgpa": "-"
    },
    "22480018": {
        "calculus_ii": "F",
        "digital_logic": "F",
        "electrical_machine_i": "F",
        "electromagnetic_fields_and_waves": "F",
        "electronic_cicuits": "F",
        "instrumentation": "F",
        "sgpa": "-"
    },
    "22480019": {
        "calculus_ii": "C+",
        "digital_logic": "B-",
        "electrical_machine_i": "C",
        "electromagnetic_fields_and_waves": "F",
        "electronic_cicuits": "B-",
        "instrumentation": "A-",
        "sgpa": "-"
    },
    "22480021": {
        "calculus_ii": "A-",
        "digital_logic": "A",
        "electrical_machine_i": "A",
        "electromagnetic_fields_and_waves": "A-",
        "electronic_cicuits": "B",
        "instrumentation": "A",
        "sgpa": "3.73"
    },
    "22480022": {
        "calculus_ii": "F",
        "digital_logic": "F",
        "electrical_machine_i": "F",
        "electromagnetic_fields_and_waves": "F",
        "electronic_cicuits": "F",
        "instrumentation": "F",
        "sgpa": "-"
    },
    "22480023": {
        "calculus_ii": "F",
        "digital_logic": "C",
        "electrical_machine_i": "F",
        "electromagnetic_fields_and_waves": "B",
        "electronic_cicuits": "B-",
        "instrumentation": "A-",
        "sgpa": "-"
    },
    "22480024": {
        "calculus_ii": "F",
        "digital_logic": "F",
        "electrical_machine_i": "Withheld",
        "electromagnetic_fields_and_waves": "F",
        "electronic_cicuits": "F",
        "instrumentation": "F",
        "sgpa": "-"
    },
    "22480026": {
        "calculus_ii": "B+",
        "digital_logic": "A-",
        "electrical_machine_i": "C",
        "electromagnetic_fields_and_waves": "C",
        "electronic_cicuits": "B",
        "instrumentation": "A",
        "sgpa": "3.00"
    },
    "22480027": {
        "calculus_ii": "B-",
        "digital_logic": "B+",
        "electrical_machine_i": "C",
        "electromagnetic_fields_and_waves": "C",
        "electronic_cicuits": "B+",
        "instrumentation": "A",
        "sgpa": "2.88"
    },
    "22480028": {
        "calculus_ii": "F",
        "digital_logic": "F",
        "electrical_machine_i": "F",
        "electromagnetic_fields_and_waves": "F",
        "electronic_cicuits": "F",
        "instrumentation": "F",
        "sgpa": "-"
    },
    "22480029": {
        "calculus_ii": "F",
        "digital_logic": "F",
        "electrical_machine_i": "Withheld",
        "electromagnetic_fields_and_waves": "F",
        "electronic_cicuits": "F",
        "instrumentation": "F",
        "sgpa": "-"
    },
    "22480030": {
        "calculus_ii": "C",
        "digital_logic": "C+",
        "electrical_machine_i": "F",
        "electromagnetic_fields_and_waves": "C",
        "electronic_cicuits": "B-",
        "instrumentation": "B+",
        "sgpa": "-"
    },
    "22480031": {
        "calculus_ii": "C",
        "digital_logic": "C+",
        "electrical_machine_i": "B-",
        "electromagnetic_fields_and_waves": "C",
        "electronic_cicuits": "C+",
        "instrumentation": "A-",
        "sgpa": "2.50"
    },
    "22480033": {
        "calculus_ii": "A-",
        "digital_logic": "A",
        "electrical_machine_i": "A",
        "electromagnetic_fields_and_waves": "A",
        "electronic_cicuits": "A",
        "instrumentation": "A",
        "sgpa": "3.95"
    },
    "22480035": {
        "calculus_ii": "Abs",
        "digital_logic": "F",
        "electrical_machine_i": "F",
        "electromagnetic_fields_and_waves": "F",
        "electronic_cicuits": "F",
        "instrumentation": "F",
        "sgpa": "-"
    },
    "22480036": {
        "calculus_ii": "F",
        "digital_logic": "F",
        "electrical_machine_i": "F",
        "electromagnetic_fields_and_waves": "F",
        "electronic_cicuits": "F",
        "instrumentation": "F",
        "sgpa": "-"
    },
    "22480037": {
        "calculus_ii": "Abs",
        "digital_logic": "F",
        "electrical_machine_i": "Abs",
        "electromagnetic_fields_and_waves": "Abs",
        "electronic_cicuits": "Abs",
        "instrumentation": "F",
        "sgpa": "-"
    },
    "22480038": {
        "calculus_ii": "C",
        "digital_logic": "C+",
        "electrical_machine_i": "F",
        "electromagnetic_fields_and_waves": "F",
        "electronic_cicuits": "F",
        "instrumentation": "B+",
        "sgpa": "-"
    },
    "22480039": {
        "calculus_ii": "F",
        "digital_logic": "NQ",
        "electrical_machine_i": "F",
        "electromagnetic_fields_and_waves": "F",
        "electronic_cicuits": "F",
        "instrumentation": "F",
        "sgpa": "-"
    },
    "22480041": {
        "calculus_ii": "F",
        "digital_logic": "F",
        "electrical_machine_i": "Withheld",
        "electromagnetic_fields_and_waves": "F",
        "electronic_cicuits": "F",
        "instrumentation": "F",
        "sgpa": "-"
    },
    "22480042": {
        "calculus_ii": "Abs",
        "digital_logic": "Abs",
        "electrical_machine_i": "F",
        "electromagnetic_fields_and_waves": "Abs",
        "electronic_cicuits": "F",
        "instrumentation": "Abs",
        "sgpa": "-"
    },
    "22480044": {
        "calculus_ii": "C-",
        "digital_logic": "F",
        "electrical_machine_i": "F",
        "electromagnetic_fields_and_waves": "F",
        "electronic_cicuits": "F",
        "instrumentation": "F",
        "sgpa": "-"
    },
    "22480045": {
        "calculus_ii": "C+",
        "digital_logic": "F",
        "electrical_machine_i": "F",
        "electromagnetic_fields_and_waves": "F",
        "electronic_cicuits": "F",
        "instrumentation": "F",
        "sgpa": "-"
    },
    "22480046": {
        "calculus_ii": "C",
        "digital_logic": "F",
        "electrical_machine_i": "C+",
        "electromagnetic_fields_and_waves": "C+",
        "electronic_cicuits": "Abs",
        "instrumentation": "F",
        "sgpa": "-"
    },
    "22480047": {
        "calculus_ii": "Abs",
        "digital_logic": "Abs",
        "electrical_machine_i": "F",
        "electromagnetic_fields_and_waves": "Abs",
        "electronic_cicuits": "Abs",
        "instrumentation": "F",
        "sgpa": "-"
    },
    "22480048": {
        "calculus_ii": "B-",
        "digital_logic": "F",
        "electrical_machine_i": "A-",
        "electromagnetic_fields_and_waves": "B-",
        "electronic_cicuits": "F",
        "instrumentation": "C+",
        "sgpa": "-"
    },
    "22480049": {
        "calculus_ii": "C",
        "digital_logic": "F",
        "electrical_machine_i": "C+",
        "electromagnetic_fields_and_waves": "B-",
        "electronic_cicuits": "C+",
        "instrumentation": "F",
        "sgpa": "-"
    },
    "22480050": {
        "calculus_ii": "C+",
        "digital_logic": "F",
        "electrical_machine_i": "B",
        "electromagnetic_fields_and_waves": "C+",
        "electronic_cicuits": "F",
        "instrumentation": "F",
        "sgpa": "-"
    },
    "22480051": {
        "calculus_ii": "F",
        "digital_logic": "F",
        "electrical_machine_i": "C+",
        "electromagnetic_fields_and_waves": "Abs",
        "electronic_cicuits": "Abs",
        "instrumentation": "F",
        "sgpa": "-"
    },
    "22480052": {
        "calculus_ii": "F",
        "digital_logic": "F",
        "electrical_machine_i": "F",
        "electromagnetic_fields_and_waves": "C+",
        "electronic_cicuits": "C+",
        "instrumentation": "F",
        "sgpa": "-"
    },
    "22480053": {
        "calculus_ii": "F",
        "digital_logic": "F",
        "electrical_machine_i": "F",
        "electromagnetic_fields_and_waves": "F",
        "electronic_cicuits": "F",
        "instrumentation": "F",
        "sgpa": "-"
    },
    "22480054": {
        "calculus_ii": "B+",
        "digital_logic": "A",
        "electrical_machine_i": "B",
        "electromagnetic_fields_and_waves": "A-",
        "electronic_cicuits": "A-",
        "instrumentation": "B",
        "sgpa": "3.45"
    },
    "22480055": {
        "calculus_ii": "B",
        "digital_logic": "C+",
        "electrical_machine_i": "C+",
        "electromagnetic_fields_and_waves": "C",
        "electronic_cicuits": "B-",
        "instrumentation": "C",
        "sgpa": "2.38"
    },
    "22480056": {
        "calculus_ii": "F",
        "digital_logic": "F",
        "electrical_machine_i": "F",
        "electromagnetic_fields_and_waves": "Abs",
        "electronic_cicuits": "F",
        "instrumentation": "F",
        "sgpa": "-"
    },
    "22480057": {
        "calculus_ii": "F",
        "digital_logic": "F",
        "electrical_machine_i": "F",
        "electromagnetic_fields_and_waves": "F",
        "electronic_cicuits": "F",
        "instrumentation": "F",
        "sgpa": "-"
    },
    "22480058": {
        "calculus_ii": "NQ",
        "digital_logic": "F",
        "electrical_machine_i": "F",
        "electromagnetic_fields_and_waves": "Abs",
        "electronic_cicuits": "Abs",
        "instrumentation": "F",
        "sgpa": "-"
    },
    "22480059": {
        "calculus_ii": "F",
        "digital_logic": "F",
        "electrical_machine_i": "F",
        "electromagnetic_fields_and_waves": "F",
        "electronic_cicuits": "F",
        "instrumentation": "F",
        "sgpa": "-"
    },
    "22480060": {
        "calculus_ii": "F",
        "digital_logic": "F",
        "electrical_machine_i": "F",
        "electromagnetic_fields_and_waves": "Abs",
        "electronic_cicuits": "Abs",
        "instrumentation": "F",
        "sgpa": "-"
    },
    "22480061": {
        "calculus_ii": "C+",
        "digital_logic": "F",
        "electrical_machine_i": "F",
        "electromagnetic_fields_and_waves": "F",
        "electronic_cicuits": "F",
        "instrumentation": "F",
        "sgpa": "-"
    },
    "22480062": {
        "calculus_ii": "F",
        "digital_logic": "F",
        "electrical_machine_i": "F",
        "electromagnetic_fields_and_waves": "F",
        "electronic_cicuits": "F",
        "instrumentation": "F",
        "sgpa": "-"
    },
    "22480063": {
        "calculus_ii": "NQ",
        "digital_logic": "F",
        "electrical_machine_i": "Abs",
        "electromagnetic_fields_and_waves": "F",
        "electronic_cicuits": "Abs",
        "instrumentation": "F",
        "sgpa": "-"
    },
    "22480064": {
        "calculus_ii": "A",
        "digital_logic": "A",
        "electrical_machine_i": "A",
        "electromagnetic_fields_and_waves": "A",
        "electronic_cicuits": "A",
        "instrumentation": "A",
        "sgpa": "4.00"
    },
    "22480065": {
        "calculus_ii": "F",
        "digital_logic": "F",
        "electrical_machine_i": "F",
        "electromagnetic_fields_and_waves": "F",
        "electronic_cicuits": "F",
        "instrumentation": "F",
        "sgpa": "-"
    },
    "22480066": {
        "calculus_ii": "B",
        "digital_logic": "F",
        "electrical_machine_i": "B+",
        "electromagnetic_fields_and_waves": "B-",
        "electronic_cicuits": "C+",
        "instrumentation": "C",
        "sgpa": "-"
    },
    "22480067": {
        "calculus_ii": "C",
        "digital_logic": "C+",
        "electrical_machine_i": "C+",
        "electromagnetic_fields_and_waves": "F",
        "electronic_cicuits": "F",
        "instrumentation": "F",
        "sgpa": "-"
    },
    "22480068": {
        "calculus_ii": "NQ",
        "digital_logic": "F",
        "electrical_machine_i": "F",
        "electromagnetic_fields_and_waves": "F",
        "electronic_cicuits": "F",
        "instrumentation": "F",
        "sgpa": "-"
    },
    "22480069": {
        "calculus_ii": "F",
        "digital_logic": "F",
        "electrical_machine_i": "C",
        "electromagnetic_fields_and_waves": "F",
        "electronic_cicuits": "F",
        "instrumentation": "F",
        "sgpa": "-"
    },
    "22480071": {
        "calculus_ii": "F",
        "digital_logic": "F",
        "electrical_machine_i": "C",
        "electromagnetic_fields_and_waves": "F",
        "electronic_cicuits": "F",
        "instrumentation": "B-",
        "sgpa": "-"
    },
    "22480072": {
        "calculus_ii": "F",
        "digital_logic": "F",
        "electrical_machine_i": "F",
        "electromagnetic_fields_and_waves": "F",
        "electronic_cicuits": "F",
        "instrumentation": "F",
        "sgpa": "-"
    },
    "22480073": {
        "calculus_ii": "F",
        "digital_logic": "F",
        "electrical_machine_i": "F",
        "electromagnetic_fields_and_waves": "F",
        "electronic_cicuits": "F",
        "instrumentation": "F",
        "sgpa": "-"
    },
    "22480074": {
        "calculus_ii": "D+",
        "digital_logic": "C+",
        "electrical_machine_i": "F",
        "electromagnetic_fields_and_waves": "C",
        "electronic_cicuits": "F",
        "instrumentation": "D+",
        "sgpa": "-"
    }
}