{
    "nan": {
        "engineering_economics": "-",
        "transmission_line_design": "-",
        "machine_design": "-",
        "advanced_instrumentation": "-",
        "project_i": "-",
        "micro-hydropower": "-",
        "unnamed:_7": "-",
        "sgpa": "-"
    },
    "19070478": {
        "engineering_economics": "-",
        "transmission_line_design": "-",
        "machine_design": "Abs",
        "advanced_instrumentation": "-",
        "project_i": "-",
        "solar_photovoltaic_technology": "-",
        "unnamed:_7": "-",
        "sgpa": "-"
    },
    "19480120": {
        "engineering_economics": "-",
        "transmission_line_design": "-",
        "machine_design": "F",
        "advanced_instrumentation": "-",
        "project_i": "-",
        "solar_photovoltaic_technology": "-",
        "unnamed:_7": "-",
        "sgpa": "-"
    },
    "19480123": {
        "engineering_economics": "-",
        "transmission_line_design": "C",
        "machine_design": "-",
        "advanced_instrumentation": "-",
        "project_i": "-",
        "solar_photovoltaic_technology": "-",
        "unnamed:_7": "-",
        "sgpa": "-"
    },
    "19480125": {
        "engineering_economics": "B-",
        "transmission_line_design": "B-",
        "machine_design": "-",
        "advanced_instrumentation": "-",
        "project_i": "-",
        "solar_photovoltaic_technology": "-",
        "unnamed:_7": "-",
        "sgpa": "-"
    },
    "19480127": {
        "engineering_economics": "-",
        "transmission_line_design": "Abs",
        "machine_design": "D+",
        "advanced_instrumentation": "-",
        "project_i": "-",
        "solar_photovoltaic_technology": "-",
        "unnamed:_7": "-",
        "sgpa": "-"
    },
    "19480129": {
        "engineering_economics": "-",
        "transmission_line_design": "F",
        "machine_design": "-",
        "advanced_instrumentation": "-",
        "project_i": "-",
        "solar_photovoltaic_technology": "-",
        "unnamed:_7": "-",
        "sgpa": "-"
    },
    "19480130": {
        "engineering_economics": "-",
        "transmission_line_design": "C+",
        "machine_design": "-",
        "advanced_instrumentation": "-",
        "project_i": "-",
        "solar_photovoltaic_technology": "-",
        "unnamed:_7": "-",
        "sgpa": "-"
    },
    "19480131": {
        "engineering_economics": "Abs",
        "transmission_line_design": "-",
        "machine_design": "-",
        "advanced_instrumentation": "-",
        "project_i": "-",
        "solar_photovoltaic_technology": "-",
        "unnamed:_7": "-",
        "sgpa": "-"
    },
    "19480132": {
        "engineering_economics": "-",
        "transmission_line_design": "C-",
        "machine_design": "-",
        "advanced_instrumentation": "-",
        "project_i": "-",
        "solar_photovoltaic_technology": "-",
        "unnamed:_7": "-",
        "sgpa": "-"
    },
    "19480133": {
        "engineering_economics": "-",
        "transmission_line_design": "F",
        "machine_design": "-",
        "advanced_instrumentation": "-",
        "project_i": "-",
        "solar_photovoltaic_technology": "-",
        "unnamed:_7": "-",
        "sgpa": "-"
    },
    "19480134": {
        "engineering_economics": "-",
        "transmission_line_design": "F",
        "machine_design": "-",
        "advanced_instrumentation": "-",
        "project_i": "-",
        "solar_photovoltaic_technology": "-",
        "unnamed:_7": "-",
        "sgpa": "-"
    },
    "20480080": {
        "engineering_economics": "F",
        "transmission_line_design": "F",
        "machine_design": "F",
        "advanced_instrumentation": "Abs",
        "project_i": "A-",
        "solar_photovoltaic_technology": "B-",
        "unnamed:_7": "-",
        "sgpa": "-"
    },
    "20480082": {
        "engineering_economics": "B",
        "transmission_line_design": "F",
        "machine_design": "F",
        "advanced_instrumentation": "F",
        "project_i": "A",
        "solar_photovoltaic_technology": "A-",
        "unnamed:_7": "-",
        "sgpa": "-"
    },
    "20480083": {
        "engineering_economics": "C",
        "transmission_line_design": "F",
        "machine_design": "F",
        "advanced_instrumentation": "F",
        "project_i": "B+",
        "solar_photovoltaic_technology": "B-",
        "unnamed:_7": "-",
        "sgpa": "-"
    },
    "20480084": {
        "engineering_economics": "B",
        "transmission_line_design": "F",
        "machine_design": "B",
        "advanced_instrumentation": "C+",
        "project_i": "A",
        "solar_photovoltaic_technology": "A-",
        "unnamed:_7": "-",
        "sgpa": "-"
    },
    "20480086": {
        "engineering_economics": "B-",
        "transmission_line_design": "B",
        "machine_design": "A-",
        "advanced_instrumentation": "B",
        "project_i": "A",
        "solar_photovoltaic_technology": "A",
        "unnamed:_7": "-",
        "sgpa": "3.33"
    },
    "20480087": {
        "engineering_economics": "A",
        "transmission_line_design": "A",
        "machine_design": "A",
        "advanced_instrumentation": "A",
        "project_i": "A",
        "solar_photovoltaic_technology": "A",
        "unnamed:_7": "-",
        "sgpa": "4.00"
    },
    "20480088": {
        "engineering_economics": "F",
        "transmission_line_design": "F",
        "machine_design": "F",
        "advanced_instrumentation": "Abs",
        "project_i": "B+",
        "solar_photovoltaic_technology": "B",
        "unnamed:_7": "-",
        "sgpa": "-"
    },
    "20480089": {
        "engineering_economics": "B-",
        "transmission_line_design": "A-",
        "machine_design": "Abs",
        "advanced_instrumentation": "B-",
        "project_i": "A",
        "solar_photovoltaic_technology": "A-",
        "unnamed:_7": "-",
        "sgpa": "-"
    },
    "16480045": {
        "engineering_economics": "Abs",
        "transmission_line_design": "-",
        "machine_design": "-",
        "advanced_instrumentation": "-",
        "project_i": "-",
        "solar_photovoltaic_technology": "-",
        "unnamed:_7": "-",
        "sgpa": "-"
    },
    "16480051": {
        "engineering_economics": "-",
        "transmission_line_design": "-",
        "machine_design": "Abs",
        "advanced_instrumentation": "-",
        "project_i": "-",
        "solar_photovoltaic_technology": "-",
        "unnamed:_7": "-",
        "sgpa": "-"
    },
    "16521029": {
        "engineering_economics": "-",
        "transmission_line_design": "-",
        "machine_design": "-",
        "advanced_instrumentation": "C",
        "project_i": "-",
        "solar_photovoltaic_technology": "-",
        "unnamed:_7": "-",
        "sgpa": "-"
    },
    "17480027": {
        "engineering_economics": "F",
        "transmission_line_design": "C-",
        "machine_design": "-",
        "advanced_instrumentation": "C+",
        "project_i": "-",
        "solar_photovoltaic_technology": "-",
        "unnamed:_7": "-",
        "sgpa": "-"
    },
    "17480031": {
        "engineering_economics": "-",
        "transmission_line_design": "D+",
        "machine_design": "-",
        "advanced_instrumentation": "F",
        "project_i": "-",
        "solar_photovoltaic_technology": "-",
        "unnamed:_7": "-",
        "sgpa": "-"
    },
    "17480032": {
        "engineering_economics": "-",
        "transmission_line_design": "C-",
        "machine_design": "-",
        "advanced_instrumentation": "Expelled",
        "project_i": "-",
        "solar_photovoltaic_technology": "-",
        "unnamed:_7": "-",
        "sgpa": "-"
    },
    "17480035": {
        "engineering_economics": "-",
        "transmission_line_design": "F",
        "machine_design": "-",
        "advanced_instrumentation": "-",
        "project_i": "-",
        "solar_photovoltaic_technology": "-",
        "unnamed:_7": "-",
        "sgpa": "-"
    },
    "17480041": {
        "engineering_economics": "-",
        "transmission_line_design": "F",
        "machine_design": "-",
        "advanced_instrumentation": "-",
        "project_i": "-",
        "solar_photovoltaic_technology": "-",
        "unnamed:_7": "-",
        "sgpa": "-"
    },
    "17480046": {
        "engineering_economics": "-",
        "transmission_line_design": "F",
        "machine_design": "-",
        "advanced_instrumentation": "-",
        "project_i": "-",
        "solar_photovoltaic_technology": "-",
        "unnamed:_7": "-",
        "sgpa": "-"
    },
    "18480001": {
        "engineering_economics": "-",
        "transmission_line_design": "-",
        "machine_design": "Abs",
        "advanced_instrumentation": "-",
        "project_i": "-",
        "solar_photovoltaic_technology": "-",
        "unnamed:_7": "-",
        "sgpa": "-"
    },
    "18480004": {
        "engineering_economics": "-",
        "transmission_line_design": "-",
        "machine_design": "C-",
        "advanced_instrumentation": "-",
        "project_i": "-",
        "solar_photovoltaic_technology": "-",
        "unnamed:_7": "-",
        "sgpa": "-"
    },
    "18480006": {
        "engineering_economics": "-",
        "transmission_line_design": "-",
        "machine_design": "F",
        "advanced_instrumentation": "F",
        "project_i": "-",
        "solar_photovoltaic_technology": "-",
        "unnamed:_7": "-",
        "sgpa": "-"
    },
    "18480010": {
        "engineering_economics": "-",
        "transmission_line_design": "-",
        "machine_design": "F",
        "advanced_instrumentation": "-",
        "project_i": "-",
        "solar_photovoltaic_technology": "-",
        "unnamed:_7": "-",
        "sgpa": "-"
    },
    "18480015": {
        "engineering_economics": "-",
        "transmission_line_design": "-",
        "machine_design": "C-",
        "advanced_instrumentation": "-",
        "project_i": "-",
        "solar_photovoltaic_technology": "-",
        "unnamed:_7": "-",
        "sgpa": "-"
    },
    "18480016": {
        "engineering_economics": "-",
        "transmission_line_design": "-",
        "machine_design": "F",
        "advanced_instrumentation": "-",
        "project_i": "-",
        "solar_photovoltaic_technology": "-",
        "unnamed:_7": "-",
        "sgpa": "-"
    },
    "18480020": {
        "engineering_economics": "Abs",
        "transmission_line_design": "-",
        "machine_design": "-",
        "advanced_instrumentation": "-",
        "project_i": "-",
        "solar_photovoltaic_technology": "-",
        "unnamed:_7": "-",
        "sgpa": "-"
    },
    "18480021": {
        "engineering_economics": "-",
        "transmission_line_design": "-",
        "machine_design": "F",
        "advanced_instrumentation": "-",
        "project_i": "-",
        "solar_photovoltaic_technology": "-",
        "unnamed:_7": "-",
        "sgpa": "-"
    },
    "18480027": {
        "engineering_economics": "F",
        "transmission_line_design": "D+",
        "machine_design": "-",
        "advanced_instrumentation": "F",
        "project_i": "-",
        "solar_photovoltaic_technology": "-",
        "unnamed:_7": "-",
        "sgpa": "-"
    },
    "18480028": {
        "engineering_economics": "-",
        "transmission_line_design": "-",
        "machine_design": "F",
        "advanced_instrumentation": "-",
        "project_i": "-",
        "solar_photovoltaic_technology": "-",
        "unnamed:_7": "-",
        "sgpa": "-"
    },
    "18480031": {
        "engineering_economics": "-",
        "transmission_line_design": "F",
        "machine_design": "-",
        "advanced_instrumentation": "-",
        "project_i": "-",
        "solar_photovoltaic_technology": "-",
        "unnamed:_7": "-",
        "sgpa": "-"
    },
    "18480033": {
        "engineering_economics": "-",
        "transmission_line_design": "-",
        "machine_design": "F",
        "advanced_instrumentation": "-",
        "project_i": "-",
        "solar_photovoltaic_technology": "-",
        "unnamed:_7": "-",
        "sgpa": "-"
    },
    "18480034": {
        "engineering_economics": "Abs",
        "transmission_line_design": "Abs",
        "machine_design": "-",
        "advanced_instrumentation": "-",
        "project_i": "-",
        "solar_photovoltaic_technology": "-",
        "unnamed:_7": "-",
        "sgpa": "-"
    },
    "19480046": {
        "engineering_economics": "-",
        "transmission_line_design": "Abs",
        "machine_design": "F",
        "advanced_instrumentation": "-",
        "project_i": "-",
        "solar_photovoltaic_technology": "-",
        "unnamed:_7": "-",
        "sgpa": "-"
    },
    "19480049": {
        "engineering_economics": "-",
        "transmission_line_design": "F",
        "machine_design": "-",
        "advanced_instrumentation": "-",
        "project_i": "-",
        "solar_photovoltaic_technology": "-",
        "unnamed:_7": "-",
        "sgpa": "-"
    },
    "19480056": {
        "engineering_economics": "-",
        "transmission_line_design": "-",
        "machine_design": "F",
        "advanced_instrumentation": "-",
        "project_i": "-",
        "solar_photovoltaic_technology": "-",
        "unnamed:_7": "-",
        "sgpa": "-"
    },
    "19480057": {
        "engineering_economics": "-",
        "transmission_line_design": "-",
        "machine_design": "C",
        "advanced_instrumentation": "Abs",
        "project_i": "-",
        "solar_photovoltaic_technology": "-",
        "unnamed:_7": "-",
        "sgpa": "-"
    },
    "19480058": {
        "engineering_economics": "-",
        "transmission_line_design": "-",
        "machine_design": "C+",
        "advanced_instrumentation": "-",
        "project_i": "-",
        "solar_photovoltaic_technology": "-",
        "unnamed:_7": "-",
        "sgpa": "-"
    },
    "19480059": {
        "engineering_economics": "F",
        "transmission_line_design": "-",
        "machine_design": "-",
        "advanced_instrumentation": "C",
        "project_i": "-",
        "solar_photovoltaic_technology": "-",
        "unnamed:_7": "-",
        "sgpa": "-"
    },
    "19480060": {
        "engineering_economics": "-",
        "transmission_line_design": "F",
        "machine_design": "-",
        "advanced_instrumentation": "-",
        "project_i": "-",
        "solar_photovoltaic_technology": "-",
        "unnamed:_7": "-",
        "sgpa": "-"
    },
    "19480063": {
        "engineering_economics": "-",
        "transmission_line_design": "-",
        "machine_design": "C+",
        "advanced_instrumentation": "-",
        "project_i": "-",
        "solar_photovoltaic_technology": "-",
        "unnamed:_7": "-",
        "sgpa": "-"
    },
    "19480064": {
        "engineering_economics": "-",
        "transmission_line_design": "-",
        "machine_design": "C-",
        "advanced_instrumentation": "-",
        "project_i": "-",
        "solar_photovoltaic_technology": "-",
        "unnamed:_7": "-",
        "sgpa": "-"
    },
    "19480066": {
        "engineering_economics": "-",
        "transmission_line_design": "F",
        "machine_design": "F",
        "advanced_instrumentation": "-",
        "project_i": "-",
        "solar_photovoltaic_technology": "-",
        "unnamed:_7": "-",
        "sgpa": "-"
    },
    "19480068": {
        "engineering_economics": "F",
        "transmission_line_design": "-",
        "machine_design": "-",
        "advanced_instrumentation": "-",
        "project_i": "B+",
        "solar_photovoltaic_technology": "-",
        "unnamed:_7": "-",
        "sgpa": "-"
    },
    "19480069": {
        "engineering_economics": "-",
        "transmission_line_design": "F",
        "machine_design": "-",
        "advanced_instrumentation": "-",
        "project_i": "-",
        "solar_photovoltaic_technology": "-",
        "unnamed:_7": "-",
        "sgpa": "-"
    },
    "19480070": {
        "engineering_economics": "-",
        "transmission_line_design": "C+",
        "machine_design": "B-",
        "advanced_instrumentation": "-",
        "project_i": "-",
        "solar_photovoltaic_technology": "-",
        "unnamed:_7": "-",
        "sgpa": "-"
    },
    "20110006": {
        "engineering_economics": "F",
        "transmission_line_design": "C-",
        "machine_design": "F",
        "advanced_instrumentation": "C+",
        "project_i": "B+",
        "solar_photovoltaic_technology": "B",
        "unnamed:_7": "-",
        "sgpa": "-"
    },
    "20480039": {
        "engineering_economics": "C-",
        "transmission_line_design": "B",
        "machine_design": "C-",
        "advanced_instrumentation": "A-",
        "project_i": "A-",
        "solar_photovoltaic_technology": "B",
        "unnamed:_7": "-",
        "sgpa": "2.69"
    },
    "20480040": {
        "engineering_economics": "F",
        "transmission_line_design": "F",
        "machine_design": "F",
        "advanced_instrumentation": "C-",
        "project_i": "B-",
        "solar_photovoltaic_technology": "B+",
        "unnamed:_7": "-",
        "sgpa": "-"
    },
    "20480041": {
        "engineering_economics": "Abs",
        "transmission_line_design": "Abs",
        "machine_design": "Abs",
        "advanced_instrumentation": "CNR",
        "project_i": "B-",
        "solar_photovoltaic_technology": "C",
        "unnamed:_7": "-",
        "sgpa": "-"
    },
    "20480043": {
        "engineering_economics": "F",
        "transmission_line_design": "F",
        "machine_design": "F",
        "advanced_instrumentation": "CNR",
        "project_i": "A-",
        "solar_photovoltaic_technology": "C+",
        "unnamed:_7": "-",
        "sgpa": "-"
    },
    "20480044": {
        "engineering_economics": "F",
        "transmission_line_design": "C-",
        "machine_design": "F",
        "advanced_instrumentation": "C+",
        "project_i": "A-",
        "solar_photovoltaic_technology": "B-",
        "unnamed:_7": "-",
        "sgpa": "-"
    },
    "20480045": {
        "engineering_economics": "Expelled",
        "transmission_line_design": "F",
        "machine_design": "F",
        "advanced_instrumentation": "C+",
        "project_i": "A-",
        "solar_photovoltaic_technology": "C+",
        "unnamed:_7": "-",
        "sgpa": "-"
    },
    "20480046": {
        "engineering_economics": "F",
        "transmission_line_design": "F",
        "machine_design": "F",
        "advanced_instrumentation": "C",
        "project_i": "B-",
        "solar_photovoltaic_technology": "C+",
        "unnamed:_7": "-",
        "sgpa": "-"
    },
    "20480047": {
        "engineering_economics": "F",
        "transmission_line_design": "F",
        "machine_design": "F",
        "advanced_instrumentation": "CNR",
        "project_i": "B+",
        "solar_photovoltaic_technology": "F",
        "unnamed:_7": "-",
        "sgpa": "-"
    },
    "20480048": {
        "engineering_economics": "F",
        "transmission_line_design": "F",
        "machine_design": "F",
        "advanced_instrumentation": "C",
        "project_i": "B-",
        "solar_photovoltaic_technology": "C+",
        "unnamed:_7": "-",
        "sgpa": "-"
    },
    "20480049": {
        "engineering_economics": "B-",
        "transmission_line_design": "B-",
        "machine_design": "C+",
        "advanced_instrumentation": "B",
        "project_i": "A-",
        "solar_photovoltaic_technology": "B+",
        "unnamed:_7": "-",
        "sgpa": "2.86"
    },
    "20480050": {
        "engineering_economics": "A-",
        "transmission_line_design": "A",
        "machine_design": "B+",
        "advanced_instrumentation": "A",
        "project_i": "A",
        "solar_photovoltaic_technology": "A",
        "unnamed:_7": "-",
        "sgpa": "3.81"
    },
    "20480051": {
        "engineering_economics": "F",
        "transmission_line_design": "B-",
        "machine_design": "F",
        "advanced_instrumentation": "C+",
        "project_i": "B+",
        "solar_photovoltaic_technology": "B",
        "unnamed:_7": "-",
        "sgpa": "-"
    },
    "20480052": {
        "engineering_economics": "B",
        "transmission_line_design": "B",
        "machine_design": "C",
        "advanced_instrumentation": "A-",
        "project_i": "A-",
        "solar_photovoltaic_technology": "B+",
        "unnamed:_7": "-",
        "sgpa": "3.04"
    },
    "20480053": {
        "engineering_economics": "C-",
        "transmission_line_design": "F",
        "machine_design": "F",
        "advanced_instrumentation": "F",
        "project_i": "A-",
        "solar_photovoltaic_technology": "B",
        "unnamed:_7": "-",
        "sgpa": "-"
    },
    "20480054": {
        "engineering_economics": "C",
        "transmission_line_design": "A",
        "machine_design": "B",
        "advanced_instrumentation": "A-",
        "project_i": "A",
        "solar_photovoltaic_technology": "B+",
        "unnamed:_7": "-",
        "sgpa": "3.25"
    },
    "20480055": {
        "engineering_economics": "C+",
        "transmission_line_design": "A-",
        "machine_design": "C",
        "advanced_instrumentation": "C+",
        "project_i": "A-",
        "solar_photovoltaic_technology": "B",
        "unnamed:_7": "-",
        "sgpa": "2.73"
    },
    "20480056": {
        "engineering_economics": "F",
        "transmission_line_design": "F",
        "machine_design": "F",
        "advanced_instrumentation": "F",
        "project_i": "B-",
        "solar_photovoltaic_technology": "F",
        "unnamed:_7": "-",
        "sgpa": "-"
    },
    "20480057": {
        "engineering_economics": "F",
        "transmission_line_design": "F",
        "machine_design": "F",
        "advanced_instrumentation": "NQ",
        "project_i": "B-",
        "solar_photovoltaic_technology": "F",
        "unnamed:_7": "-",
        "sgpa": "-"
    },
    "20480058": {
        "engineering_economics": "C",
        "transmission_line_design": "F",
        "machine_design": "B-",
        "advanced_instrumentation": "C+",
        "project_i": "B+",
        "solar_photovoltaic_technology": "B",
        "unnamed:_7": "-",
        "sgpa": "-"
    },
    "20480059": {
        "engineering_economics": "F",
        "transmission_line_design": "F",
        "machine_design": "F",
        "advanced_instrumentation": "F",
        "project_i": "A-",
        "solar_photovoltaic_technology": "B-",
        "unnamed:_7": "-",
        "sgpa": "-"
    },
    "20480060": {
        "engineering_economics": "C+",
        "transmission_line_design": "A-",
        "machine_design": "A",
        "advanced_instrumentation": "C",
        "project_i": "A",
        "solar_photovoltaic_technology": "A",
        "unnamed:_7": "-",
        "sgpa": "3.25"
    },
    "17480081": {
        "engineering_economics": "-",
        "transmission_line_design": "-",
        "machine_design": "C+",
        "advanced_instrumentation": "-",
        "project_i": "-",
        "scada": "-",
        "unnamed:_7": "-",
        "sgpa": "-"
    },
    "18480083": {
        "engineering_economics": "-",
        "transmission_line_design": "Abs",
        "machine_design": "-",
        "advanced_instrumentation": "-",
        "project_i": "-",
        "scada": "-",
        "unnamed:_7": "-",
        "sgpa": "-"
    },
    "19480087": {
        "engineering_economics": "-",
        "transmission_line_design": "F",
        "machine_design": "F",
        "advanced_instrumentation": "-",
        "project_i": "-",
        "scada": "-",
        "unnamed:_7": "-",
        "sgpa": "-"
    },
    "19480091": {
        "engineering_economics": "-",
        "transmission_line_design": "-",
        "machine_design": "-",
        "advanced_instrumentation": "F",
        "project_i": "-",
        "scada": "-",
        "unnamed:_7": "-",
        "sgpa": "-"
    },
    "19480096": {
        "engineering_economics": "-",
        "transmission_line_design": "-",
        "machine_design": "B+",
        "advanced_instrumentation": "C+",
        "project_i": "-",
        "scada": "-",
        "unnamed:_7": "-",
        "sgpa": "-"
    },
    "19480101": {
        "engineering_economics": "-",
        "transmission_line_design": "-",
        "machine_design": "-",
        "advanced_instrumentation": "C+",
        "project_i": "-",
        "scada": "-",
        "unnamed:_7": "-",
        "sgpa": "-"
    },
    "19480104": {
        "engineering_economics": "-",
        "transmission_line_design": "-",
        "machine_design": "-",
        "advanced_instrumentation": "Abs",
        "project_i": "-",
        "scada": "-",
        "unnamed:_7": "-",
        "sgpa": "-"
    },
    "19480106": {
        "engineering_economics": "-",
        "transmission_line_design": "Abs",
        "machine_design": "-",
        "advanced_instrumentation": "-",
        "project_i": "-",
        "scada": "-",
        "unnamed:_7": "-",
        "sgpa": "-"
    },
    "19480107": {
        "engineering_economics": "-",
        "transmission_line_design": "F",
        "machine_design": "C-",
        "advanced_instrumentation": "-",
        "project_i": "-",
        "scada": "-",
        "unnamed:_7": "-",
        "sgpa": "-"
    },
    "19480110": {
        "engineering_economics": "-",
        "transmission_line_design": "-",
        "machine_design": "C",
        "advanced_instrumentation": "-",
        "project_i": "-",
        "scada": "-",
        "unnamed:_7": "-",
        "sgpa": "-"
    },
    "19480111": {
        "engineering_economics": "-",
        "transmission_line_design": "F",
        "machine_design": "-",
        "advanced_instrumentation": "C",
        "project_i": "-",
        "scada": "-",
        "unnamed:_7": "-",
        "sgpa": "-"
    },
    "19480113": {
        "engineering_economics": "-",
        "transmission_line_design": "F",
        "machine_design": "-",
        "advanced_instrumentation": "-",
        "project_i": "-",
        "scada": "-",
        "unnamed:_7": "-",
        "sgpa": "-"
    },
    "19480114": {
        "engineering_economics": "-",
        "transmission_line_design": "F",
        "machine_design": "F",
        "advanced_instrumentation": "-",
        "project_i": "-",
        "scada": "-",
        "unnamed:_7": "-",
        "sgpa": "-"
    },
    "20040577": {
        "engineering_economics": "B",
        "transmission_line_design": "F",
        "machine_design": "F",
        "advanced_instrumentation": "B+",
        "project_i": "A",
        "scada": "A",
        "unnamed:_7": "-",
        "sgpa": "-"
    },
    "20040581": {
        "engineering_economics": "B+",
        "transmission_line_design": "F",
        "machine_design": "F",
        "advanced_instrumentation": "B+",
        "project_i": "A",
        "scada": "A-",
        "unnamed:_7": "-",
        "sgpa": "-"
    },
    "20480061": {
        "engineering_economics": "A",
        "transmission_line_design": "A-",
        "machine_design": "A",
        "advanced_instrumentation": "A",
        "project_i": "A",
        "scada": "A",
        "unnamed:_7": "-",
        "sgpa": "3.94"
    },
    "20480062": {
        "engineering_economics": "B-",
        "transmission_line_design": "F",
        "machine_design": "B",
        "advanced_instrumentation": "A-",
        "project_i": "A",
        "scada": "A",
        "unnamed:_7": "-",
        "sgpa": "-"
    },
    "20480063": {
        "engineering_economics": "B-",
        "transmission_line_design": "F",
        "machine_design": "C+",
        "advanced_instrumentation": "B",
        "project_i": "A-",
        "scada": "B",
        "unnamed:_7": "-",
        "sgpa": "-"
    },
    "20480064": {
        "engineering_economics": "A-",
        "transmission_line_design": "C+",
        "machine_design": "F",
        "advanced_instrumentation": "B",
        "project_i": "A",
        "scada": "A",
        "unnamed:_7": "-",
        "sgpa": "-"
    },
    "20480066": {
        "engineering_economics": "CNR",
        "transmission_line_design": "CNR",
        "machine_design": "CNR",
        "advanced_instrumentation": "CNR",
        "project_i": "CNR",
        "scada": "CNR",
        "unnamed:_7": "-",
        "sgpa": "-"
    },
    "20480067": {
        "engineering_economics": "C+",
        "transmission_line_design": "C+",
        "machine_design": "B-",
        "advanced_instrumentation": "C+",
        "project_i": "A-",
        "scada": "A-",
        "unnamed:_7": "-",
        "sgpa": "2.73"
    },
    "20480068": {
        "engineering_economics": "B+",
        "transmission_line_design": "C+",
        "machine_design": "B",
        "advanced_instrumentation": "A",
        "project_i": "A",
        "scada": "A",
        "unnamed:_7": "-",
        "sgpa": "3.36"
    },
    "20480069": {
        "engineering_economics": "A-",
        "transmission_line_design": "C+",
        "machine_design": "A-",
        "advanced_instrumentation": "B+",
        "project_i": "A",
        "scada": "A",
        "unnamed:_7": "-",
        "sgpa": "3.44"
    },
    "20480070": {
        "engineering_economics": "C",
        "transmission_line_design": "F",
        "machine_design": "Abs",
        "advanced_instrumentation": "CNR",
        "project_i": "B+",
        "scada": "B",
        "unnamed:_7": "-",
        "sgpa": "-"
    },
    "20480071": {
        "engineering_economics": "F",
        "transmission_line_design": "Abs",
        "machine_design": "Abs",
        "advanced_instrumentation": "CNR",
        "project_i": "B",
        "scada": "C+",
        "unnamed:_7": "-",
        "sgpa": "-"
    },
    "20480072": {
        "engineering_economics": "A-",
        "transmission_line_design": "B+",
        "machine_design": "A",
        "advanced_instrumentation": "B",
        "project_i": "A",
        "scada": "A",
        "unnamed:_7": "-",
        "sgpa": "3.63"
    },
    "20480076": {
        "engineering_economics": "A-",
        "transmission_line_design": "B",
        "machine_design": "A-",
        "advanced_instrumentation": "B-",
        "project_i": "A",
        "scada": "A",
        "unnamed:_7": "-",
        "sgpa": "3.46"
    },
    "20480078": {
        "engineering_economics": "B+",
        "transmission_line_design": "B",
        "machine_design": "A",
        "advanced_instrumentation": "B+",
        "project_i": "A",
        "scada": "A",
        "unnamed:_7": "-",
        "sgpa": "3.55"
    },
    "16480098": {
        "engineering_economics": "F",
        "transmission_line_design": "F",
        "machine_design": "-",
        "advanced_instrumentation": "-",
        "project_i": "-",
        "elective_industrial_automation": "-",
        "elective_facts": "-",
        "sgpa": "-"
    },
    "16480122": {
        "engineering_economics": "-",
        "transmission_line_design": "F",
        "machine_design": "B-",
        "advanced_instrumentation": "-",
        "project_i": "-",
        "elective_industrial_automation": "-",
        "elective_facts": "-",
        "sgpa": "-"
    },
    "16480127": {
        "engineering_economics": "-",
        "transmission_line_design": "-",
        "machine_design": "F",
        "advanced_instrumentation": "-",
        "project_i": "-",
        "elective_industrial_automation": "-",
        "elective_facts": "-",
        "sgpa": "-"
    },
    "16480139": {
        "engineering_economics": "-",
        "transmission_line_design": "-",
        "machine_design": "F",
        "advanced_instrumentation": "Abs",
        "project_i": "-",
        "elective_industrial_automation": "-",
        "elective_facts": "-",
        "sgpa": "-"
    },
    "17480123": {
        "engineering_economics": "-",
        "transmission_line_design": "B-",
        "machine_design": "Abs",
        "advanced_instrumentation": "-",
        "project_i": "-",
        "elective_industrial_automation": "-",
        "elective_facts": "-",
        "sgpa": "-"
    },
    "17480144": {
        "engineering_economics": "-",
        "transmission_line_design": "-",
        "machine_design": "F",
        "advanced_instrumentation": "C+",
        "project_i": "-",
        "elective_industrial_automation": "-",
        "elective_facts": "-",
        "sgpa": "-"
    },
    "17480146": {
        "engineering_economics": "-",
        "transmission_line_design": "-",
        "machine_design": "C+",
        "advanced_instrumentation": "-",
        "project_i": "-",
        "elective_industrial_automation": "-",
        "elective_facts": "-",
        "sgpa": "-"
    },
    "18480099": {
        "engineering_economics": "-",
        "transmission_line_design": "C+",
        "machine_design": "F",
        "advanced_instrumentation": "-",
        "project_i": "-",
        "elective_industrial_automation": "-",
        "elective_facts": "-",
        "sgpa": "-"
    },
    "18480105": {
        "engineering_economics": "-",
        "transmission_line_design": "F",
        "machine_design": "-",
        "advanced_instrumentation": "-",
        "project_i": "-",
        "elective_industrial_automation": "-",
        "elective_facts": "-",
        "sgpa": "-"
    },
    "18480106": {
        "engineering_economics": "-",
        "transmission_line_design": "F",
        "machine_design": "-",
        "advanced_instrumentation": "-",
        "project_i": "-",
        "elective_industrial_automation": "-",
        "elective_facts": "-",
        "sgpa": "-"
    },
    "18480107": {
        "engineering_economics": "-",
        "transmission_line_design": "-",
        "machine_design": "Withheld",
        "advanced_instrumentation": "-",
        "project_i": "-",
        "elective_industrial_automation": "-",
        "elective_facts": "-",
        "sgpa": "-"
    },
    "18480108": {
        "engineering_economics": "-",
        "transmission_line_design": "Abs",
        "machine_design": "Abs",
        "advanced_instrumentation": "-",
        "project_i": "-",
        "elective_industrial_automation": "-",
        "elective_facts": "-",
        "sgpa": "-"
    },
    "18480118": {
        "engineering_economics": "-",
        "transmission_line_design": "-",
        "machine_design": "-",
        "advanced_instrumentation": "F",
        "project_i": "-",
        "elective_industrial_automation": "-",
        "elective_facts": "-",
        "sgpa": "-"
    },
    "18480122": {
        "engineering_economics": "-",
        "transmission_line_design": "F",
        "machine_design": "-",
        "advanced_instrumentation": "-",
        "project_i": "-",
        "elective_industrial_automation": "-",
        "elective_facts": "-",
        "sgpa": "-"
    },
    "18480123": {
        "engineering_economics": "-",
        "transmission_line_design": "Cancelled",
        "machine_design": "Cancelled",
        "advanced_instrumentation": "-",
        "project_i": "-",
        "elective_industrial_automation": "-",
        "elective_facts": "-",
        "sgpa": "-"
    },
    "18480132": {
        "engineering_economics": "-",
        "transmission_line_design": "-",
        "machine_design": "C+",
        "advanced_instrumentation": "-",
        "project_i": "-",
        "elective_industrial_automation": "-",
        "elective_facts": "-",
        "sgpa": "-"
    },
    "18480136": {
        "engineering_economics": "-",
        "transmission_line_design": "-",
        "machine_design": "B-",
        "advanced_instrumentation": "-",
        "project_i": "-",
        "elective_industrial_automation": "-",
        "elective_facts": "-",
        "sgpa": "-"
    },
    "18480144": {
        "engineering_economics": "-",
        "transmission_line_design": "F",
        "machine_design": "-",
        "advanced_instrumentation": "-",
        "project_i": "-",
        "elective_industrial_automation": "-",
        "elective_facts": "-",
        "sgpa": "-"
    },
    "19480003": {
        "engineering_economics": "-",
        "transmission_line_design": "-",
        "machine_design": "F",
        "advanced_instrumentation": "-",
        "project_i": "-",
        "elective_industrial_automation": "-",
        "elective_facts": "-",
        "sgpa": "-"
    },
    "19480009": {
        "engineering_economics": "-",
        "transmission_line_design": "F",
        "machine_design": "F",
        "advanced_instrumentation": "-",
        "project_i": "-",
        "elective_industrial_automation": "-",
        "elective_facts": "-",
        "sgpa": "-"
    },
    "19480012": {
        "engineering_economics": "-",
        "transmission_line_design": "-",
        "machine_design": "-",
        "advanced_instrumentation": "F",
        "project_i": "-",
        "elective_industrial_automation": "-",
        "elective_facts": "-",
        "sgpa": "-"
    },
    "19480021": {
        "engineering_economics": "-",
        "transmission_line_design": "-",
        "machine_design": "B-",
        "advanced_instrumentation": "-",
        "project_i": "-",
        "elective_industrial_automation": "-",
        "elective_facts": "-",
        "sgpa": "-"
    },
    "19480024": {
        "engineering_economics": "-",
        "transmission_line_design": "-",
        "machine_design": "C",
        "advanced_instrumentation": "-",
        "project_i": "-",
        "elective_industrial_automation": "-",
        "elective_facts": "-",
        "sgpa": "-"
    },
    "19480025": {
        "engineering_economics": "-",
        "transmission_line_design": "-",
        "machine_design": "C+",
        "advanced_instrumentation": "-",
        "project_i": "-",
        "elective_industrial_automation": "-",
        "elective_facts": "-",
        "sgpa": "-"
    },
    "19480026": {
        "engineering_economics": "-",
        "transmission_line_design": "-",
        "machine_design": "B",
        "advanced_instrumentation": "-",
        "project_i": "-",
        "elective_industrial_automation": "-",
        "elective_facts": "-",
        "sgpa": "-"
    },
    "19480028": {
        "engineering_economics": "-",
        "transmission_line_design": "-",
        "machine_design": "F",
        "advanced_instrumentation": "-",
        "project_i": "-",
        "elective_industrial_automation": "-",
        "elective_facts": "-",
        "sgpa": "-"
    },
    "19480029": {
        "engineering_economics": "-",
        "transmission_line_design": "-",
        "machine_design": "-",
        "advanced_instrumentation": "Abs",
        "project_i": "-",
        "elective_industrial_automation": "-",
        "elective_facts": "-",
        "sgpa": "-"
    },
    "19480031": {
        "engineering_economics": "-",
        "transmission_line_design": "-",
        "machine_design": "C+",
        "advanced_instrumentation": "C+",
        "project_i": "-",
        "elective_industrial_automation": "-",
        "elective_facts": "-",
        "sgpa": "-"
    },
    "19480035": {
        "engineering_economics": "-",
        "transmission_line_design": "-",
        "machine_design": "F",
        "advanced_instrumentation": "Abs",
        "project_i": "-",
        "elective_industrial_automation": "-",
        "elective_facts": "-",
        "sgpa": "-"
    },
    "19480038": {
        "engineering_economics": "-",
        "transmission_line_design": "-",
        "machine_design": "F",
        "advanced_instrumentation": "-",
        "project_i": "-",
        "elective_industrial_automation": "-",
        "elective_facts": "-",
        "sgpa": "-"
    },
    "19480039": {
        "engineering_economics": "-",
        "transmission_line_design": "-",
        "machine_design": "F",
        "advanced_instrumentation": "-",
        "project_i": "-",
        "elective_industrial_automation": "-",
        "elective_facts": "-",
        "sgpa": "-"
    },
    "19480040": {
        "engineering_economics": "-",
        "transmission_line_design": "-",
        "machine_design": "C+",
        "advanced_instrumentation": "F",
        "project_i": "-",
        "elective_industrial_automation": "-",
        "elective_facts": "-",
        "sgpa": "-"
    },
    "19480045": {
        "engineering_economics": "-",
        "transmission_line_design": "-",
        "machine_design": "C+",
        "advanced_instrumentation": "-",
        "project_i": "-",
        "elective_industrial_automation": "-",
        "elective_facts": "-",
        "sgpa": "-"
    },
    "20480001": {
        "engineering_economics": "A",
        "transmission_line_design": "A",
        "machine_design": "B",
        "advanced_instrumentation": "A-",
        "project_i": "A",
        "elective_industrial_automation": "A",
        "elective_facts": "-",
        "sgpa": "3.76"
    },
    "20480002": {
        "engineering_economics": "B+",
        "transmission_line_design": "B",
        "machine_design": "C",
        "advanced_instrumentation": "C",
        "project_i": "A-",
        "elective_industrial_automation": "A-",
        "elective_facts": "-",
        "sgpa": "2.86"
    },
    "20480003": {
        "engineering_economics": "C-",
        "transmission_line_design": "F",
        "machine_design": "F",
        "advanced_instrumentation": "F",
        "project_i": "A-",
        "elective_industrial_automation": "-",
        "elective_facts": "B+",
        "sgpa": "-"
    },
    "20480004": {
        "engineering_economics": "A-",
        "transmission_line_design": "B-",
        "machine_design": "C+",
        "advanced_instrumentation": "C",
        "project_i": "A-",
        "elective_industrial_automation": "A-",
        "elective_facts": "-",
        "sgpa": "2.93"
    },
    "20480005": {
        "engineering_economics": "C",
        "transmission_line_design": "F",
        "machine_design": "Abs",
        "advanced_instrumentation": "Abs",
        "project_i": "A",
        "elective_industrial_automation": "A-",
        "elective_facts": "-",
        "sgpa": "-"
    },
    "20480006": {
        "engineering_economics": "A",
        "transmission_line_design": "C",
        "machine_design": "B",
        "advanced_instrumentation": "B-",
        "project_i": "A-",
        "elective_industrial_automation": "-",
        "elective_facts": "A",
        "sgpa": "3.18"
    },
    "20480008": {
        "engineering_economics": "B+",
        "transmission_line_design": "C+",
        "machine_design": "B+",
        "advanced_instrumentation": "B",
        "project_i": "A",
        "elective_industrial_automation": "-",
        "elective_facts": "A",
        "sgpa": "3.23"
    },
    "20480009": {
        "engineering_economics": "B+",
        "transmission_line_design": "B+",
        "machine_design": "A-",
        "advanced_instrumentation": "B+",
        "project_i": "A",
        "elective_industrial_automation": "A",
        "elective_facts": "-",
        "sgpa": "3.55"
    },
    "20480010": {
        "engineering_economics": "A-",
        "transmission_line_design": "A-",
        "machine_design": "A",
        "advanced_instrumentation": "A-",
        "project_i": "A",
        "elective_industrial_automation": "A",
        "elective_facts": "-",
        "sgpa": "3.83"
    },
    "20480011": {
        "engineering_economics": "A-",
        "transmission_line_design": "B+",
        "machine_design": "A-",
        "advanced_instrumentation": "B+",
        "project_i": "A",
        "elective_industrial_automation": "-",
        "elective_facts": "A",
        "sgpa": "3.63"
    },
    "20480012": {
        "engineering_economics": "B+",
        "transmission_line_design": "B-",
        "machine_design": "B+",
        "advanced_instrumentation": "C+",
        "project_i": "A-",
        "elective_industrial_automation": "-",
        "elective_facts": "A",
        "sgpa": "3.16"
    },
    "20480013": {
        "engineering_economics": "B+",
        "transmission_line_design": "B-",
        "machine_design": "B-",
        "advanced_instrumentation": "B-",
        "project_i": "A",
        "elective_industrial_automation": "A-",
        "elective_facts": "-",
        "sgpa": "3.08"
    },
    "20480014": {
        "engineering_economics": "B+",
        "transmission_line_design": "B",
        "machine_design": "F",
        "advanced_instrumentation": "B+",
        "project_i": "A",
        "elective_industrial_automation": "A",
        "elective_facts": "-",
        "sgpa": "-"
    },
    "20480015": {
        "engineering_economics": "B-",
        "transmission_line_design": "C",
        "machine_design": "B-",
        "advanced_instrumentation": "B",
        "project_i": "A",
        "elective_industrial_automation": "A-",
        "elective_facts": "-",
        "sgpa": "2.89"
    },
    "20480016": {
        "engineering_economics": "A",
        "transmission_line_design": "A-",
        "machine_design": "A-",
        "advanced_instrumentation": "A",
        "project_i": "A",
        "elective_industrial_automation": "A",
        "elective_facts": "-",
        "sgpa": "3.89"
    },
    "20480017": {
        "engineering_economics": "C+",
        "transmission_line_design": "F",
        "machine_design": "B-",
        "advanced_instrumentation": "B",
        "project_i": "A-",
        "elective_industrial_automation": "-",
        "elective_facts": "A",
        "sgpa": "-"
    },
    "20480018": {
        "engineering_economics": "A-",
        "transmission_line_design": "B",
        "machine_design": "B",
        "advanced_instrumentation": "A-",
        "project_i": "A",
        "elective_industrial_automation": "A",
        "elective_facts": "-",
        "sgpa": "3.51"
    },
    "20480019": {
        "engineering_economics": "F",
        "transmission_line_design": "F",
        "machine_design": "F",
        "advanced_instrumentation": "F",
        "project_i": "A-",
        "elective_industrial_automation": "A-",
        "elective_facts": "-",
        "sgpa": "-"
    },
    "20480021": {
        "engineering_economics": "B",
        "transmission_line_design": "C+",
        "machine_design": "Abs",
        "advanced_instrumentation": "B-",
        "project_i": "A",
        "elective_industrial_automation": "-",
        "elective_facts": "A",
        "sgpa": "-"
    },
    "20480022": {
        "engineering_economics": "B",
        "transmission_line_design": "F",
        "machine_design": "F",
        "advanced_instrumentation": "F",
        "project_i": "A-",
        "elective_industrial_automation": "A-",
        "elective_facts": "-",
        "sgpa": "-"
    },
    "20480023": {
        "engineering_economics": "B-",
        "transmission_line_design": "C",
        "machine_design": "F",
        "advanced_instrumentation": "C",
        "project_i": "A-",
        "elective_industrial_automation": "A-",
        "elective_facts": "-",
        "sgpa": "-"
    },
    "20480024": {
        "engineering_economics": "A",
        "transmission_line_design": "B",
        "machine_design": "B",
        "advanced_instrumentation": "B-",
        "project_i": "A-",
        "elective_industrial_automation": "-",
        "elective_facts": "A",
        "sgpa": "3.36"
    },
    "20480026": {
        "engineering_economics": "A-",
        "transmission_line_design": "B",
        "machine_design": "F",
        "advanced_instrumentation": "B",
        "project_i": "A",
        "elective_industrial_automation": "A",
        "elective_facts": "-",
        "sgpa": "-"
    },
    "20480027": {
        "engineering_economics": "B",
        "transmission_line_design": "B-",
        "machine_design": "F",
        "advanced_instrumentation": "C",
        "project_i": "A-",
        "elective_industrial_automation": "-",
        "elective_facts": "A-",
        "sgpa": "-"
    },
    "20480029": {
        "engineering_economics": "A",
        "transmission_line_design": "A",
        "machine_design": "A-",
        "advanced_instrumentation": "A-",
        "project_i": "A",
        "elective_industrial_automation": "A",
        "elective_facts": "-",
        "sgpa": "3.89"
    },
    "20480030": {
        "engineering_economics": "A-",
        "transmission_line_design": "C-",
        "machine_design": "F",
        "advanced_instrumentation": "A-",
        "project_i": "A-",
        "elective_industrial_automation": "A",
        "elective_facts": "-",
        "sgpa": "-"
    },
    "20480031": {
        "engineering_economics": "B-",
        "transmission_line_design": "B",
        "machine_design": "C-",
        "advanced_instrumentation": "C",
        "project_i": "A-",
        "elective_industrial_automation": "B+",
        "elective_facts": "-",
        "sgpa": "2.61"
    },
    "20480033": {
        "engineering_economics": "B",
        "transmission_line_design": "C-",
        "machine_design": "F",
        "advanced_instrumentation": "C-",
        "project_i": "A-",
        "elective_industrial_automation": "A-",
        "elective_facts": "-",
        "sgpa": "-"
    },
    "20480034": {
        "engineering_economics": "F",
        "transmission_line_design": "F",
        "machine_design": "F",
        "advanced_instrumentation": "F",
        "project_i": "A-",
        "elective_industrial_automation": "-",
        "elective_facts": "B+",
        "sgpa": "-"
    },
    "20480035": {
        "engineering_economics": "B+",
        "transmission_line_design": "F",
        "machine_design": "B",
        "advanced_instrumentation": "C",
        "project_i": "A-",
        "elective_industrial_automation": "-",
        "elective_facts": "A",
        "sgpa": "-"
    },
    "20480036": {
        "engineering_economics": "B+",
        "transmission_line_design": "B",
        "machine_design": "B-",
        "advanced_instrumentation": "B-",
        "project_i": "A-",
        "elective_industrial_automation": "-",
        "elective_facts": "A",
        "sgpa": "3.18"
    },
    "20480037": {
        "engineering_economics": "A-",
        "transmission_line_design": "B",
        "machine_design": "C-",
        "advanced_instrumentation": "B+",
        "project_i": "A",
        "elective_industrial_automation": "-",
        "elective_facts": "A",
        "sgpa": "3.19"
    },
    "20480038": {
        "engineering_economics": "A",
        "transmission_line_design": "A",
        "machine_design": "A-",
        "advanced_instrumentation": "A-",
        "project_i": "A",
        "elective_industrial_automation": "-",
        "elective_facts": "A",
        "sgpa": "3.89"
    },
    "16480013": {
        "engineering_economics": "-",
        "transmission_line_design": "C-",
        "machine_design": "-",
        "advanced_instrumentation": "-",
        "project_i": "-",
        "micro-hydropower": "-",
        "unnamed:_7": "-",
        "sgpa": "-"
    },
    "16480028": {
        "engineering_economics": "-",
        "transmission_line_design": "-",
        "machine_design": "-",
        "advanced_instrumentation": "C-",
        "project_i": "-",
        "micro-hydropower": "-",
        "unnamed:_7": "-",
        "sgpa": "-"
    },
    "17480097": {
        "engineering_economics": "-",
        "transmission_line_design": "-",
        "machine_design": "-",
        "advanced_instrumentation": "F",
        "project_i": "-",
        "micro-hydropower": "-",
        "unnamed:_7": "-",
        "sgpa": "-"
    },
    "17480099": {
        "engineering_economics": "-",
        "transmission_line_design": "-",
        "machine_design": "-",
        "advanced_instrumentation": "F",
        "project_i": "-",
        "micro-hydropower": "-",
        "unnamed:_7": "-",
        "sgpa": "-"
    },
    "17480104": {
        "engineering_economics": "-",
        "transmission_line_design": "-",
        "machine_design": "Abs",
        "advanced_instrumentation": "-",
        "project_i": "-",
        "micro-hydropower": "-",
        "unnamed:_7": "-",
        "sgpa": "-"
    },
    "17480105": {
        "engineering_economics": "-",
        "transmission_line_design": "-",
        "machine_design": "Abs",
        "advanced_instrumentation": "-",
        "project_i": "-",
        "micro-hydropower": "-",
        "unnamed:_7": "-",
        "sgpa": "-"
    },
    "17480109": {
        "engineering_economics": "-",
        "transmission_line_design": "F",
        "machine_design": "-",
        "advanced_instrumentation": "-",
        "project_i": "-",
        "micro-hydropower": "-",
        "unnamed:_7": "-",
        "sgpa": "-"
    },
    "18480038": {
        "engineering_economics": "-",
        "transmission_line_design": "-",
        "machine_design": "B-",
        "advanced_instrumentation": "-",
        "project_i": "-",
        "micro-hydropower": "-",
        "unnamed:_7": "-",
        "sgpa": "-"
    },
    "19480077": {
        "engineering_economics": "F",
        "transmission_line_design": "F",
        "machine_design": "-",
        "advanced_instrumentation": "-",
        "project_i": "-",
        "micro-hydropower": "-",
        "unnamed:_7": "-",
        "sgpa": "-"
    },
    "19480080": {
        "engineering_economics": "-",
        "transmission_line_design": "-",
        "machine_design": "F",
        "advanced_instrumentation": "-",
        "project_i": "-",
        "micro-hydropower": "-",
        "unnamed:_7": "-",
        "sgpa": "-"
    },
    "19480083": {
        "engineering_economics": "-",
        "transmission_line_design": "-",
        "machine_design": "F",
        "advanced_instrumentation": "-",
        "project_i": "-",
        "micro-hydropower": "-",
        "unnamed:_7": "-",
        "sgpa": "-"
    },
    "20480090": {
        "engineering_economics": "B",
        "transmission_line_design": "F",
        "machine_design": "F",
        "advanced_instrumentation": "B-",
        "project_i": "A",
        "micro-hydropower": "A",
        "unnamed:_7": "-",
        "sgpa": "-"
    },
    "20480091": {
        "engineering_economics": "F",
        "transmission_line_design": "F",
        "machine_design": "F",
        "advanced_instrumentation": "F",
        "project_i": "A",
        "micro-hydropower": "B+",
        "unnamed:_7": "-",
        "sgpa": "-"
    },
    "20480092": {
        "engineering_economics": "B-",
        "transmission_line_design": "F",
        "machine_design": "F",
        "advanced_instrumentation": "B",
        "project_i": "A",
        "micro-hydropower": "A-",
        "unnamed:_7": "-",
        "sgpa": "-"
    },
    "20480093": {
        "engineering_economics": "Abs",
        "transmission_line_design": "Abs",
        "machine_design": "Abs",
        "advanced_instrumentation": "CNR",
        "project_i": "Incomplete",
        "micro-hydropower": "Abs",
        "unnamed:_7": "-",
        "sgpa": "-"
    },
    "20480094": {
        "engineering_economics": "A-",
        "transmission_line_design": "A-",
        "machine_design": "A-",
        "advanced_instrumentation": "A",
        "project_i": "A",
        "micro-hydropower": "A",
        "unnamed:_7": "-",
        "sgpa": "3.83"
    },
    "20480095": {
        "engineering_economics": "B-",
        "transmission_line_design": "B+",
        "machine_design": "F",
        "advanced_instrumentation": "F",
        "project_i": "A",
        "micro-hydropower": "A",
        "unnamed:_7": "-",
        "sgpa": "-"
    },
    "20480096": {
        "engineering_economics": "A",
        "transmission_line_design": "A-",
        "machine_design": "B+",
        "advanced_instrumentation": "A",
        "project_i": "A",
        "micro-hydropower": "A",
        "unnamed:_7": "-",
        "sgpa": "3.81"
    },
    "20480097": {
        "engineering_economics": "B",
        "transmission_line_design": "F",
        "machine_design": "F",
        "advanced_instrumentation": "B+",
        "project_i": "A",
        "micro-hydropower": "A",
        "unnamed:_7": "-",
        "sgpa": "-"
    },
    "20480098": {
        "engineering_economics": "F",
        "transmission_line_design": "F",
        "machine_design": "F",
        "advanced_instrumentation": "CNR",
        "project_i": "A",
        "micro-hydropower": "B+",
        "unnamed:_7": "-",
        "sgpa": "-"
    },
    "20480099": {
        "engineering_economics": "B",
        "transmission_line_design": "B",
        "machine_design": "B",
        "advanced_instrumentation": "A",
        "project_i": "A",
        "micro-hydropower": "A",
        "unnamed:_7": "-",
        "sgpa": "3.44"
    },
    "20480100": {
        "engineering_economics": "B-",
        "transmission_line_design": "C",
        "machine_design": "B-",
        "advanced_instrumentation": "F",
        "project_i": "A",
        "micro-hydropower": "B+",
        "unnamed:_7": "-",
        "sgpa": "-"
    },
    "20480101": {
        "engineering_economics": "F",
        "transmission_line_design": "F",
        "machine_design": "F",
        "advanced_instrumentation": "CNR",
        "project_i": "A",
        "micro-hydropower": "B+",
        "unnamed:_7": "-",
        "sgpa": "-"
    },
    "20480102": {
        "engineering_economics": "A-",
        "transmission_line_design": "A-",
        "machine_design": "A",
        "advanced_instrumentation": "A",
        "project_i": "A",
        "micro-hydropower": "A",
        "unnamed:_7": "-",
        "sgpa": "3.89"
    },
    "20480103": {
        "engineering_economics": "A-",
        "transmission_line_design": "B+",
        "machine_design": "A-",
        "advanced_instrumentation": "C+",
        "project_i": "A",
        "micro-hydropower": "A",
        "unnamed:_7": "-",
        "sgpa": "3.44"
    }
}