{
    "nan": {
        "research_methodology": "-",
        "electromagnetic_propagation_and_antenna": "-",
        "digital_communication": "-",
        "computer_networks": "-",
        "digital_signal_processing": "-",
        "project_iii": "-",
        "artificial_neural_network": "-",
        "sgpa": "-"
    },
    "17110001": {
        "research_methodology": "Abs",
        "electromagnetic_propagation_and_antenna": "-",
        "digital_communication": "C+",
        "computer_networks": "F",
        "digital_signal_processing": "-",
        "project_iii": "-",
        "artificial_neural_network": "-",
        "sgpa": "-"
    },
    "17110003": {
        "research_methodology": "-",
        "electromagnetic_propagation_and_antenna": "-",
        "digital_communication": "F",
        "computer_networks": "-",
        "digital_signal_processing": "-",
        "project_iii": "-",
        "artificial_neural_network": "-",
        "sgpa": "-"
    },
    "17110014": {
        "research_methodology": "-",
        "electromagnetic_propagation_and_antenna": "-",
        "digital_communication": "-",
        "computer_networks": "C",
        "digital_signal_processing": "-",
        "project_iii": "-",
        "artificial_neural_network": "-",
        "sgpa": "-"
    },
    "17110018": {
        "research_methodology": "-",
        "electromagnetic_propagation_and_antenna": "-",
        "digital_communication": "Abs",
        "computer_networks": "-",
        "digital_signal_processing": "-",
        "project_iii": "-",
        "artificial_neural_network": "-",
        "sgpa": "-"
    },
    "17110032": {
        "research_methodology": "-",
        "electromagnetic_propagation_and_antenna": "-",
        "digital_communication": "C",
        "computer_networks": "-",
        "digital_signal_processing": "-",
        "project_iii": "-",
        "artificial_neural_network": "-",
        "sgpa": "-"
    },
    "17110067": {
        "research_methodology": "-",
        "electromagnetic_propagation_and_antenna": "-",
        "digital_communication": "F",
        "computer_networks": "F",
        "digital_signal_processing": "-",
        "project_iii": "-",
        "artificial_neural_network": "-",
        "sgpa": "-"
    },
    "17110076": {
        "research_methodology": "-",
        "electromagnetic_propagation_and_antenna": "-",
        "digital_communication": "Abs",
        "computer_networks": "-",
        "digital_signal_processing": "-",
        "project_iii": "-",
        "artificial_neural_network": "-",
        "sgpa": "-"
    },
    "17110081": {
        "research_methodology": "-",
        "electromagnetic_propagation_and_antenna": "-",
        "digital_communication": "Abs",
        "computer_networks": "-",
        "digital_signal_processing": "-",
        "project_iii": "-",
        "artificial_neural_network": "-",
        "sgpa": "-"
    },
    "17110082": {
        "research_methodology": "-",
        "electromagnetic_propagation_and_antenna": "-",
        "digital_communication": "Abs",
        "computer_networks": "-",
        "digital_signal_processing": "-",
        "project_iii": "-",
        "artificial_neural_network": "-",
        "sgpa": "-"
    },
    "18110001": {
        "research_methodology": "-",
        "electromagnetic_propagation_and_antenna": "-",
        "digital_communication": "-",
        "computer_networks": "-",
        "digital_signal_processing": "C",
        "project_iii": "-",
        "artificial_neural_network": "-",
        "sgpa": "-"
    },
    "18110002": {
        "research_methodology": "-",
        "electromagnetic_propagation_and_antenna": "-",
        "digital_communication": "Abs",
        "computer_networks": "-",
        "digital_signal_processing": "-",
        "project_iii": "-",
        "artificial_neural_network": "-",
        "sgpa": "-"
    },
    "18110003": {
        "research_methodology": "-",
        "electromagnetic_propagation_and_antenna": "-",
        "digital_communication": "-",
        "computer_networks": "Abs",
        "digital_signal_processing": "-",
        "project_iii": "-",
        "artificial_neural_network": "-",
        "sgpa": "-"
    },
    "18110012": {
        "research_methodology": "-",
        "electromagnetic_propagation_and_antenna": "-",
        "digital_communication": "C",
        "computer_networks": "-",
        "digital_signal_processing": "-",
        "project_iii": "-",
        "artificial_neural_network": "-",
        "sgpa": "-"
    },
    "18110019": {
        "research_methodology": "-",
        "electromagnetic_propagation_and_antenna": "B-",
        "digital_communication": "-",
        "computer_networks": "-",
        "digital_signal_processing": "-",
        "project_iii": "-",
        "artificial_neural_network": "-",
        "sgpa": "-"
    },
    "18110020": {
        "research_methodology": "-",
        "electromagnetic_propagation_and_antenna": "-",
        "digital_communication": "B",
        "computer_networks": "-",
        "digital_signal_processing": "-",
        "project_iii": "-",
        "artificial_neural_network": "-",
        "sgpa": "-"
    },
    "18110027": {
        "research_methodology": "-",
        "electromagnetic_propagation_and_antenna": "-",
        "digital_communication": "-",
        "computer_networks": "-",
        "digital_signal_processing": "C+",
        "project_iii": "-",
        "artificial_neural_network": "-",
        "sgpa": "-"
    },
    "18110028": {
        "research_methodology": "-",
        "electromagnetic_propagation_and_antenna": "-",
        "digital_communication": "-",
        "computer_networks": "-",
        "digital_signal_processing": "C",
        "project_iii": "-",
        "artificial_neural_network": "-",
        "sgpa": "-"
    },
    "18110033": {
        "research_methodology": "-",
        "electromagnetic_propagation_and_antenna": "-",
        "digital_communication": "-",
        "computer_networks": "-",
        "digital_signal_processing": "Abs",
        "project_iii": "-",
        "artificial_neural_network": "-",
        "sgpa": "-"
    },
    "18110037": {
        "research_methodology": "-",
        "electromagnetic_propagation_and_antenna": "-",
        "digital_communication": "-",
        "computer_networks": "F",
        "digital_signal_processing": "B-",
        "project_iii": "-",
        "artificial_neural_network": "-",
        "sgpa": "-"
    },
    "18110038": {
        "research_methodology": "Abs",
        "electromagnetic_propagation_and_antenna": "-",
        "digital_communication": "Abs",
        "computer_networks": "-",
        "digital_signal_processing": "Abs",
        "project_iii": "-",
        "artificial_neural_network": "-",
        "sgpa": "-"
    },
    "18110048": {
        "research_methodology": "-",
        "electromagnetic_propagation_and_antenna": "-",
        "digital_communication": "Abs",
        "computer_networks": "-",
        "digital_signal_processing": "-",
        "project_iii": "-",
        "artificial_neural_network": "-",
        "sgpa": "-"
    },
    "19110010": {
        "research_methodology": "-",
        "electromagnetic_propagation_and_antenna": "-",
        "digital_communication": "C+",
        "computer_networks": "-",
        "digital_signal_processing": "-",
        "project_iii": "-",
        "artificial_neural_network": "-",
        "sgpa": "-"
    },
    "19110017": {
        "research_methodology": "-",
        "electromagnetic_propagation_and_antenna": "-",
        "digital_communication": "-",
        "computer_networks": "-",
        "digital_signal_processing": "Abs",
        "project_iii": "-",
        "artificial_neural_network": "-",
        "sgpa": "-"
    },
    "20110001": {
        "research_methodology": "B-",
        "electromagnetic_propagation_and_antenna": "B",
        "digital_communication": "A-",
        "computer_networks": "C+",
        "digital_signal_processing": "B-",
        "project_iii": "A",
        "artificial_neural_network": "A",
        "sgpa": "3.18"
    },
    "20110002": {
        "research_methodology": "Abs",
        "electromagnetic_propagation_and_antenna": "A-",
        "digital_communication": "B+",
        "computer_networks": "Abs",
        "digital_signal_processing": "B+",
        "project_iii": "B+",
        "artificial_neural_network": "B+",
        "sgpa": "-"
    },
    "20110003": {
        "research_methodology": "B",
        "electromagnetic_propagation_and_antenna": "C+",
        "digital_communication": "C",
        "computer_networks": "F",
        "digital_signal_processing": "C+",
        "project_iii": "A",
        "artificial_neural_network": "A",
        "sgpa": "-"
    },
    "20110004": {
        "research_methodology": "F",
        "electromagnetic_propagation_and_antenna": "NQ",
        "digital_communication": "F",
        "computer_networks": "F",
        "digital_signal_processing": "F",
        "project_iii": "B-",
        "artificial_neural_network": "C",
        "sgpa": "-"
    },
    "20110005": {
        "research_methodology": "B+",
        "electromagnetic_propagation_and_antenna": "A-",
        "digital_communication": "A-",
        "computer_networks": "B",
        "digital_signal_processing": "B+",
        "project_iii": "A-",
        "artificial_neural_network": "A",
        "sgpa": "3.53"
    },
    "20110007": {
        "research_methodology": "C-",
        "electromagnetic_propagation_and_antenna": "C+",
        "digital_communication": "C",
        "computer_networks": "C",
        "digital_signal_processing": "C+",
        "project_iii": "B+",
        "artificial_neural_network": "C+",
        "sgpa": "2.25"
    },
    "20110011": {
        "research_methodology": "F",
        "electromagnetic_propagation_and_antenna": "B+",
        "digital_communication": "B",
        "computer_networks": "F",
        "digital_signal_processing": "B-",
        "project_iii": "A",
        "artificial_neural_network": "A",
        "sgpa": "-"
    },
    "20110013": {
        "research_methodology": "C-",
        "electromagnetic_propagation_and_antenna": "B",
        "digital_communication": "A-",
        "computer_networks": "C",
        "digital_signal_processing": "B+",
        "project_iii": "A",
        "artificial_neural_network": "A-",
        "sgpa": "3.08"
    },
    "20110014": {
        "research_methodology": "B-",
        "electromagnetic_propagation_and_antenna": "B",
        "digital_communication": "B+",
        "computer_networks": "B-",
        "digital_signal_processing": "C+",
        "project_iii": "A-",
        "artificial_neural_network": "B+",
        "sgpa": "2.98"
    },
    "20110015": {
        "research_methodology": "F",
        "electromagnetic_propagation_and_antenna": "NQ",
        "digital_communication": "F",
        "computer_networks": "NQ",
        "digital_signal_processing": "F",
        "project_iii": "C+",
        "artificial_neural_network": "C",
        "sgpa": "-"
    },
    "20110016": {
        "research_methodology": "B-",
        "electromagnetic_propagation_and_antenna": "B-",
        "digital_communication": "B",
        "computer_networks": "C+",
        "digital_signal_processing": "B-",
        "project_iii": "A",
        "artificial_neural_network": "A",
        "sgpa": "3.03"
    },
    "20110017": {
        "research_methodology": "F",
        "electromagnetic_propagation_and_antenna": "F",
        "digital_communication": "F",
        "computer_networks": "F",
        "digital_signal_processing": "F",
        "project_iii": "B+",
        "artificial_neural_network": "B",
        "sgpa": "-"
    },
    "20110019": {
        "research_methodology": "F",
        "electromagnetic_propagation_and_antenna": "F",
        "digital_communication": "F",
        "computer_networks": "F",
        "digital_signal_processing": "F",
        "project_iii": "B-",
        "artificial_neural_network": "B-",
        "sgpa": "-"
    },
    "20110020": {
        "research_methodology": "A-",
        "electromagnetic_propagation_and_antenna": "A",
        "digital_communication": "A-",
        "computer_networks": "B",
        "digital_signal_processing": "A",
        "project_iii": "A",
        "artificial_neural_network": "A",
        "sgpa": "3.76"
    }
}