{
    "nan": {
        "power_electronics": "-",
        "power_system_analysis": "-",
        "communication_system_engineering": "-",
        "power_plant_equipment": "-",
        "switch_gear_and_protection": "-",
        "research_methodology": "-"
    },
    "16480013": {
        "power_electronics": "Abs",
        "power_system_analysis": "-",
        "communication_system_engineering": "-",
        "power_plant_equipment": "-",
        "switch_gear_and_protection": "-",
        "research_methodology": "-"
    },
    "16480028": {
        "power_electronics": "C-",
        "power_system_analysis": "-",
        "communication_system_engineering": "-",
        "power_plant_equipment": "-",
        "switch_gear_and_protection": "-",
        "research_methodology": "-"
    },
    "16480045": {
        "power_electronics": "-",
        "power_system_analysis": "-",
        "communication_system_engineering": "-",
        "power_plant_equipment": "-",
        "switch_gear_and_protection": "Abs",
        "research_methodology": "-"
    },
    "16480051": {
        "power_electronics": "Abs",
        "power_system_analysis": "-",
        "communication_system_engineering": "-",
        "power_plant_equipment": "-",
        "switch_gear_and_protection": "-",
        "research_methodology": "-"
    },
    "16480098": {
        "power_electronics": "-",
        "power_system_analysis": "-",
        "communication_system_engineering": "-",
        "power_plant_equipment": "-",
        "switch_gear_and_protection": "F",
        "research_methodology": "-"
    },
    "16480122": {
        "power_electronics": "-",
        "power_system_analysis": "-",
        "communication_system_engineering": "-",
        "power_plant_equipment": "-",
        "switch_gear_and_protection": "A",
        "research_methodology": "-"
    },
    "16480127": {
        "power_electronics": "-",
        "power_system_analysis": "Abs",
        "communication_system_engineering": "-",
        "power_plant_equipment": "-",
        "switch_gear_and_protection": "-",
        "research_methodology": "-"
    },
    "16480139": {
        "power_electronics": "Abs",
        "power_system_analysis": "-",
        "communication_system_engineering": "-",
        "power_plant_equipment": "-",
        "switch_gear_and_protection": "-",
        "research_methodology": "-"
    },
    "16521029": {
        "power_electronics": "-",
        "power_system_analysis": "C-",
        "communication_system_engineering": "-",
        "power_plant_equipment": "-",
        "switch_gear_and_protection": "-",
        "research_methodology": "-"
    },
    "17480002": {
        "power_electronics": "-",
        "power_system_analysis": "-",
        "communication_system_engineering": "-",
        "power_plant_equipment": "-",
        "switch_gear_and_protection": "C",
        "research_methodology": "-"
    },
    "17480018": {
        "power_electronics": "F",
        "power_system_analysis": "-",
        "communication_system_engineering": "-",
        "power_plant_equipment": "Abs",
        "switch_gear_and_protection": "Abs",
        "research_methodology": "-"
    },
    "17480027": {
        "power_electronics": "-",
        "power_system_analysis": "-",
        "communication_system_engineering": "C-",
        "power_plant_equipment": "-",
        "switch_gear_and_protection": "F",
        "research_methodology": "-"
    },
    "17480031": {
        "power_electronics": "-",
        "power_system_analysis": "-",
        "communication_system_engineering": "F",
        "power_plant_equipment": "-",
        "switch_gear_and_protection": "-",
        "research_methodology": "-"
    },
    "17480041": {
        "power_electronics": "-",
        "power_system_analysis": "-",
        "communication_system_engineering": "-",
        "power_plant_equipment": "F",
        "switch_gear_and_protection": "-",
        "research_methodology": "-"
    },
    "17480046": {
        "power_electronics": "-",
        "power_system_analysis": "-",
        "communication_system_engineering": "-",
        "power_plant_equipment": "Abs",
        "switch_gear_and_protection": "Abs",
        "research_methodology": "-"
    },
    "17480081": {
        "power_electronics": "-",
        "power_system_analysis": "-",
        "communication_system_engineering": "Abs",
        "power_plant_equipment": "F",
        "switch_gear_and_protection": "-",
        "research_methodology": "-"
    },
    "17480096": {
        "power_electronics": "-",
        "power_system_analysis": "-",
        "communication_system_engineering": "-",
        "power_plant_equipment": "F",
        "switch_gear_and_protection": "-",
        "research_methodology": "-"
    },
    "17480099": {
        "power_electronics": "-",
        "power_system_analysis": "-",
        "communication_system_engineering": "-",
        "power_plant_equipment": "-",
        "switch_gear_and_protection": "Abs",
        "research_methodology": "-"
    },
    "17480105": {
        "power_electronics": "-",
        "power_system_analysis": "-",
        "communication_system_engineering": "-",
        "power_plant_equipment": "-",
        "switch_gear_and_protection": "Abs",
        "research_methodology": "-"
    },
    "17480109": {
        "power_electronics": "-",
        "power_system_analysis": "-",
        "communication_system_engineering": "-",
        "power_plant_equipment": "-",
        "switch_gear_and_protection": "-",
        "research_methodology": "F"
    },
    "17480134": {
        "power_electronics": "-",
        "power_system_analysis": "-",
        "communication_system_engineering": "Abs",
        "power_plant_equipment": "-",
        "switch_gear_and_protection": "-",
        "research_methodology": "-"
    },
    "17480138": {
        "power_electronics": "-",
        "power_system_analysis": "-",
        "communication_system_engineering": "-",
        "power_plant_equipment": "F",
        "switch_gear_and_protection": "F",
        "research_methodology": "-"
    },
    "17480144": {
        "power_electronics": "-",
        "power_system_analysis": "-",
        "communication_system_engineering": "-",
        "power_plant_equipment": "-",
        "switch_gear_and_protection": "F",
        "research_methodology": "-"
    },
    "17480146": {
        "power_electronics": "Abs",
        "power_system_analysis": "-",
        "communication_system_engineering": "-",
        "power_plant_equipment": "Abs",
        "switch_gear_and_protection": "Abs",
        "research_methodology": "-"
    },
    "18480004": {
        "power_electronics": "F",
        "power_system_analysis": "-",
        "communication_system_engineering": "-",
        "power_plant_equipment": "-",
        "switch_gear_and_protection": "-",
        "research_methodology": "-"
    },
    "18480006": {
        "power_electronics": "F",
        "power_system_analysis": "-",
        "communication_system_engineering": "-",
        "power_plant_equipment": "-",
        "switch_gear_and_protection": "-",
        "research_methodology": "-"
    },
    "18480009": {
        "power_electronics": "-",
        "power_system_analysis": "-",
        "communication_system_engineering": "-",
        "power_plant_equipment": "-",
        "switch_gear_and_protection": "C+",
        "research_methodology": "-"
    },
    "18480010": {
        "power_electronics": "-",
        "power_system_analysis": "-",
        "communication_system_engineering": "-",
        "power_plant_equipment": "-",
        "switch_gear_and_protection": "F",
        "research_methodology": "-"
    },
    "18480015": {
        "power_electronics": "C-",
        "power_system_analysis": "-",
        "communication_system_engineering": "-",
        "power_plant_equipment": "-",
        "switch_gear_and_protection": "-",
        "research_methodology": "-"
    },
    "18480020": {
        "power_electronics": "-",
        "power_system_analysis": "-",
        "communication_system_engineering": "-",
        "power_plant_equipment": "-",
        "switch_gear_and_protection": "-",
        "research_methodology": "Abs"
    },
    "18480028": {
        "power_electronics": "Abs",
        "power_system_analysis": "-",
        "communication_system_engineering": "-",
        "power_plant_equipment": "-",
        "switch_gear_and_protection": "-",
        "research_methodology": "-"
    },
    "18480055": {
        "power_electronics": "Abs",
        "power_system_analysis": "-",
        "communication_system_engineering": "-",
        "power_plant_equipment": "-",
        "switch_gear_and_protection": "-",
        "research_methodology": "-"
    },
    "18480062": {
        "power_electronics": "B",
        "power_system_analysis": "-",
        "communication_system_engineering": "-",
        "power_plant_equipment": "-",
        "switch_gear_and_protection": "-",
        "research_methodology": "-"
    },
    "18480079": {
        "power_electronics": "Abs",
        "power_system_analysis": "-",
        "communication_system_engineering": "-",
        "power_plant_equipment": "-",
        "switch_gear_and_protection": "-",
        "research_methodology": "-"
    },
    "18480098": {
        "power_electronics": "-",
        "power_system_analysis": "C",
        "communication_system_engineering": "-",
        "power_plant_equipment": "-",
        "switch_gear_and_protection": "-",
        "research_methodology": "-"
    },
    "18480105": {
        "power_electronics": "-",
        "power_system_analysis": "Abs",
        "communication_system_engineering": "-",
        "power_plant_equipment": "-",
        "switch_gear_and_protection": "-",
        "research_methodology": "-"
    },
    "18480144": {
        "power_electronics": "-",
        "power_system_analysis": "-",
        "communication_system_engineering": "-",
        "power_plant_equipment": "F",
        "switch_gear_and_protection": "-",
        "research_methodology": "-"
    },
    "19070478": {
        "power_electronics": "Abs",
        "power_system_analysis": "Abs",
        "communication_system_engineering": "-",
        "power_plant_equipment": "-",
        "switch_gear_and_protection": "-",
        "research_methodology": "-"
    },
    "19480019": {
        "power_electronics": "-",
        "power_system_analysis": "-",
        "communication_system_engineering": "-",
        "power_plant_equipment": "C-",
        "switch_gear_and_protection": "C-",
        "research_methodology": "-"
    },
    "19480021": {
        "power_electronics": "-",
        "power_system_analysis": "C+",
        "communication_system_engineering": "-",
        "power_plant_equipment": "-",
        "switch_gear_and_protection": "-",
        "research_methodology": "-"
    },
    "19480024": {
        "power_electronics": "-",
        "power_system_analysis": "Expelled",
        "communication_system_engineering": "-",
        "power_plant_equipment": "-",
        "switch_gear_and_protection": "-",
        "research_methodology": "-"
    },
    "19480025": {
        "power_electronics": "F",
        "power_system_analysis": "-",
        "communication_system_engineering": "-",
        "power_plant_equipment": "-",
        "switch_gear_and_protection": "-",
        "research_methodology": "-"
    },
    "19480034": {
        "power_electronics": "-",
        "power_system_analysis": "-",
        "communication_system_engineering": "-",
        "power_plant_equipment": "D+",
        "switch_gear_and_protection": "C-",
        "research_methodology": "-"
    },
    "19480035": {
        "power_electronics": "-",
        "power_system_analysis": "-",
        "communication_system_engineering": "Abs",
        "power_plant_equipment": "Abs",
        "switch_gear_and_protection": "-",
        "research_methodology": "-"
    },
    "19480037": {
        "power_electronics": "-",
        "power_system_analysis": "-",
        "communication_system_engineering": "-",
        "power_plant_equipment": "-",
        "switch_gear_and_protection": "Withheld",
        "research_methodology": "-"
    },
    "19480039": {
        "power_electronics": "-",
        "power_system_analysis": "-",
        "communication_system_engineering": "-",
        "power_plant_equipment": "-",
        "switch_gear_and_protection": "B",
        "research_methodology": "-"
    },
    "19480040": {
        "power_electronics": "-",
        "power_system_analysis": "-",
        "communication_system_engineering": "-",
        "power_plant_equipment": "F",
        "switch_gear_and_protection": "-",
        "research_methodology": "-"
    },
    "19480045": {
        "power_electronics": "F",
        "power_system_analysis": "-",
        "communication_system_engineering": "F",
        "power_plant_equipment": "F",
        "switch_gear_and_protection": "C",
        "research_methodology": "-"
    },
    "19480046": {
        "power_electronics": "-",
        "power_system_analysis": "-",
        "communication_system_engineering": "F",
        "power_plant_equipment": "-",
        "switch_gear_and_protection": "-",
        "research_methodology": "-"
    },
    "19480055": {
        "power_electronics": "F",
        "power_system_analysis": "-",
        "communication_system_engineering": "-",
        "power_plant_equipment": "-",
        "switch_gear_and_protection": "Abs",
        "research_methodology": "-"
    },
    "19480056": {
        "power_electronics": "-",
        "power_system_analysis": "-",
        "communication_system_engineering": "-",
        "power_plant_equipment": "F",
        "switch_gear_and_protection": "C-",
        "research_methodology": "-"
    },
    "19480059": {
        "power_electronics": "-",
        "power_system_analysis": "F",
        "communication_system_engineering": "-",
        "power_plant_equipment": "-",
        "switch_gear_and_protection": "-",
        "research_methodology": "-"
    },
    "19480061": {
        "power_electronics": "-",
        "power_system_analysis": "-",
        "communication_system_engineering": "-",
        "power_plant_equipment": "C-",
        "switch_gear_and_protection": "B",
        "research_methodology": "-"
    },
    "19480063": {
        "power_electronics": "-",
        "power_system_analysis": "F",
        "communication_system_engineering": "-",
        "power_plant_equipment": "-",
        "switch_gear_and_protection": "-",
        "research_methodology": "-"
    },
    "19480064": {
        "power_electronics": "-",
        "power_system_analysis": "C",
        "communication_system_engineering": "-",
        "power_plant_equipment": "-",
        "switch_gear_and_protection": "C-",
        "research_methodology": "-"
    },
    "19480066": {
        "power_electronics": "-",
        "power_system_analysis": "F",
        "communication_system_engineering": "-",
        "power_plant_equipment": "-",
        "switch_gear_and_protection": "F",
        "research_methodology": "-"
    },
    "19480068": {
        "power_electronics": "-",
        "power_system_analysis": "-",
        "communication_system_engineering": "-",
        "power_plant_equipment": "-",
        "switch_gear_and_protection": "-",
        "research_methodology": "Abs"
    },
    "19480069": {
        "power_electronics": "F",
        "power_system_analysis": "-",
        "communication_system_engineering": "-",
        "power_plant_equipment": "Expelled",
        "switch_gear_and_protection": "-",
        "research_methodology": "-"
    },
    "19480077": {
        "power_electronics": "-",
        "power_system_analysis": "-",
        "communication_system_engineering": "F",
        "power_plant_equipment": "-",
        "switch_gear_and_protection": "-",
        "research_methodology": "F"
    },
    "19480080": {
        "power_electronics": "-",
        "power_system_analysis": "-",
        "communication_system_engineering": "-",
        "power_plant_equipment": "-",
        "switch_gear_and_protection": "C",
        "research_methodology": "-"
    },
    "19480081": {
        "power_electronics": "-",
        "power_system_analysis": "-",
        "communication_system_engineering": "-",
        "power_plant_equipment": "-",
        "switch_gear_and_protection": "B-",
        "research_methodology": "-"
    },
    "19480087": {
        "power_electronics": "F",
        "power_system_analysis": "-",
        "communication_system_engineering": "-",
        "power_plant_equipment": "-",
        "switch_gear_and_protection": "-",
        "research_methodology": "-"
    },
    "19480091": {
        "power_electronics": "-",
        "power_system_analysis": "-",
        "communication_system_engineering": "C",
        "power_plant_equipment": "-",
        "switch_gear_and_protection": "-",
        "research_methodology": "-"
    },
    "19480101": {
        "power_electronics": "-",
        "power_system_analysis": "C-",
        "communication_system_engineering": "-",
        "power_plant_equipment": "-",
        "switch_gear_and_protection": "-",
        "research_methodology": "-"
    },
    "19480106": {
        "power_electronics": "-",
        "power_system_analysis": "-",
        "communication_system_engineering": "-",
        "power_plant_equipment": "F",
        "switch_gear_and_protection": "-",
        "research_methodology": "-"
    },
    "19480107": {
        "power_electronics": "C-",
        "power_system_analysis": "-",
        "communication_system_engineering": "-",
        "power_plant_equipment": "C-",
        "switch_gear_and_protection": "-",
        "research_methodology": "-"
    },
    "19480110": {
        "power_electronics": "-",
        "power_system_analysis": "-",
        "communication_system_engineering": "-",
        "power_plant_equipment": "C-",
        "switch_gear_and_protection": "-",
        "research_methodology": "-"
    },
    "19480111": {
        "power_electronics": "-",
        "power_system_analysis": "-",
        "communication_system_engineering": "-",
        "power_plant_equipment": "Abs",
        "switch_gear_and_protection": "-",
        "research_methodology": "-"
    },
    "19480114": {
        "power_electronics": "-",
        "power_system_analysis": "-",
        "communication_system_engineering": "-",
        "power_plant_equipment": "-",
        "switch_gear_and_protection": "Abs",
        "research_methodology": "-"
    },
    "19480122": {
        "power_electronics": "Abs",
        "power_system_analysis": "Abs",
        "communication_system_engineering": "-",
        "power_plant_equipment": "-",
        "switch_gear_and_protection": "-",
        "research_methodology": "-"
    },
    "19480123": {
        "power_electronics": "-",
        "power_system_analysis": "F",
        "communication_system_engineering": "-",
        "power_plant_equipment": "-",
        "switch_gear_and_protection": "F",
        "research_methodology": "-"
    },
    "19480124": {
        "power_electronics": "-",
        "power_system_analysis": "-",
        "communication_system_engineering": "-",
        "power_plant_equipment": "-",
        "switch_gear_and_protection": "Abs",
        "research_methodology": "-"
    },
    "19480126": {
        "power_electronics": "-",
        "power_system_analysis": "C+",
        "communication_system_engineering": "-",
        "power_plant_equipment": "-",
        "switch_gear_and_protection": "-",
        "research_methodology": "-"
    },
    "19480129": {
        "power_electronics": "Abs",
        "power_system_analysis": "-",
        "communication_system_engineering": "-",
        "power_plant_equipment": "-",
        "switch_gear_and_protection": "-",
        "research_methodology": "-"
    },
    "19480130": {
        "power_electronics": "Abs",
        "power_system_analysis": "-",
        "communication_system_engineering": "-",
        "power_plant_equipment": "-",
        "switch_gear_and_protection": "-",
        "research_methodology": "-"
    },
    "19480131": {
        "power_electronics": "-",
        "power_system_analysis": "-",
        "communication_system_engineering": "Abs",
        "power_plant_equipment": "-",
        "switch_gear_and_protection": "Abs",
        "research_methodology": "F"
    },
    "19480132": {
        "power_electronics": "Abs",
        "power_system_analysis": "-",
        "communication_system_engineering": "-",
        "power_plant_equipment": "-",
        "switch_gear_and_protection": "F",
        "research_methodology": "-"
    },
    "19480133": {
        "power_electronics": "-",
        "power_system_analysis": "Abs",
        "communication_system_engineering": "Abs",
        "power_plant_equipment": "-",
        "switch_gear_and_protection": "Abs",
        "research_methodology": "-"
    },
    "20040577": {
        "power_electronics": "F",
        "power_system_analysis": "-",
        "communication_system_engineering": "-",
        "power_plant_equipment": "-",
        "switch_gear_and_protection": "-",
        "research_methodology": "-"
    },
    "20040581": {
        "power_electronics": "C-",
        "power_system_analysis": "-",
        "communication_system_engineering": "-",
        "power_plant_equipment": "-",
        "switch_gear_and_protection": "-",
        "research_methodology": "-"
    },
    "20110006": {
        "power_electronics": "-",
        "power_system_analysis": "-",
        "communication_system_engineering": "C+",
        "power_plant_equipment": "-",
        "switch_gear_and_protection": "-",
        "research_methodology": "-"
    },
    "20480002": {
        "power_electronics": "-",
        "power_system_analysis": "-",
        "communication_system_engineering": "-",
        "power_plant_equipment": "-",
        "switch_gear_and_protection": "B+",
        "research_methodology": "-"
    },
    "20480004": {
        "power_electronics": "-",
        "power_system_analysis": "-",
        "communication_system_engineering": "-",
        "power_plant_equipment": "-",
        "switch_gear_and_protection": "C+",
        "research_methodology": "-"
    },
    "20480005": {
        "power_electronics": "-",
        "power_system_analysis": "F",
        "communication_system_engineering": "-",
        "power_plant_equipment": "-",
        "switch_gear_and_protection": "-",
        "research_methodology": "Abs"
    },
    "20480006": {
        "power_electronics": "-",
        "power_system_analysis": "-",
        "communication_system_engineering": "-",
        "power_plant_equipment": "-",
        "switch_gear_and_protection": "B-",
        "research_methodology": "-"
    },
    "20480008": {
        "power_electronics": "-",
        "power_system_analysis": "-",
        "communication_system_engineering": "-",
        "power_plant_equipment": "C+",
        "switch_gear_and_protection": "A-",
        "research_methodology": "-"
    },
    "20480011": {
        "power_electronics": "-",
        "power_system_analysis": "-",
        "communication_system_engineering": "-",
        "power_plant_equipment": "-",
        "switch_gear_and_protection": "A",
        "research_methodology": "-"
    },
    "20480012": {
        "power_electronics": "-",
        "power_system_analysis": "-",
        "communication_system_engineering": "-",
        "power_plant_equipment": "C",
        "switch_gear_and_protection": "-",
        "research_methodology": "-"
    },
    "20480013": {
        "power_electronics": "-",
        "power_system_analysis": "C+",
        "communication_system_engineering": "-",
        "power_plant_equipment": "-",
        "switch_gear_and_protection": "A-",
        "research_methodology": "-"
    },
    "20480014": {
        "power_electronics": "-",
        "power_system_analysis": "B-",
        "communication_system_engineering": "-",
        "power_plant_equipment": "-",
        "switch_gear_and_protection": "B-",
        "research_methodology": "-"
    },
    "20480015": {
        "power_electronics": "-",
        "power_system_analysis": "-",
        "communication_system_engineering": "-",
        "power_plant_equipment": "-",
        "switch_gear_and_protection": "A-",
        "research_methodology": "-"
    },
    "20480017": {
        "power_electronics": "-",
        "power_system_analysis": "-",
        "communication_system_engineering": "-",
        "power_plant_equipment": "-",
        "switch_gear_and_protection": "C+",
        "research_methodology": "-"
    },
    "20480022": {
        "power_electronics": "-",
        "power_system_analysis": "-",
        "communication_system_engineering": "-",
        "power_plant_equipment": "-",
        "switch_gear_and_protection": "F",
        "research_methodology": "-"
    },
    "20480023": {
        "power_electronics": "-",
        "power_system_analysis": "-",
        "communication_system_engineering": "-",
        "power_plant_equipment": "-",
        "switch_gear_and_protection": "B-",
        "research_methodology": "-"
    },
    "20480026": {
        "power_electronics": "-",
        "power_system_analysis": "C",
        "communication_system_engineering": "-",
        "power_plant_equipment": "-",
        "switch_gear_and_protection": "-",
        "research_methodology": "-"
    },
    "20480027": {
        "power_electronics": "-",
        "power_system_analysis": "-",
        "communication_system_engineering": "-",
        "power_plant_equipment": "-",
        "switch_gear_and_protection": "C+",
        "research_methodology": "-"
    },
    "20480030": {
        "power_electronics": "-",
        "power_system_analysis": "-",
        "communication_system_engineering": "-",
        "power_plant_equipment": "-",
        "switch_gear_and_protection": "B",
        "research_methodology": "-"
    },
    "20480031": {
        "power_electronics": "-",
        "power_system_analysis": "-",
        "communication_system_engineering": "-",
        "power_plant_equipment": "-",
        "switch_gear_and_protection": "D+",
        "research_methodology": "-"
    },
    "20480035": {
        "power_electronics": "-",
        "power_system_analysis": "-",
        "communication_system_engineering": "F",
        "power_plant_equipment": "-",
        "switch_gear_and_protection": "-",
        "research_methodology": "D+"
    },
    "20480037": {
        "power_electronics": "-",
        "power_system_analysis": "-",
        "communication_system_engineering": "-",
        "power_plant_equipment": "C",
        "switch_gear_and_protection": "-",
        "research_methodology": "-"
    },
    "20480039": {
        "power_electronics": "-",
        "power_system_analysis": "-",
        "communication_system_engineering": "-",
        "power_plant_equipment": "-",
        "switch_gear_and_protection": "B",
        "research_methodology": "-"
    },
    "20480051": {
        "power_electronics": "-",
        "power_system_analysis": "-",
        "communication_system_engineering": "-",
        "power_plant_equipment": "-",
        "switch_gear_and_protection": "B-",
        "research_methodology": "-"
    },
    "20480053": {
        "power_electronics": "-",
        "power_system_analysis": "-",
        "communication_system_engineering": "Abs",
        "power_plant_equipment": "-",
        "switch_gear_and_protection": "-",
        "research_methodology": "-"
    },
    "20480056": {
        "power_electronics": "-",
        "power_system_analysis": "-",
        "communication_system_engineering": "-",
        "power_plant_equipment": "Abs",
        "switch_gear_and_protection": "F",
        "research_methodology": "-"
    },
    "20480063": {
        "power_electronics": "-",
        "power_system_analysis": "-",
        "communication_system_engineering": "-",
        "power_plant_equipment": "F",
        "switch_gear_and_protection": "B-",
        "research_methodology": "-"
    },
    "20480064": {
        "power_electronics": "-",
        "power_system_analysis": "-",
        "communication_system_engineering": "-",
        "power_plant_equipment": "-",
        "switch_gear_and_protection": "A-",
        "research_methodology": "-"
    },
    "20480067": {
        "power_electronics": "-",
        "power_system_analysis": "F",
        "communication_system_engineering": "-",
        "power_plant_equipment": "-",
        "switch_gear_and_protection": "B",
        "research_methodology": "-"
    },
    "20480068": {
        "power_electronics": "-",
        "power_system_analysis": "-",
        "communication_system_engineering": "-",
        "power_plant_equipment": "-",
        "switch_gear_and_protection": "A",
        "research_methodology": "-"
    },
    "20480069": {
        "power_electronics": "C",
        "power_system_analysis": "-",
        "communication_system_engineering": "-",
        "power_plant_equipment": "-",
        "switch_gear_and_protection": "A-",
        "research_methodology": "-"
    },
    "20480071": {
        "power_electronics": "-",
        "power_system_analysis": "-",
        "communication_system_engineering": "-",
        "power_plant_equipment": "-",
        "switch_gear_and_protection": "-",
        "research_methodology": "Abs"
    },
    "20480072": {
        "power_electronics": "-",
        "power_system_analysis": "-",
        "communication_system_engineering": "-",
        "power_plant_equipment": "C+",
        "switch_gear_and_protection": "-",
        "research_methodology": "-"
    },
    "20480076": {
        "power_electronics": "F",
        "power_system_analysis": "-",
        "communication_system_engineering": "-",
        "power_plant_equipment": "F",
        "switch_gear_and_protection": "A",
        "research_methodology": "-"
    },
    "20480080": {
        "power_electronics": "-",
        "power_system_analysis": "-",
        "communication_system_engineering": "-",
        "power_plant_equipment": "-",
        "switch_gear_and_protection": "Abs",
        "research_methodology": "-"
    },
    "20480082": {
        "power_electronics": "-",
        "power_system_analysis": "-",
        "communication_system_engineering": "-",
        "power_plant_equipment": "-",
        "switch_gear_and_protection": "F",
        "research_methodology": "-"
    },
    "20480083": {
        "power_electronics": "-",
        "power_system_analysis": "-",
        "communication_system_engineering": "C-",
        "power_plant_equipment": "-",
        "switch_gear_and_protection": "-",
        "research_methodology": "-"
    },
    "20480084": {
        "power_electronics": "-",
        "power_system_analysis": "-",
        "communication_system_engineering": "-",
        "power_plant_equipment": "C-",
        "switch_gear_and_protection": "B-",
        "research_methodology": "-"
    },
    "20480088": {
        "power_electronics": "-",
        "power_system_analysis": "Abs",
        "communication_system_engineering": "-",
        "power_plant_equipment": "-",
        "switch_gear_and_protection": "Abs",
        "research_methodology": "-"
    },
    "20480089": {
        "power_electronics": "-",
        "power_system_analysis": "-",
        "communication_system_engineering": "-",
        "power_plant_equipment": "-",
        "switch_gear_and_protection": "-",
        "research_methodology": "Abs"
    },
    "20480090": {
        "power_electronics": "-",
        "power_system_analysis": "F",
        "communication_system_engineering": "-",
        "power_plant_equipment": "-",
        "switch_gear_and_protection": "-",
        "research_methodology": "-"
    },
    "20480092": {
        "power_electronics": "F",
        "power_system_analysis": "-",
        "communication_system_engineering": "-",
        "power_plant_equipment": "-",
        "switch_gear_and_protection": "-",
        "research_methodology": "-"
    },
    "20480093": {
        "power_electronics": "-",
        "power_system_analysis": "Abs",
        "communication_system_engineering": "-",
        "power_plant_equipment": "-",
        "switch_gear_and_protection": "-",
        "research_methodology": "-"
    },
    "20480095": {
        "power_electronics": "C",
        "power_system_analysis": "C-",
        "communication_system_engineering": "-",
        "power_plant_equipment": "B-",
        "switch_gear_and_protection": "-",
        "research_methodology": "-"
    },
    "20480096": {
        "power_electronics": "C+",
        "power_system_analysis": "-",
        "communication_system_engineering": "-",
        "power_plant_equipment": "F",
        "switch_gear_and_protection": "-",
        "research_methodology": "-"
    },
    "20480098": {
        "power_electronics": "-",
        "power_system_analysis": "-",
        "communication_system_engineering": "-",
        "power_plant_equipment": "-",
        "switch_gear_and_protection": "-",
        "research_methodology": "F"
    },
    "20480101": {
        "power_electronics": "-",
        "power_system_analysis": "-",
        "communication_system_engineering": "-",
        "power_plant_equipment": "-",
        "switch_gear_and_protection": "-",
        "research_methodology": "F"
    },
    "20480102": {
        "power_electronics": "-",
        "power_system_analysis": "C",
        "communication_system_engineering": "-",
        "power_plant_equipment": "-",
        "switch_gear_and_protection": "-",
        "research_methodology": "-"
    }
}