{
    "nan": {
        "engineering_mathematics_i": "-",
        "physics": "-",
        "chemistry": "-",
        "thermal_science": "-",
        "communication_techniques": "-",
        "engineering_drawing": "-",
        "programming_in_c": "-",
        "basic_electrical_engineering": "-"
    },
    "17480002": {
        "engineering_mathematics_i": "-",
        "physics": "-",
        "chemistry": "-",
        "thermal_science": "-",
        "communication_techniques": "-",
        "engineering_drawing": "-",
        "programming_in_c": "F",
        "basic_electrical_engineering": "-"
    },
    "17480027": {
        "engineering_mathematics_i": "-",
        "physics": "-",
        "chemistry": "-",
        "thermal_science": "-",
        "communication_techniques": "-",
        "engineering_drawing": "-",
        "programming_in_c": "F",
        "basic_electrical_engineering": "-"
    },
    "17480032": {
        "engineering_mathematics_i": "-",
        "physics": "-",
        "chemistry": "-",
        "thermal_science": "-",
        "communication_techniques": "-",
        "engineering_drawing": "-",
        "programming_in_c": "-",
        "basic_electrical_engineering": "C"
    },
    "17480064": {
        "engineering_mathematics_i": "-",
        "physics": "-",
        "chemistry": "-",
        "thermal_science": "B-",
        "communication_techniques": "-",
        "engineering_drawing": "-",
        "programming_in_c": "-",
        "basic_electrical_engineering": "-"
    },
    "17480104": {
        "engineering_mathematics_i": "-",
        "physics": "-",
        "chemistry": "B",
        "thermal_science": "-",
        "communication_techniques": "-",
        "engineering_drawing": "-",
        "programming_in_c": "-",
        "basic_electrical_engineering": "-"
    },
    "17480138": {
        "engineering_mathematics_i": "-",
        "physics": "-",
        "chemistry": "-",
        "thermal_science": "-",
        "communication_techniques": "-",
        "engineering_drawing": "-",
        "programming_in_c": "F",
        "basic_electrical_engineering": "-"
    },
    "17480146": {
        "engineering_mathematics_i": "-",
        "physics": "-",
        "chemistry": "-",
        "thermal_science": "-",
        "communication_techniques": "-",
        "engineering_drawing": "-",
        "programming_in_c": "-",
        "basic_electrical_engineering": "Abs"
    },
    "18480004": {
        "engineering_mathematics_i": "-",
        "physics": "-",
        "chemistry": "-",
        "thermal_science": "-",
        "communication_techniques": "-",
        "engineering_drawing": "-",
        "programming_in_c": "F",
        "basic_electrical_engineering": "-"
    },
    "18480011": {
        "engineering_mathematics_i": "-",
        "physics": "-",
        "chemistry": "-",
        "thermal_science": "-",
        "communication_techniques": "-",
        "engineering_drawing": "-",
        "programming_in_c": "-",
        "basic_electrical_engineering": "-"
    },
    "18480016": {
        "engineering_mathematics_i": "-",
        "physics": "-",
        "chemistry": "-",
        "thermal_science": "-",
        "communication_techniques": "Abs",
        "engineering_drawing": "-",
        "programming_in_c": "-",
        "basic_electrical_engineering": "-"
    },
    "18480018": {
        "engineering_mathematics_i": "B",
        "physics": "-",
        "chemistry": "-",
        "thermal_science": "-",
        "communication_techniques": "-",
        "engineering_drawing": "-",
        "programming_in_c": "F",
        "basic_electrical_engineering": "-"
    },
    "18480019": {
        "engineering_mathematics_i": "F",
        "physics": "-",
        "chemistry": "-",
        "thermal_science": "-",
        "communication_techniques": "-",
        "engineering_drawing": "-",
        "programming_in_c": "-",
        "basic_electrical_engineering": "-"
    },
    "18480020": {
        "engineering_mathematics_i": "-",
        "physics": "-",
        "chemistry": "Abs",
        "thermal_science": "-",
        "communication_techniques": "-",
        "engineering_drawing": "Abs",
        "programming_in_c": "-",
        "basic_electrical_engineering": "Abs"
    },
    "18480027": {
        "engineering_mathematics_i": "F",
        "physics": "-",
        "chemistry": "-",
        "thermal_science": "-",
        "communication_techniques": "-",
        "engineering_drawing": "-",
        "programming_in_c": "-",
        "basic_electrical_engineering": "F"
    },
    "18480028": {
        "engineering_mathematics_i": "-",
        "physics": "-",
        "chemistry": "-",
        "thermal_science": "-",
        "communication_techniques": "-",
        "engineering_drawing": "-",
        "programming_in_c": "Abs",
        "basic_electrical_engineering": "-"
    },
    "18480031": {
        "engineering_mathematics_i": "F",
        "physics": "-",
        "chemistry": "-",
        "thermal_science": "-",
        "communication_techniques": "-",
        "engineering_drawing": "-",
        "programming_in_c": "-",
        "basic_electrical_engineering": "-"
    },
    "18480034": {
        "engineering_mathematics_i": "-",
        "physics": "-",
        "chemistry": "Abs",
        "thermal_science": "-",
        "communication_techniques": "-",
        "engineering_drawing": "-",
        "programming_in_c": "Abs",
        "basic_electrical_engineering": "-"
    },
    "18480083": {
        "engineering_mathematics_i": "-",
        "physics": "Abs",
        "chemistry": "-",
        "thermal_science": "-",
        "communication_techniques": "-",
        "engineering_drawing": "-",
        "programming_in_c": "Abs",
        "basic_electrical_engineering": "-"
    },
    "18480085": {
        "engineering_mathematics_i": "-",
        "physics": "B+",
        "chemistry": "-",
        "thermal_science": "-",
        "communication_techniques": "-",
        "engineering_drawing": "-",
        "programming_in_c": "-",
        "basic_electrical_engineering": "-"
    },
    "18480087": {
        "engineering_mathematics_i": "-",
        "physics": "-",
        "chemistry": "-",
        "thermal_science": "-",
        "communication_techniques": "-",
        "engineering_drawing": "-",
        "programming_in_c": "-",
        "basic_electrical_engineering": "Abs"
    },
    "18480106": {
        "engineering_mathematics_i": "Abs",
        "physics": "-",
        "chemistry": "-",
        "thermal_science": "-",
        "communication_techniques": "-",
        "engineering_drawing": "-",
        "programming_in_c": "-",
        "basic_electrical_engineering": "Abs"
    },
    "18480107": {
        "engineering_mathematics_i": "-",
        "physics": "-",
        "chemistry": "-",
        "thermal_science": "-",
        "communication_techniques": "-",
        "engineering_drawing": "-",
        "programming_in_c": "Withheld",
        "basic_electrical_engineering": "-"
    },
    "18480108": {
        "engineering_mathematics_i": "F",
        "physics": "-",
        "chemistry": "-",
        "thermal_science": "-",
        "communication_techniques": "-",
        "engineering_drawing": "-",
        "programming_in_c": "-",
        "basic_electrical_engineering": "-"
    },
    "18480112": {
        "engineering_mathematics_i": "Cancelled",
        "physics": "-",
        "chemistry": "-",
        "thermal_science": "-",
        "communication_techniques": "-",
        "engineering_drawing": "-",
        "programming_in_c": "-",
        "basic_electrical_engineering": "Cancelled"
    },
    "18480118": {
        "engineering_mathematics_i": "F",
        "physics": "-",
        "chemistry": "F",
        "thermal_science": "-",
        "communication_techniques": "-",
        "engineering_drawing": "-",
        "programming_in_c": "-",
        "basic_electrical_engineering": "-"
    },
    "18480129": {
        "engineering_mathematics_i": "-",
        "physics": "-",
        "chemistry": "-",
        "thermal_science": "-",
        "communication_techniques": "-",
        "engineering_drawing": "-",
        "programming_in_c": "-",
        "basic_electrical_engineering": "Abs"
    },
    "19070478": {
        "engineering_mathematics_i": "-",
        "physics": "-",
        "chemistry": "-",
        "thermal_science": "Abs",
        "communication_techniques": "-",
        "engineering_drawing": "-",
        "programming_in_c": "-",
        "basic_electrical_engineering": "-"
    },
    "19480009": {
        "engineering_mathematics_i": "-",
        "physics": "-",
        "chemistry": "-",
        "thermal_science": "-",
        "communication_techniques": "-",
        "engineering_drawing": "-",
        "programming_in_c": "C+",
        "basic_electrical_engineering": "-"
    },
    "19480010": {
        "engineering_mathematics_i": "-",
        "physics": "-",
        "chemistry": "-",
        "thermal_science": "-",
        "communication_techniques": "-",
        "engineering_drawing": "-",
        "programming_in_c": "-",
        "basic_electrical_engineering": "C+"
    },
    "19480018": {
        "engineering_mathematics_i": "-",
        "physics": "-",
        "chemistry": "-",
        "thermal_science": "-",
        "communication_techniques": "-",
        "engineering_drawing": "-",
        "programming_in_c": "-",
        "basic_electrical_engineering": "F"
    },
    "19480025": {
        "engineering_mathematics_i": "-",
        "physics": "-",
        "chemistry": "-",
        "thermal_science": "-",
        "communication_techniques": "-",
        "engineering_drawing": "-",
        "programming_in_c": "B",
        "basic_electrical_engineering": "-"
    },
    "19480028": {
        "engineering_mathematics_i": "-",
        "physics": "-",
        "chemistry": "-",
        "thermal_science": "-",
        "communication_techniques": "-",
        "engineering_drawing": "-",
        "programming_in_c": "-",
        "basic_electrical_engineering": "Abs"
    },
    "19480029": {
        "engineering_mathematics_i": "-",
        "physics": "-",
        "chemistry": "-",
        "thermal_science": "-",
        "communication_techniques": "-",
        "engineering_drawing": "-",
        "programming_in_c": "Abs",
        "basic_electrical_engineering": "-"
    },
    "19480044": {
        "engineering_mathematics_i": "-",
        "physics": "-",
        "chemistry": "-",
        "thermal_science": "-",
        "communication_techniques": "-",
        "engineering_drawing": "-",
        "programming_in_c": "C",
        "basic_electrical_engineering": "-"
    },
    "19480046": {
        "engineering_mathematics_i": "-",
        "physics": "-",
        "chemistry": "-",
        "thermal_science": "-",
        "communication_techniques": "-",
        "engineering_drawing": "-",
        "programming_in_c": "-",
        "basic_electrical_engineering": "F"
    },
    "19480049": {
        "engineering_mathematics_i": "-",
        "physics": "-",
        "chemistry": "C+",
        "thermal_science": "-",
        "communication_techniques": "-",
        "engineering_drawing": "-",
        "programming_in_c": "-",
        "basic_electrical_engineering": "-"
    },
    "19480055": {
        "engineering_mathematics_i": "-",
        "physics": "-",
        "chemistry": "-",
        "thermal_science": "-",
        "communication_techniques": "-",
        "engineering_drawing": "Abs",
        "programming_in_c": "-",
        "basic_electrical_engineering": "C+"
    },
    "19480058": {
        "engineering_mathematics_i": "-",
        "physics": "-",
        "chemistry": "-",
        "thermal_science": "-",
        "communication_techniques": "-",
        "engineering_drawing": "-",
        "programming_in_c": "F",
        "basic_electrical_engineering": "-"
    },
    "19480059": {
        "engineering_mathematics_i": "C+",
        "physics": "-",
        "chemistry": "F",
        "thermal_science": "-",
        "communication_techniques": "-",
        "engineering_drawing": "-",
        "programming_in_c": "-",
        "basic_electrical_engineering": "F"
    },
    "19480060": {
        "engineering_mathematics_i": "-",
        "physics": "-",
        "chemistry": "-",
        "thermal_science": "-",
        "communication_techniques": "-",
        "engineering_drawing": "Abs",
        "programming_in_c": "-",
        "basic_electrical_engineering": "-"
    },
    "19480061": {
        "engineering_mathematics_i": "-",
        "physics": "-",
        "chemistry": "-",
        "thermal_science": "-",
        "communication_techniques": "-",
        "engineering_drawing": "Abs",
        "programming_in_c": "-",
        "basic_electrical_engineering": "-"
    },
    "19480064": {
        "engineering_mathematics_i": "-",
        "physics": "-",
        "chemistry": "-",
        "thermal_science": "-",
        "communication_techniques": "-",
        "engineering_drawing": "-",
        "programming_in_c": "-",
        "basic_electrical_engineering": "C+"
    },
    "19480068": {
        "engineering_mathematics_i": "-",
        "physics": "-",
        "chemistry": "-",
        "thermal_science": "-",
        "communication_techniques": "-",
        "engineering_drawing": "-",
        "programming_in_c": "-",
        "basic_electrical_engineering": "Abs"
    },
    "19480077": {
        "engineering_mathematics_i": "-",
        "physics": "-",
        "chemistry": "Abs",
        "thermal_science": "-",
        "communication_techniques": "-",
        "engineering_drawing": "-",
        "programming_in_c": "-",
        "basic_electrical_engineering": "F"
    },
    "19480080": {
        "engineering_mathematics_i": "F",
        "physics": "-",
        "chemistry": "-",
        "thermal_science": "-",
        "communication_techniques": "-",
        "engineering_drawing": "-",
        "programming_in_c": "-",
        "basic_electrical_engineering": "-"
    },
    "19480091": {
        "engineering_mathematics_i": "-",
        "physics": "F",
        "chemistry": "-",
        "thermal_science": "-",
        "communication_techniques": "-",
        "engineering_drawing": "-",
        "programming_in_c": "-",
        "basic_electrical_engineering": "-"
    },
    "19480096": {
        "engineering_mathematics_i": "-",
        "physics": "A-",
        "chemistry": "-",
        "thermal_science": "-",
        "communication_techniques": "-",
        "engineering_drawing": "-",
        "programming_in_c": "-",
        "basic_electrical_engineering": "-"
    },
    "19480101": {
        "engineering_mathematics_i": "C",
        "physics": "-",
        "chemistry": "-",
        "thermal_science": "-",
        "communication_techniques": "-",
        "engineering_drawing": "C+",
        "programming_in_c": "-",
        "basic_electrical_engineering": "-"
    },
    "19480106": {
        "engineering_mathematics_i": "-",
        "physics": "-",
        "chemistry": "-",
        "thermal_science": "-",
        "communication_techniques": "-",
        "engineering_drawing": "-",
        "programming_in_c": "-",
        "basic_electrical_engineering": "Abs"
    },
    "19480110": {
        "engineering_mathematics_i": "-",
        "physics": "-",
        "chemistry": "-",
        "thermal_science": "-",
        "communication_techniques": "-",
        "engineering_drawing": "-",
        "programming_in_c": "F",
        "basic_electrical_engineering": "-"
    },
    "19480111": {
        "engineering_mathematics_i": "-",
        "physics": "-",
        "chemistry": "-",
        "thermal_science": "F",
        "communication_techniques": "-",
        "engineering_drawing": "-",
        "programming_in_c": "C+",
        "basic_electrical_engineering": "-"
    },
    "19480113": {
        "engineering_mathematics_i": "-",
        "physics": "-",
        "chemistry": "-",
        "thermal_science": "F",
        "communication_techniques": "-",
        "engineering_drawing": "-",
        "programming_in_c": "-",
        "basic_electrical_engineering": "-"
    },
    "19480117": {
        "engineering_mathematics_i": "-",
        "physics": "-",
        "chemistry": "-",
        "thermal_science": "F",
        "communication_techniques": "-",
        "engineering_drawing": "-",
        "programming_in_c": "-",
        "basic_electrical_engineering": "-"
    },
    "19480124": {
        "engineering_mathematics_i": "-",
        "physics": "-",
        "chemistry": "-",
        "thermal_science": "-",
        "communication_techniques": "-",
        "engineering_drawing": "-",
        "programming_in_c": "-",
        "basic_electrical_engineering": "Abs"
    },
    "19480125": {
        "engineering_mathematics_i": "-",
        "physics": "-",
        "chemistry": "-",
        "thermal_science": "-",
        "communication_techniques": "-",
        "engineering_drawing": "-",
        "programming_in_c": "F",
        "basic_electrical_engineering": "-"
    },
    "19480131": {
        "engineering_mathematics_i": "-",
        "physics": "-",
        "chemistry": "-",
        "thermal_science": "-",
        "communication_techniques": "-",
        "engineering_drawing": "-",
        "programming_in_c": "-",
        "basic_electrical_engineering": "Abs"
    },
    "19480133": {
        "engineering_mathematics_i": "-",
        "physics": "-",
        "chemistry": "-",
        "thermal_science": "-",
        "communication_techniques": "-",
        "engineering_drawing": "-",
        "programming_in_c": "F",
        "basic_electrical_engineering": "-"
    },
    "19480134": {
        "engineering_mathematics_i": "Abs",
        "physics": "-",
        "chemistry": "-",
        "thermal_science": "-",
        "communication_techniques": "-",
        "engineering_drawing": "-",
        "programming_in_c": "-",
        "basic_electrical_engineering": "C-"
    },
    "20110006": {
        "engineering_mathematics_i": "-",
        "physics": "-",
        "chemistry": "B",
        "thermal_science": "-",
        "communication_techniques": "-",
        "engineering_drawing": "-",
        "programming_in_c": "-",
        "basic_electrical_engineering": "-"
    },
    "20480019": {
        "engineering_mathematics_i": "-",
        "physics": "-",
        "chemistry": "F",
        "thermal_science": "-",
        "communication_techniques": "-",
        "engineering_drawing": "B-",
        "programming_in_c": "-",
        "basic_electrical_engineering": "-"
    },
    "20480033": {
        "engineering_mathematics_i": "-",
        "physics": "-",
        "chemistry": "-",
        "thermal_science": "-",
        "communication_techniques": "B",
        "engineering_drawing": "-",
        "programming_in_c": "-",
        "basic_electrical_engineering": "-"
    },
    "20480041": {
        "engineering_mathematics_i": "-",
        "physics": "-",
        "chemistry": "Abs",
        "thermal_science": "-",
        "communication_techniques": "-",
        "engineering_drawing": "Withheld",
        "programming_in_c": "F",
        "basic_electrical_engineering": "-"
    },
    "20480043": {
        "engineering_mathematics_i": "-",
        "physics": "-",
        "chemistry": "-",
        "thermal_science": "-",
        "communication_techniques": "-",
        "engineering_drawing": "D+",
        "programming_in_c": "-",
        "basic_electrical_engineering": "F"
    },
    "20480047": {
        "engineering_mathematics_i": "F",
        "physics": "-",
        "chemistry": "F",
        "thermal_science": "-",
        "communication_techniques": "-",
        "engineering_drawing": "-",
        "programming_in_c": "-",
        "basic_electrical_engineering": "-"
    },
    "20480051": {
        "engineering_mathematics_i": "-",
        "physics": "-",
        "chemistry": "-",
        "thermal_science": "-",
        "communication_techniques": "-",
        "engineering_drawing": "Abs",
        "programming_in_c": "-",
        "basic_electrical_engineering": "-"
    },
    "20480059": {
        "engineering_mathematics_i": "-",
        "physics": "-",
        "chemistry": "-",
        "thermal_science": "-",
        "communication_techniques": "-",
        "engineering_drawing": "-",
        "programming_in_c": "-",
        "basic_electrical_engineering": "C+"
    },
    "20480071": {
        "engineering_mathematics_i": "-",
        "physics": "-",
        "chemistry": "-",
        "thermal_science": "Abs",
        "communication_techniques": "-",
        "engineering_drawing": "-",
        "programming_in_c": "-",
        "basic_electrical_engineering": "-"
    },
    "20480083": {
        "engineering_mathematics_i": "-",
        "physics": "-",
        "chemistry": "-",
        "thermal_science": "-",
        "communication_techniques": "-",
        "engineering_drawing": "C",
        "programming_in_c": "-",
        "basic_electrical_engineering": "-"
    },
    "20480088": {
        "engineering_mathematics_i": "-",
        "physics": "Abs",
        "chemistry": "-",
        "thermal_science": "-",
        "communication_techniques": "-",
        "engineering_drawing": "-",
        "programming_in_c": "-",
        "basic_electrical_engineering": "-"
    },
    "20480090": {
        "engineering_mathematics_i": "-",
        "physics": "-",
        "chemistry": "-",
        "thermal_science": "-",
        "communication_techniques": "-",
        "engineering_drawing": "-",
        "programming_in_c": "-",
        "basic_electrical_engineering": "B-"
    },
    "20480101": {
        "engineering_mathematics_i": "-",
        "physics": "-",
        "chemistry": "-",
        "thermal_science": "-",
        "communication_techniques": "-",
        "engineering_drawing": "-",
        "programming_in_c": "-",
        "basic_electrical_engineering": "F"
    },
    "21040958": {
        "engineering_mathematics_i": "-",
        "physics": "-",
        "chemistry": "-",
        "thermal_science": "-",
        "communication_techniques": "-",
        "engineering_drawing": "-",
        "programming_in_c": "-",
        "basic_electrical_engineering": "B-"
    },
    "21480003": {
        "engineering_mathematics_i": "-",
        "physics": "-",
        "chemistry": "Abs",
        "thermal_science": "-",
        "communication_techniques": "-",
        "engineering_drawing": "-",
        "programming_in_c": "-",
        "basic_electrical_engineering": "-"
    },
    "21480004": {
        "engineering_mathematics_i": "-",
        "physics": "-",
        "chemistry": "-",
        "thermal_science": "-",
        "communication_techniques": "-",
        "engineering_drawing": "-",
        "programming_in_c": "F",
        "basic_electrical_engineering": "-"
    },
    "21480006": {
        "engineering_mathematics_i": "-",
        "physics": "-",
        "chemistry": "-",
        "thermal_science": "-",
        "communication_techniques": "-",
        "engineering_drawing": "-",
        "programming_in_c": "F",
        "basic_electrical_engineering": "-"
    },
    "21480008": {
        "engineering_mathematics_i": "-",
        "physics": "-",
        "chemistry": "-",
        "thermal_science": "-",
        "communication_techniques": "-",
        "engineering_drawing": "-",
        "programming_in_c": "Abs",
        "basic_electrical_engineering": "-"
    },
    "21480011": {
        "engineering_mathematics_i": "Abs",
        "physics": "-",
        "chemistry": "-",
        "thermal_science": "-",
        "communication_techniques": "-",
        "engineering_drawing": "-",
        "programming_in_c": "-",
        "basic_electrical_engineering": "-"
    },
    "21480012": {
        "engineering_mathematics_i": "-",
        "physics": "-",
        "chemistry": "-",
        "thermal_science": "-",
        "communication_techniques": "-",
        "engineering_drawing": "-",
        "programming_in_c": "F",
        "basic_electrical_engineering": "-"
    },
    "21480013": {
        "engineering_mathematics_i": "-",
        "physics": "-",
        "chemistry": "-",
        "thermal_science": "-",
        "communication_techniques": "-",
        "engineering_drawing": "-",
        "programming_in_c": "F",
        "basic_electrical_engineering": "-"
    },
    "21480014": {
        "engineering_mathematics_i": "-",
        "physics": "-",
        "chemistry": "-",
        "thermal_science": "-",
        "communication_techniques": "-",
        "engineering_drawing": "-",
        "programming_in_c": "Abs",
        "basic_electrical_engineering": "-"
    },
    "21480016": {
        "engineering_mathematics_i": "-",
        "physics": "-",
        "chemistry": "-",
        "thermal_science": "-",
        "communication_techniques": "-",
        "engineering_drawing": "-",
        "programming_in_c": "Abs",
        "basic_electrical_engineering": "-"
    },
    "21480020": {
        "engineering_mathematics_i": "-",
        "physics": "-",
        "chemistry": "-",
        "thermal_science": "-",
        "communication_techniques": "-",
        "engineering_drawing": "-",
        "programming_in_c": "Abs",
        "basic_electrical_engineering": "-"
    },
    "21480021": {
        "engineering_mathematics_i": "-",
        "physics": "-",
        "chemistry": "-",
        "thermal_science": "-",
        "communication_techniques": "-",
        "engineering_drawing": "-",
        "programming_in_c": "F",
        "basic_electrical_engineering": "-"
    },
    "21480039": {
        "engineering_mathematics_i": "-",
        "physics": "-",
        "chemistry": "-",
        "thermal_science": "-",
        "communication_techniques": "-",
        "engineering_drawing": "-",
        "programming_in_c": "F",
        "basic_electrical_engineering": "-"
    },
    "21480041": {
        "engineering_mathematics_i": "-",
        "physics": "-",
        "chemistry": "-",
        "thermal_science": "-",
        "communication_techniques": "-",
        "engineering_drawing": "-",
        "programming_in_c": "-",
        "basic_electrical_engineering": "Abs"
    },
    "21480048": {
        "engineering_mathematics_i": "-",
        "physics": "-",
        "chemistry": "-",
        "thermal_science": "-",
        "communication_techniques": "-",
        "engineering_drawing": "-",
        "programming_in_c": "B-",
        "basic_electrical_engineering": "-"
    },
    "21480063": {
        "engineering_mathematics_i": "-",
        "physics": "-",
        "chemistry": "-",
        "thermal_science": "-",
        "communication_techniques": "-",
        "engineering_drawing": "-",
        "programming_in_c": "C+",
        "basic_electrical_engineering": "-"
    },
    "21480066": {
        "engineering_mathematics_i": "-",
        "physics": "-",
        "chemistry": "-",
        "thermal_science": "-",
        "communication_techniques": "-",
        "engineering_drawing": "-",
        "programming_in_c": "F",
        "basic_electrical_engineering": "-"
    },
    "21480074": {
        "engineering_mathematics_i": "-",
        "physics": "-",
        "chemistry": "-",
        "thermal_science": "-",
        "communication_techniques": "-",
        "engineering_drawing": "-",
        "programming_in_c": "F",
        "basic_electrical_engineering": "-"
    },
    "21480095": {
        "engineering_mathematics_i": "-",
        "physics": "B",
        "chemistry": "-",
        "thermal_science": "-",
        "communication_techniques": "-",
        "engineering_drawing": "-",
        "programming_in_c": "-",
        "basic_electrical_engineering": "-"
    },
    "21480097": {
        "engineering_mathematics_i": "-",
        "physics": "-",
        "chemistry": "-",
        "thermal_science": "-",
        "communication_techniques": "-",
        "engineering_drawing": "-",
        "programming_in_c": "-",
        "basic_electrical_engineering": "B-"
    },
    "21480099": {
        "engineering_mathematics_i": "-",
        "physics": "F",
        "chemistry": "-",
        "thermal_science": "-",
        "communication_techniques": "-",
        "engineering_drawing": "-",
        "programming_in_c": "-",
        "basic_electrical_engineering": "-"
    },
    "21480100": {
        "engineering_mathematics_i": "-",
        "physics": "A-",
        "chemistry": "-",
        "thermal_science": "F",
        "communication_techniques": "-",
        "engineering_drawing": "-",
        "programming_in_c": "-",
        "basic_electrical_engineering": "-"
    },
    "21480101": {
        "engineering_mathematics_i": "Abs",
        "physics": "-",
        "chemistry": "-",
        "thermal_science": "-",
        "communication_techniques": "-",
        "engineering_drawing": "-",
        "programming_in_c": "-",
        "basic_electrical_engineering": "-"
    },
    "21480103": {
        "engineering_mathematics_i": "-",
        "physics": "-",
        "chemistry": "-",
        "thermal_science": "-",
        "communication_techniques": "-",
        "engineering_drawing": "-",
        "programming_in_c": "-",
        "basic_electrical_engineering": "B-"
    },
    "21480105": {
        "engineering_mathematics_i": "-",
        "physics": "F",
        "chemistry": "-",
        "thermal_science": "-",
        "communication_techniques": "-",
        "engineering_drawing": "-",
        "programming_in_c": "-",
        "basic_electrical_engineering": "-"
    },
    "21480108": {
        "engineering_mathematics_i": "-",
        "physics": "F",
        "chemistry": "-",
        "thermal_science": "-",
        "communication_techniques": "-",
        "engineering_drawing": "-",
        "programming_in_c": "-",
        "basic_electrical_engineering": "-"
    },
    "21480114": {
        "engineering_mathematics_i": "-",
        "physics": "F",
        "chemistry": "-",
        "thermal_science": "-",
        "communication_techniques": "-",
        "engineering_drawing": "-",
        "programming_in_c": "A",
        "basic_electrical_engineering": "-"
    },
    "21480116": {
        "engineering_mathematics_i": "-",
        "physics": "A-",
        "chemistry": "-",
        "thermal_science": "-",
        "communication_techniques": "-",
        "engineering_drawing": "-",
        "programming_in_c": "B-",
        "basic_electrical_engineering": "-"
    },
    "21480118": {
        "engineering_mathematics_i": "-",
        "physics": "-",
        "chemistry": "-",
        "thermal_science": "Abs",
        "communication_techniques": "-",
        "engineering_drawing": "-",
        "programming_in_c": "-",
        "basic_electrical_engineering": "-"
    },
    "21480124": {
        "engineering_mathematics_i": "-",
        "physics": "B",
        "chemistry": "-",
        "thermal_science": "-",
        "communication_techniques": "-",
        "engineering_drawing": "-",
        "programming_in_c": "C",
        "basic_electrical_engineering": "-"
    },
    "21480128": {
        "engineering_mathematics_i": "-",
        "physics": "-",
        "chemistry": "-",
        "thermal_science": "-",
        "communication_techniques": "-",
        "engineering_drawing": "-",
        "programming_in_c": "-",
        "basic_electrical_engineering": "F"
    },
    "21480133": {
        "engineering_mathematics_i": "-",
        "physics": "-",
        "chemistry": "-",
        "thermal_science": "-",
        "communication_techniques": "-",
        "engineering_drawing": "-",
        "programming_in_c": "-",
        "basic_electrical_engineering": "C"
    },
    "21485001": {
        "engineering_mathematics_i": "F",
        "physics": "-",
        "chemistry": "-",
        "thermal_science": "-",
        "communication_techniques": "-",
        "engineering_drawing": "-",
        "programming_in_c": "-",
        "basic_electrical_engineering": "Abs"
    },
    "21485002": {
        "engineering_mathematics_i": "-",
        "physics": "-",
        "chemistry": "-",
        "thermal_science": "-",
        "communication_techniques": "-",
        "engineering_drawing": "-",
        "programming_in_c": "-",
        "basic_electrical_engineering": "B-"
    },
    "21485003": {
        "engineering_mathematics_i": "-",
        "physics": "-",
        "chemistry": "Abs",
        "thermal_science": "-",
        "communication_techniques": "-",
        "engineering_drawing": "-",
        "programming_in_c": "-",
        "basic_electrical_engineering": "F"
    },
    "21485005": {
        "engineering_mathematics_i": "C+",
        "physics": "-",
        "chemistry": "F",
        "thermal_science": "-",
        "communication_techniques": "-",
        "engineering_drawing": "-",
        "programming_in_c": "-",
        "basic_electrical_engineering": "C+"
    },
    "21485006": {
        "engineering_mathematics_i": "-",
        "physics": "-",
        "chemistry": "-",
        "thermal_science": "-",
        "communication_techniques": "-",
        "engineering_drawing": "-",
        "programming_in_c": "-",
        "basic_electrical_engineering": "A-"
    },
    "21485013": {
        "engineering_mathematics_i": "-",
        "physics": "-",
        "chemistry": "Abs",
        "thermal_science": "-",
        "communication_techniques": "-",
        "engineering_drawing": "-",
        "programming_in_c": "-",
        "basic_electrical_engineering": "-"
    },
    "21485014": {
        "engineering_mathematics_i": "-",
        "physics": "-",
        "chemistry": "F",
        "thermal_science": "-",
        "communication_techniques": "-",
        "engineering_drawing": "-",
        "programming_in_c": "-",
        "basic_electrical_engineering": "-"
    },
    "21485019": {
        "engineering_mathematics_i": "F",
        "physics": "-",
        "chemistry": "-",
        "thermal_science": "-",
        "communication_techniques": "-",
        "engineering_drawing": "-",
        "programming_in_c": "-",
        "basic_electrical_engineering": "F"
    },
    "21485023": {
        "engineering_mathematics_i": "-",
        "physics": "-",
        "chemistry": "Abs",
        "thermal_science": "-",
        "communication_techniques": "-",
        "engineering_drawing": "-",
        "programming_in_c": "-",
        "basic_electrical_engineering": "-"
    },
    "21485024": {
        "engineering_mathematics_i": "-",
        "physics": "-",
        "chemistry": "-",
        "thermal_science": "-",
        "communication_techniques": "-",
        "engineering_drawing": "-",
        "programming_in_c": "-",
        "basic_electrical_engineering": "B+"
    },
    "21485031": {
        "engineering_mathematics_i": "-",
        "physics": "B+",
        "chemistry": "-",
        "thermal_science": "-",
        "communication_techniques": "-",
        "engineering_drawing": "-",
        "programming_in_c": "-",
        "basic_electrical_engineering": "-"
    },
    "21485040": {
        "engineering_mathematics_i": "Abs",
        "physics": "Abs",
        "chemistry": "-",
        "thermal_science": "Abs",
        "communication_techniques": "-",
        "engineering_drawing": "-",
        "programming_in_c": "-",
        "basic_electrical_engineering": "-"
    },
    "21485043": {
        "engineering_mathematics_i": "-",
        "physics": "-",
        "chemistry": "-",
        "thermal_science": "-",
        "communication_techniques": "-",
        "engineering_drawing": "Abs",
        "programming_in_c": "-",
        "basic_electrical_engineering": "-"
    },
    "21485049": {
        "engineering_mathematics_i": "-",
        "physics": "-",
        "chemistry": "F",
        "thermal_science": "-",
        "communication_techniques": "-",
        "engineering_drawing": "-",
        "programming_in_c": "-",
        "basic_electrical_engineering": "-"
    },
    "21485050": {
        "engineering_mathematics_i": "-",
        "physics": "-",
        "chemistry": "F",
        "thermal_science": "-",
        "communication_techniques": "-",
        "engineering_drawing": "-",
        "programming_in_c": "-",
        "basic_electrical_engineering": "-"
    },
    "21485053": {
        "engineering_mathematics_i": "-",
        "physics": "-",
        "chemistry": "-",
        "thermal_science": "-",
        "communication_techniques": "-",
        "engineering_drawing": "B-",
        "programming_in_c": "-",
        "basic_electrical_engineering": "-"
    },
    "21485055": {
        "engineering_mathematics_i": "-",
        "physics": "F",
        "chemistry": "-",
        "thermal_science": "-",
        "communication_techniques": "-",
        "engineering_drawing": "-",
        "programming_in_c": "-",
        "basic_electrical_engineering": "-"
    },
    "21485058": {
        "engineering_mathematics_i": "F",
        "physics": "B+",
        "chemistry": "-",
        "thermal_science": "-",
        "communication_techniques": "-",
        "engineering_drawing": "-",
        "programming_in_c": "-",
        "basic_electrical_engineering": "-"
    },
    "21485059": {
        "engineering_mathematics_i": "-",
        "physics": "-",
        "chemistry": "-",
        "thermal_science": "-",
        "communication_techniques": "-",
        "engineering_drawing": "B-",
        "programming_in_c": "-",
        "basic_electrical_engineering": "F"
    },
    "21485072": {
        "engineering_mathematics_i": "-",
        "physics": "-",
        "chemistry": "-",
        "thermal_science": "-",
        "communication_techniques": "-",
        "engineering_drawing": "-",
        "programming_in_c": "-",
        "basic_electrical_engineering": "F"
    },
    "21485077": {
        "engineering_mathematics_i": "-",
        "physics": "-",
        "chemistry": "F",
        "thermal_science": "-",
        "communication_techniques": "-",
        "engineering_drawing": "-",
        "programming_in_c": "-",
        "basic_electrical_engineering": "-"
    },
    "21485082": {
        "engineering_mathematics_i": "Abs",
        "physics": "-",
        "chemistry": "-",
        "thermal_science": "-",
        "communication_techniques": "-",
        "engineering_drawing": "-",
        "programming_in_c": "-",
        "basic_electrical_engineering": "D+"
    },
    "21485087": {
        "engineering_mathematics_i": "C",
        "physics": "-",
        "chemistry": "-",
        "thermal_science": "-",
        "communication_techniques": "-",
        "engineering_drawing": "-",
        "programming_in_c": "-",
        "basic_electrical_engineering": "C-"
    },
    "21485088": {
        "engineering_mathematics_i": "-",
        "physics": "-",
        "chemistry": "-",
        "thermal_science": "-",
        "communication_techniques": "-",
        "engineering_drawing": "-",
        "programming_in_c": "-",
        "basic_electrical_engineering": "D+"
    },
    "21485089": {
        "engineering_mathematics_i": "-",
        "physics": "-",
        "chemistry": "-",
        "thermal_science": "-",
        "communication_techniques": "-",
        "engineering_drawing": "-",
        "programming_in_c": "-",
        "basic_electrical_engineering": "D"
    },
    "21485094": {
        "engineering_mathematics_i": "-",
        "physics": "-",
        "chemistry": "-",
        "thermal_science": "-",
        "communication_techniques": "-",
        "engineering_drawing": "-",
        "programming_in_c": "-",
        "basic_electrical_engineering": "F"
    },
    "21485096": {
        "engineering_mathematics_i": "-",
        "physics": "Abs",
        "chemistry": "-",
        "thermal_science": "-",
        "communication_techniques": "-",
        "engineering_drawing": "-",
        "programming_in_c": "-",
        "basic_electrical_engineering": "-"
    },
    "21485097": {
        "engineering_mathematics_i": "-",
        "physics": "-",
        "chemistry": "B",
        "thermal_science": "-",
        "communication_techniques": "-",
        "engineering_drawing": "-",
        "programming_in_c": "B-",
        "basic_electrical_engineering": "-"
    },
    "21485098": {
        "engineering_mathematics_i": "F",
        "physics": "-",
        "chemistry": "-",
        "thermal_science": "-",
        "communication_techniques": "-",
        "engineering_drawing": "-",
        "programming_in_c": "-",
        "basic_electrical_engineering": "Expelled"
    },
    "21485101": {
        "engineering_mathematics_i": "-",
        "physics": "-",
        "chemistry": "F",
        "thermal_science": "-",
        "communication_techniques": "-",
        "engineering_drawing": "-",
        "programming_in_c": "-",
        "basic_electrical_engineering": "C-"
    }
}