{
    "nan": {
        "applied_physics": "-",
        "basic_electrical_cicuits": "-",
        "calculus_i": "-",
        "computer_programming": "-",
        "electrical_installation_practice_and_safety": "-",
        "basic_engineering_drawing": "-",
        "engineering_workshop": "-",
        "sgpa": "-"
    },
    "22110001": {
        "applied_physics": "-",
        "basic_electrical_cicuits": "F",
        "calculus_i": "-",
        "computer_programming": "F",
        "electrical_installation_practice_and_safety": "F",
        "basic_engineering_drawing": "-",
        "engineering_workshop": "-",
        "sgpa": "-"
    },
    "22110002": {
        "applied_physics": "-",
        "basic_electrical_cicuits": "-",
        "calculus_i": "-",
        "computer_programming": "F",
        "electrical_installation_practice_and_safety": "F",
        "basic_engineering_drawing": "-",
        "engineering_workshop": "-",
        "sgpa": "-"
    },
    "22110003": {
        "applied_physics": "-",
        "basic_electrical_cicuits": "-",
        "calculus_i": "-",
        "computer_programming": "F",
        "electrical_installation_practice_and_safety": "F",
        "basic_engineering_drawing": "-",
        "engineering_workshop": "-",
        "sgpa": "-"
    },
    "22110006": {
        "applied_physics": "-",
        "basic_electrical_cicuits": "-",
        "calculus_i": "-",
        "computer_programming": "-",
        "electrical_installation_practice_and_safety": "A-",
        "basic_engineering_drawing": "-",
        "engineering_workshop": "-",
        "sgpa": "-"
    },
    "22110007": {
        "applied_physics": "-",
        "basic_electrical_cicuits": "-",
        "calculus_i": "-",
        "computer_programming": "Abs",
        "electrical_installation_practice_and_safety": "C",
        "basic_engineering_drawing": "-",
        "engineering_workshop": "-",
        "sgpa": "-"
    },
    "22110009": {
        "applied_physics": "-",
        "basic_electrical_cicuits": "Abs",
        "calculus_i": "F",
        "computer_programming": "Abs",
        "electrical_installation_practice_and_safety": "C+",
        "basic_engineering_drawing": "-",
        "engineering_workshop": "-",
        "sgpa": "-"
    },
    "22110010": {
        "applied_physics": "-",
        "basic_electrical_cicuits": "F",
        "calculus_i": "-",
        "computer_programming": "Abs",
        "electrical_installation_practice_and_safety": "-",
        "basic_engineering_drawing": "-",
        "engineering_workshop": "-",
        "sgpa": "-"
    },
    "23110001": {
        "applied_physics": "F",
        "basic_electrical_cicuits": "F",
        "calculus_i": "F",
        "computer_programming": "F",
        "electrical_installation_practice_and_safety": "F",
        "basic_engineering_drawing": "F",
        "engineering_workshop": "A",
        "sgpa": "-"
    },
    "23110002": {
        "applied_physics": "A",
        "basic_electrical_cicuits": "A",
        "calculus_i": "A",
        "computer_programming": "F",
        "electrical_installation_practice_and_safety": "B+",
        "basic_engineering_drawing": "C",
        "engineering_workshop": "A-",
        "sgpa": "-"
    },
    "23110003": {
        "applied_physics": "F",
        "basic_electrical_cicuits": "F",
        "calculus_i": "F",
        "computer_programming": "F",
        "electrical_installation_practice_and_safety": "F",
        "basic_engineering_drawing": "F",
        "engineering_workshop": "B",
        "sgpa": "-"
    },
    "23110004": {
        "applied_physics": "F",
        "basic_electrical_cicuits": "F",
        "calculus_i": "F",
        "computer_programming": "F",
        "electrical_installation_practice_and_safety": "F",
        "basic_engineering_drawing": "B",
        "engineering_workshop": "A-",
        "sgpa": "-"
    },
    "23110005": {
        "applied_physics": "Abs",
        "basic_electrical_cicuits": "F",
        "calculus_i": "Abs",
        "computer_programming": "F",
        "electrical_installation_practice_and_safety": "Abs",
        "basic_engineering_drawing": "Abs",
        "engineering_workshop": "A-",
        "sgpa": "-"
    },
    "23110006": {
        "applied_physics": "F",
        "basic_electrical_cicuits": "F",
        "calculus_i": "F",
        "computer_programming": "F",
        "electrical_installation_practice_and_safety": "B",
        "basic_engineering_drawing": "B",
        "engineering_workshop": "A",
        "sgpa": "-"
    },
    "23110007": {
        "applied_physics": "A-",
        "basic_electrical_cicuits": "A",
        "calculus_i": "B+",
        "computer_programming": "A",
        "electrical_installation_practice_and_safety": "A",
        "basic_engineering_drawing": "C",
        "engineering_workshop": "A-",
        "sgpa": "3.67"
    },
    "23110008": {
        "applied_physics": "A",
        "basic_electrical_cicuits": "A",
        "calculus_i": "A-",
        "computer_programming": "C",
        "electrical_installation_practice_and_safety": "A-",
        "basic_engineering_drawing": "B+",
        "engineering_workshop": "A",
        "sgpa": "3.49"
    },
    "23110009": {
        "applied_physics": "C+",
        "basic_electrical_cicuits": "C",
        "calculus_i": "C",
        "computer_programming": "F",
        "electrical_installation_practice_and_safety": "C+",
        "basic_engineering_drawing": "B+",
        "engineering_workshop": "A",
        "sgpa": "-"
    },
    "23110010": {
        "applied_physics": "A-",
        "basic_electrical_cicuits": "A",
        "calculus_i": "C",
        "computer_programming": "A-",
        "electrical_installation_practice_and_safety": "A-",
        "basic_engineering_drawing": "A-",
        "engineering_workshop": "A",
        "sgpa": "3.46"
    },
    "23110011": {
        "applied_physics": "F",
        "basic_electrical_cicuits": "F",
        "calculus_i": "F",
        "computer_programming": "F",
        "electrical_installation_practice_and_safety": "F",
        "basic_engineering_drawing": "F",
        "engineering_workshop": "A",
        "sgpa": "-"
    },
    "23110012": {
        "applied_physics": "B-",
        "basic_electrical_cicuits": "A",
        "calculus_i": "C+",
        "computer_programming": "A",
        "electrical_installation_practice_and_safety": "B-",
        "basic_engineering_drawing": "B+",
        "engineering_workshop": "A-",
        "sgpa": "3.21"
    },
    "23110013": {
        "applied_physics": "F",
        "basic_electrical_cicuits": "F",
        "calculus_i": "F",
        "computer_programming": "F",
        "electrical_installation_practice_and_safety": "F",
        "basic_engineering_drawing": "F",
        "engineering_workshop": "A",
        "sgpa": "-"
    },
    "23110014": {
        "applied_physics": "B",
        "basic_electrical_cicuits": "C",
        "calculus_i": "A-",
        "computer_programming": "F",
        "electrical_installation_practice_and_safety": "B",
        "basic_engineering_drawing": "C-",
        "engineering_workshop": "A-",
        "sgpa": "-"
    },
    "23110015": {
        "applied_physics": "A-",
        "basic_electrical_cicuits": "B-",
        "calculus_i": "B",
        "computer_programming": "B-",
        "electrical_installation_practice_and_safety": "B",
        "basic_engineering_drawing": "B+",
        "engineering_workshop": "A",
        "sgpa": "3.10"
    },
    "23110016": {
        "applied_physics": "A-",
        "basic_electrical_cicuits": "B-",
        "calculus_i": "A-",
        "computer_programming": "C-",
        "electrical_installation_practice_and_safety": "B-",
        "basic_engineering_drawing": "B",
        "engineering_workshop": "A",
        "sgpa": "2.99"
    }
}