{
    "nan": {
        "wireless_communication_technology": "-",
        "professional_ethics_in_engineering": "-"
    },
    "18110045": {
        "wireless_communication_technology": "C",
        "professional_ethics_in_engineering": "-"
    },
    "17110001": {
        "wireless_communication_technology": "C-",
        "professional_ethics_in_engineering": "-"
    },
    "17110003": {
        "wireless_communication_technology": "F",
        "professional_ethics_in_engineering": "-"
    },
    "18110003": {
        "wireless_communication_technology": "Abs",
        "professional_ethics_in_engineering": "-"
    },
    "18110007": {
        "wireless_communication_technology": "C+",
        "professional_ethics_in_engineering": "-"
    },
    "18110012": {
        "wireless_communication_technology": "-",
        "professional_ethics_in_engineering": "F"
    },
    "18110019": {
        "wireless_communication_technology": "C-",
        "professional_ethics_in_engineering": "-"
    },
    "19110010": {
        "wireless_communication_technology": "C",
        "professional_ethics_in_engineering": "-"
    }
}