{
    "nan": {
        "control_systems": "-",
        "embedded_systems": "-",
        "signals_and_systems": "-",
        "computer_graphics": "-",
        "integrated_digital_electronics": "-",
        "probability_and_statistics": "-",
        "sgpa": "-"
    },
    "16110008": {
        "control_systems": "Abs",
        "embedded_systems": "-",
        "signals_and_systems": "-",
        "computer_graphics": "-",
        "integrated_digital_electronics": "Abs",
        "probability_and_statistics": "-",
        "sgpa": "-"
    },
    "16110018": {
        "control_systems": "-",
        "embedded_systems": "-",
        "signals_and_systems": "-",
        "computer_graphics": "-",
        "integrated_digital_electronics": "D+",
        "probability_and_statistics": "-",
        "sgpa": "-"
    },
    "16110022": {
        "control_systems": "-",
        "embedded_systems": "B-",
        "signals_and_systems": "-",
        "computer_graphics": "-",
        "integrated_digital_electronics": "-",
        "probability_and_statistics": "-",
        "sgpa": "-"
    },
    "16110048": {
        "control_systems": "-",
        "embedded_systems": "-",
        "signals_and_systems": "-",
        "computer_graphics": "Abs",
        "integrated_digital_electronics": "-",
        "probability_and_statistics": "Abs",
        "sgpa": "-"
    },
    "17110001": {
        "control_systems": "-",
        "embedded_systems": "-",
        "signals_and_systems": "-",
        "computer_graphics": "Abs",
        "integrated_digital_electronics": "-",
        "probability_and_statistics": "-",
        "sgpa": "-"
    },
    "17110010": {
        "control_systems": "-",
        "embedded_systems": "-",
        "signals_and_systems": "-",
        "computer_graphics": "-",
        "integrated_digital_electronics": "Abs",
        "probability_and_statistics": "-",
        "sgpa": "-"
    },
    "17110014": {
        "control_systems": "-",
        "embedded_systems": "C-",
        "signals_and_systems": "-",
        "computer_graphics": "-",
        "integrated_digital_electronics": "F",
        "probability_and_statistics": "-",
        "sgpa": "-"
    },
    "17110018": {
        "control_systems": "Abs",
        "embedded_systems": "-",
        "signals_and_systems": "Abs",
        "computer_graphics": "-",
        "integrated_digital_electronics": "-",
        "probability_and_statistics": "Abs",
        "sgpa": "-"
    },
    "17110028": {
        "control_systems": "-",
        "embedded_systems": "F",
        "signals_and_systems": "-",
        "computer_graphics": "Abs",
        "integrated_digital_electronics": "-",
        "probability_and_statistics": "-",
        "sgpa": "-"
    },
    "17110032": {
        "control_systems": "F",
        "embedded_systems": "-",
        "signals_and_systems": "-",
        "computer_graphics": "C",
        "integrated_digital_electronics": "-",
        "probability_and_statistics": "-",
        "sgpa": "-"
    },
    "17110043": {
        "control_systems": "-",
        "embedded_systems": "-",
        "signals_and_systems": "-",
        "computer_graphics": "-",
        "integrated_digital_electronics": "C",
        "probability_and_statistics": "C",
        "sgpa": "-"
    },
    "17110065": {
        "control_systems": "Abs",
        "embedded_systems": "-",
        "signals_and_systems": "-",
        "computer_graphics": "-",
        "integrated_digital_electronics": "-",
        "probability_and_statistics": "-",
        "sgpa": "-"
    },
    "17110067": {
        "control_systems": "F",
        "embedded_systems": "-",
        "signals_and_systems": "-",
        "computer_graphics": "-",
        "integrated_digital_electronics": "-",
        "probability_and_statistics": "F",
        "sgpa": "-"
    },
    "17110082": {
        "control_systems": "-",
        "embedded_systems": "-",
        "signals_and_systems": "-",
        "computer_graphics": "Abs",
        "integrated_digital_electronics": "-",
        "probability_and_statistics": "Abs",
        "sgpa": "-"
    },
    "18110001": {
        "control_systems": "-",
        "embedded_systems": "-",
        "signals_and_systems": "-",
        "computer_graphics": "C",
        "integrated_digital_electronics": "F",
        "probability_and_statistics": "-",
        "sgpa": "-"
    },
    "18110002": {
        "control_systems": "-",
        "embedded_systems": "-",
        "signals_and_systems": "-",
        "computer_graphics": "-",
        "integrated_digital_electronics": "-",
        "probability_and_statistics": "Abs",
        "sgpa": "-"
    },
    "18110007": {
        "control_systems": "-",
        "embedded_systems": "-",
        "signals_and_systems": "-",
        "computer_graphics": "-",
        "integrated_digital_electronics": "F",
        "probability_and_statistics": "C",
        "sgpa": "-"
    },
    "18110019": {
        "control_systems": "-",
        "embedded_systems": "-",
        "signals_and_systems": "-",
        "computer_graphics": "-",
        "integrated_digital_electronics": "F",
        "probability_and_statistics": "-",
        "sgpa": "-"
    },
    "18110020": {
        "control_systems": "-",
        "embedded_systems": "-",
        "signals_and_systems": "-",
        "computer_graphics": "-",
        "integrated_digital_electronics": "F",
        "probability_and_statistics": "F",
        "sgpa": "-"
    },
    "18110022": {
        "control_systems": "-",
        "embedded_systems": "-",
        "signals_and_systems": "Abs",
        "computer_graphics": "-",
        "integrated_digital_electronics": "Abs",
        "probability_and_statistics": "-",
        "sgpa": "-"
    },
    "18110025": {
        "control_systems": "-",
        "embedded_systems": "-",
        "signals_and_systems": "-",
        "computer_graphics": "-",
        "integrated_digital_electronics": "F",
        "probability_and_statistics": "-",
        "sgpa": "-"
    },
    "18110030": {
        "control_systems": "-",
        "embedded_systems": "-",
        "signals_and_systems": "-",
        "computer_graphics": "-",
        "integrated_digital_electronics": "F",
        "probability_and_statistics": "-",
        "sgpa": "-"
    },
    "18110037": {
        "control_systems": "-",
        "embedded_systems": "-",
        "signals_and_systems": "-",
        "computer_graphics": "-",
        "integrated_digital_electronics": "Abs",
        "probability_and_statistics": "-",
        "sgpa": "-"
    },
    "18110038": {
        "control_systems": "-",
        "embedded_systems": "F",
        "signals_and_systems": "Abs",
        "computer_graphics": "Abs",
        "integrated_digital_electronics": "-",
        "probability_and_statistics": "Abs",
        "sgpa": "-"
    },
    "18110044": {
        "control_systems": "-",
        "embedded_systems": "-",
        "signals_and_systems": "-",
        "computer_graphics": "-",
        "integrated_digital_electronics": "-",
        "probability_and_statistics": "Abs",
        "sgpa": "-"
    },
    "18110045": {
        "control_systems": "-",
        "embedded_systems": "-",
        "signals_and_systems": "-",
        "computer_graphics": "F",
        "integrated_digital_electronics": "-",
        "probability_and_statistics": "-",
        "sgpa": "-"
    },
    "18110056": {
        "control_systems": "-",
        "embedded_systems": "-",
        "signals_and_systems": "F",
        "computer_graphics": "-",
        "integrated_digital_electronics": "-",
        "probability_and_statistics": "-",
        "sgpa": "-"
    },
    "19110003": {
        "control_systems": "F",
        "embedded_systems": "-",
        "signals_and_systems": "-",
        "computer_graphics": "-",
        "integrated_digital_electronics": "-",
        "probability_and_statistics": "B+",
        "sgpa": "-"
    },
    "19110010": {
        "control_systems": "-",
        "embedded_systems": "F",
        "signals_and_systems": "-",
        "computer_graphics": "-",
        "integrated_digital_electronics": "-",
        "probability_and_statistics": "F",
        "sgpa": "-"
    },
    "19110017": {
        "control_systems": "-",
        "embedded_systems": "F",
        "signals_and_systems": "-",
        "computer_graphics": "F",
        "integrated_digital_electronics": "Abs",
        "probability_and_statistics": "Abs",
        "sgpa": "-"
    },
    "20110002": {
        "control_systems": "-",
        "embedded_systems": "-",
        "signals_and_systems": "C",
        "computer_graphics": "C+",
        "integrated_digital_electronics": "-",
        "probability_and_statistics": "-",
        "sgpa": "-"
    },
    "20110003": {
        "control_systems": "-",
        "embedded_systems": "-",
        "signals_and_systems": "-",
        "computer_graphics": "-",
        "integrated_digital_electronics": "F",
        "probability_and_statistics": "-",
        "sgpa": "-"
    },
    "20110007": {
        "control_systems": "-",
        "embedded_systems": "-",
        "signals_and_systems": "-",
        "computer_graphics": "-",
        "integrated_digital_electronics": "F",
        "probability_and_statistics": "-",
        "sgpa": "-"
    },
    "20110011": {
        "control_systems": "-",
        "embedded_systems": "-",
        "signals_and_systems": "-",
        "computer_graphics": "-",
        "integrated_digital_electronics": "C-",
        "probability_and_statistics": "-",
        "sgpa": "-"
    },
    "20110014": {
        "control_systems": "-",
        "embedded_systems": "-",
        "signals_and_systems": "C",
        "computer_graphics": "-",
        "integrated_digital_electronics": "F",
        "probability_and_statistics": "-",
        "sgpa": "-"
    },
    "20110016": {
        "control_systems": "-",
        "embedded_systems": "-",
        "signals_and_systems": "-",
        "computer_graphics": "-",
        "integrated_digital_electronics": "F",
        "probability_and_statistics": "-",
        "sgpa": "-"
    },
    "20110017": {
        "control_systems": "-",
        "embedded_systems": "-",
        "signals_and_systems": "-",
        "computer_graphics": "-",
        "integrated_digital_electronics": "-",
        "probability_and_statistics": "Abs",
        "sgpa": "-"
    },
    "21110001": {
        "control_systems": "C",
        "embedded_systems": "B+",
        "signals_and_systems": "B",
        "computer_graphics": "C+",
        "integrated_digital_electronics": "C",
        "probability_and_statistics": "B+",
        "sgpa": "2.65"
    },
    "21110002": {
        "control_systems": "B+",
        "embedded_systems": "A",
        "signals_and_systems": "A",
        "computer_graphics": "A-",
        "integrated_digital_electronics": "A",
        "probability_and_statistics": "B+",
        "sgpa": "3.72"
    },
    "21110004": {
        "control_systems": "Abs",
        "embedded_systems": "Abs",
        "signals_and_systems": "Abs",
        "computer_graphics": "Abs",
        "integrated_digital_electronics": "CNR",
        "probability_and_statistics": "Abs",
        "sgpa": "-"
    },
    "21110005": {
        "control_systems": "B",
        "embedded_systems": "A-",
        "signals_and_systems": "B-",
        "computer_graphics": "B+",
        "integrated_digital_electronics": "B+",
        "probability_and_statistics": "B",
        "sgpa": "3.17"
    },
    "21110006": {
        "control_systems": "B-",
        "embedded_systems": "A-",
        "signals_and_systems": "B+",
        "computer_graphics": "B-",
        "integrated_digital_electronics": "B",
        "probability_and_statistics": "B",
        "sgpa": "3.07"
    },
    "21110008": {
        "control_systems": "B+",
        "embedded_systems": "A",
        "signals_and_systems": "B+",
        "computer_graphics": "B",
        "integrated_digital_electronics": "A-",
        "probability_and_statistics": "F",
        "sgpa": "-"
    },
    "21110009": {
        "control_systems": "A",
        "embedded_systems": "A-",
        "signals_and_systems": "A",
        "computer_graphics": "B-",
        "integrated_digital_electronics": "A-",
        "probability_and_statistics": "B+",
        "sgpa": "3.57"
    },
    "21110010": {
        "control_systems": "F",
        "embedded_systems": "C+",
        "signals_and_systems": "B+",
        "computer_graphics": "C+",
        "integrated_digital_electronics": "C+",
        "probability_and_statistics": "F",
        "sgpa": "-"
    },
    "21110011": {
        "control_systems": "F",
        "embedded_systems": "F",
        "signals_and_systems": "F",
        "computer_graphics": "F",
        "integrated_digital_electronics": "CNR",
        "probability_and_statistics": "F",
        "sgpa": "-"
    },
    "21110012": {
        "control_systems": "F",
        "embedded_systems": "C",
        "signals_and_systems": "F",
        "computer_graphics": "C-",
        "integrated_digital_electronics": "F",
        "probability_and_statistics": "F",
        "sgpa": "-"
    },
    "21110013": {
        "control_systems": "A",
        "embedded_systems": "A",
        "signals_and_systems": "A",
        "computer_graphics": "B+",
        "integrated_digital_electronics": "A-",
        "probability_and_statistics": "A",
        "sgpa": "3.83"
    },
    "21110014": {
        "control_systems": "F",
        "embedded_systems": "B+",
        "signals_and_systems": "F",
        "computer_graphics": "B",
        "integrated_digital_electronics": "B",
        "probability_and_statistics": "C-",
        "sgpa": "-"
    },
    "21110015": {
        "control_systems": "C",
        "embedded_systems": "F",
        "signals_and_systems": "F",
        "computer_graphics": "F",
        "integrated_digital_electronics": "F",
        "probability_and_statistics": "F",
        "sgpa": "-"
    },
    "21110016": {
        "control_systems": "A",
        "embedded_systems": "A",
        "signals_and_systems": "A",
        "computer_graphics": "B+",
        "integrated_digital_electronics": "A-",
        "probability_and_statistics": "A-",
        "sgpa": "3.78"
    },
    "21110017": {
        "control_systems": "C+",
        "embedded_systems": "B-",
        "signals_and_systems": "B+",
        "computer_graphics": "B+",
        "integrated_digital_electronics": "C",
        "probability_and_statistics": "F",
        "sgpa": "-"
    },
    "21110018": {
        "control_systems": "B-",
        "embedded_systems": "B",
        "signals_and_systems": "B+",
        "computer_graphics": "B-",
        "integrated_digital_electronics": "C",
        "probability_and_statistics": "F",
        "sgpa": "-"
    },
    "21110019": {
        "control_systems": "B-",
        "embedded_systems": "F",
        "signals_and_systems": "C+",
        "computer_graphics": "C",
        "integrated_digital_electronics": "CNR",
        "probability_and_statistics": "C",
        "sgpa": "-"
    },
    "21110020": {
        "control_systems": "A-",
        "embedded_systems": "A",
        "signals_and_systems": "A",
        "computer_graphics": "A",
        "integrated_digital_electronics": "C+",
        "probability_and_statistics": "A",
        "sgpa": "-"
    },
    "21110021": {
        "control_systems": "B+",
        "embedded_systems": "A",
        "signals_and_systems": "A",
        "computer_graphics": "B-",
        "integrated_digital_electronics": "F",
        "probability_and_statistics": "A-",
        "sgpa": "-"
    },
    "21110023": {
        "control_systems": "C",
        "embedded_systems": "C-",
        "signals_and_systems": "C",
        "computer_graphics": "C-",
        "integrated_digital_electronics": "CNR",
        "probability_and_statistics": "C+",
        "sgpa": "-"
    },
    "21110024": {
        "control_systems": "C",
        "embedded_systems": "A-",
        "signals_and_systems": "B",
        "computer_graphics": "B+",
        "integrated_digital_electronics": "F",
        "probability_and_statistics": "C+",
        "sgpa": "-"
    },
    "21110025": {
        "control_systems": "F",
        "embedded_systems": "C+",
        "signals_and_systems": "F",
        "computer_graphics": "C",
        "integrated_digital_electronics": "CNR",
        "probability_and_statistics": "F",
        "sgpa": "-"
    },
    "21110026": {
        "control_systems": "B",
        "embedded_systems": "B-",
        "signals_and_systems": "B+",
        "computer_graphics": "C+",
        "integrated_digital_electronics": "F",
        "probability_and_statistics": "A-",
        "sgpa": "-"
    },
    "21110028": {
        "control_systems": "B-",
        "embedded_systems": "B-",
        "signals_and_systems": "C-",
        "computer_graphics": "C+",
        "integrated_digital_electronics": "F",
        "probability_and_statistics": "F",
        "sgpa": "-"
    },
    "21110029": {
        "control_systems": "B",
        "embedded_systems": "B-",
        "signals_and_systems": "B+",
        "computer_graphics": "B+",
        "integrated_digital_electronics": "C-",
        "probability_and_statistics": "B-",
        "sgpa": "2.78"
    },
    "21110030": {
        "control_systems": "B",
        "embedded_systems": "A-",
        "signals_and_systems": "B",
        "computer_graphics": "C",
        "integrated_digital_electronics": "F",
        "probability_and_statistics": "F",
        "sgpa": "-"
    },
    "21110031": {
        "control_systems": "F",
        "embedded_systems": "C-",
        "signals_and_systems": "F",
        "computer_graphics": "F",
        "integrated_digital_electronics": "F",
        "probability_and_statistics": "F",
        "sgpa": "-"
    },
    "21110033": {
        "control_systems": "F",
        "embedded_systems": "F",
        "signals_and_systems": "Abs",
        "computer_graphics": "F",
        "integrated_digital_electronics": "CNR",
        "probability_and_statistics": "F",
        "sgpa": "-"
    },
    "21110035": {
        "control_systems": "F",
        "embedded_systems": "B",
        "signals_and_systems": "F",
        "computer_graphics": "C",
        "integrated_digital_electronics": "CNR",
        "probability_and_statistics": "F",
        "sgpa": "-"
    },
    "21110037": {
        "control_systems": "C",
        "embedded_systems": "B",
        "signals_and_systems": "C+",
        "computer_graphics": "B-",
        "integrated_digital_electronics": "F",
        "probability_and_statistics": "B",
        "sgpa": "-"
    },
    "21110038": {
        "control_systems": "A-",
        "embedded_systems": "B",
        "signals_and_systems": "B",
        "computer_graphics": "B",
        "integrated_digital_electronics": "F",
        "probability_and_statistics": "C",
        "sgpa": "-"
    },
    "21110039": {
        "control_systems": "B-",
        "embedded_systems": "Abs",
        "signals_and_systems": "F",
        "computer_graphics": "F",
        "integrated_digital_electronics": "CNR",
        "probability_and_statistics": "F",
        "sgpa": "-"
    },
    "21110040": {
        "control_systems": "A",
        "embedded_systems": "A-",
        "signals_and_systems": "B-",
        "computer_graphics": "A-",
        "integrated_digital_electronics": "B-",
        "probability_and_statistics": "B",
        "sgpa": "3.30"
    },
    "21110041": {
        "control_systems": "B",
        "embedded_systems": "A-",
        "signals_and_systems": "A",
        "computer_graphics": "A-",
        "integrated_digital_electronics": "C+",
        "probability_and_statistics": "F",
        "sgpa": "-"
    },
    "21110042": {
        "control_systems": "F",
        "embedded_systems": "C-",
        "signals_and_systems": "F",
        "computer_graphics": "C-",
        "integrated_digital_electronics": "CNR",
        "probability_and_statistics": "F",
        "sgpa": "-"
    },
    "21110043": {
        "control_systems": "A",
        "embedded_systems": "A-",
        "signals_and_systems": "B-",
        "computer_graphics": "C+",
        "integrated_digital_electronics": "F",
        "probability_and_statistics": "F",
        "sgpa": "-"
    },
    "21110044": {
        "control_systems": "F",
        "embedded_systems": "Abs",
        "signals_and_systems": "F",
        "computer_graphics": "F",
        "integrated_digital_electronics": "CNR",
        "probability_and_statistics": "F",
        "sgpa": "-"
    },
    "21110045": {
        "control_systems": "F",
        "embedded_systems": "Abs",
        "signals_and_systems": "Abs",
        "computer_graphics": "F",
        "integrated_digital_electronics": "Abs",
        "probability_and_statistics": "F",
        "sgpa": "-"
    },
    "21110046": {
        "control_systems": "A",
        "embedded_systems": "A",
        "signals_and_systems": "A",
        "computer_graphics": "A",
        "integrated_digital_electronics": "A-",
        "probability_and_statistics": "A-",
        "sgpa": "3.90"
    }
}