{
    "nan": {
        "advanced_programming_with_java": "-",
        "calculus_ii": "-",
        "data_structure_and_algorithms": "-",
        "instrumentation": "-",
        "probability_and_statistics": "-",
        "software_engineering_fundamentals": "-",
        "sgpa": "-"
    },
    "22120001": {
        "advanced_programming_with_java": "F",
        "calculus_ii": "B-",
        "data_structure_and_algorithms": "F",
        "instrumentation": "F",
        "probability_and_statistics": "F",
        "software_engineering_fundamentals": "B-",
        "sgpa": "-"
    },
    "22120002": {
        "advanced_programming_with_java": "B-",
        "calculus_ii": "B",
        "data_structure_and_algorithms": "B",
        "instrumentation": "B",
        "probability_and_statistics": "C+",
        "software_engineering_fundamentals": "B",
        "sgpa": "2.83"
    },
    "22120003": {
        "advanced_programming_with_java": "C+",
        "calculus_ii": "B-",
        "data_structure_and_algorithms": "B-",
        "instrumentation": "B-",
        "probability_and_statistics": "C",
        "software_engineering_fundamentals": "B+",
        "sgpa": "2.62"
    },
    "22120004": {
        "advanced_programming_with_java": "F",
        "calculus_ii": "F",
        "data_structure_and_algorithms": "F",
        "instrumentation": "F",
        "probability_and_statistics": "F",
        "software_engineering_fundamentals": "F",
        "sgpa": "-"
    },
    "22120005": {
        "advanced_programming_with_java": "B",
        "calculus_ii": "A-",
        "data_structure_and_algorithms": "B+",
        "instrumentation": "B-",
        "probability_and_statistics": "B-",
        "software_engineering_fundamentals": "B-",
        "sgpa": "3.02"
    },
    "22120006": {
        "advanced_programming_with_java": "B-",
        "calculus_ii": "B",
        "data_structure_and_algorithms": "B+",
        "instrumentation": "B",
        "probability_and_statistics": "B",
        "software_engineering_fundamentals": "A-",
        "sgpa": "3.12"
    },
    "22120007": {
        "advanced_programming_with_java": "B",
        "calculus_ii": "B",
        "data_structure_and_algorithms": "A-",
        "instrumentation": "B",
        "probability_and_statistics": "B",
        "software_engineering_fundamentals": "B+",
        "sgpa": "3.17"
    },
    "22120008": {
        "advanced_programming_with_java": "B-",
        "calculus_ii": "A-",
        "data_structure_and_algorithms": "A",
        "instrumentation": "B",
        "probability_and_statistics": "B+",
        "software_engineering_fundamentals": "A-",
        "sgpa": "3.40"
    },
    "22120009": {
        "advanced_programming_with_java": "F",
        "calculus_ii": "F",
        "data_structure_and_algorithms": "C+",
        "instrumentation": "F",
        "probability_and_statistics": "F",
        "software_engineering_fundamentals": "C+",
        "sgpa": "-"
    },
    "22120010": {
        "advanced_programming_with_java": "F",
        "calculus_ii": "F",
        "data_structure_and_algorithms": "F",
        "instrumentation": "F",
        "probability_and_statistics": "F",
        "software_engineering_fundamentals": "B",
        "sgpa": "-"
    },
    "22120011": {
        "advanced_programming_with_java": "B",
        "calculus_ii": "A-",
        "data_structure_and_algorithms": "A-",
        "instrumentation": "F",
        "probability_and_statistics": "C+",
        "software_engineering_fundamentals": "A",
        "sgpa": "-"
    },
    "22120012": {
        "advanced_programming_with_java": "B-",
        "calculus_ii": "B-",
        "data_structure_and_algorithms": "B",
        "instrumentation": "F",
        "probability_and_statistics": "C",
        "software_engineering_fundamentals": "A-",
        "sgpa": "-"
    },
    "22120013": {
        "advanced_programming_with_java": "F",
        "calculus_ii": "F",
        "data_structure_and_algorithms": "F",
        "instrumentation": "F",
        "probability_and_statistics": "F",
        "software_engineering_fundamentals": "F",
        "sgpa": "-"
    },
    "22120015": {
        "advanced_programming_with_java": "F",
        "calculus_ii": "F",
        "data_structure_and_algorithms": "F",
        "instrumentation": "F",
        "probability_and_statistics": "F",
        "software_engineering_fundamentals": "D+",
        "sgpa": "-"
    },
    "22120016": {
        "advanced_programming_with_java": "B-",
        "calculus_ii": "B+",
        "data_structure_and_algorithms": "A-",
        "instrumentation": "B+",
        "probability_and_statistics": "B-",
        "software_engineering_fundamentals": "A",
        "sgpa": "3.28"
    },
    "22120017": {
        "advanced_programming_with_java": "B",
        "calculus_ii": "B-",
        "data_structure_and_algorithms": "A-",
        "instrumentation": "B-",
        "probability_and_statistics": "C+",
        "software_engineering_fundamentals": "A",
        "sgpa": "3.07"
    },
    "22120018": {
        "advanced_programming_with_java": "C",
        "calculus_ii": "B",
        "data_structure_and_algorithms": "A-",
        "instrumentation": "F",
        "probability_and_statistics": "C-",
        "software_engineering_fundamentals": "B+",
        "sgpa": "-"
    },
    "22120019": {
        "advanced_programming_with_java": "F",
        "calculus_ii": "B+",
        "data_structure_and_algorithms": "B+",
        "instrumentation": "F",
        "probability_and_statistics": "C",
        "software_engineering_fundamentals": "B",
        "sgpa": "-"
    },
    "22120020": {
        "advanced_programming_with_java": "B-",
        "calculus_ii": "B+",
        "data_structure_and_algorithms": "B",
        "instrumentation": "C+",
        "probability_and_statistics": "B+",
        "software_engineering_fundamentals": "B-",
        "sgpa": "2.88"
    },
    "22120022": {
        "advanced_programming_with_java": "F",
        "calculus_ii": "F",
        "data_structure_and_algorithms": "F",
        "instrumentation": "F",
        "probability_and_statistics": "F",
        "software_engineering_fundamentals": "F",
        "sgpa": "-"
    },
    "22120023": {
        "advanced_programming_with_java": "F",
        "calculus_ii": "F",
        "data_structure_and_algorithms": "F",
        "instrumentation": "F",
        "probability_and_statistics": "F",
        "software_engineering_fundamentals": "F",
        "sgpa": "-"
    },
    "22120024": {
        "advanced_programming_with_java": "F",
        "calculus_ii": "F",
        "data_structure_and_algorithms": "F",
        "instrumentation": "F",
        "probability_and_statistics": "F",
        "software_engineering_fundamentals": "Expelled",
        "sgpa": "-"
    },
    "22120025": {
        "advanced_programming_with_java": "F",
        "calculus_ii": "F",
        "data_structure_and_algorithms": "F",
        "instrumentation": "F",
        "probability_and_statistics": "F",
        "software_engineering_fundamentals": "F",
        "sgpa": "-"
    },
    "22120026": {
        "advanced_programming_with_java": "F",
        "calculus_ii": "F",
        "data_structure_and_algorithms": "F",
        "instrumentation": "F",
        "probability_and_statistics": "F",
        "software_engineering_fundamentals": "C-",
        "sgpa": "-"
    },
    "22120027": {
        "advanced_programming_with_java": "F",
        "calculus_ii": "Abs",
        "data_structure_and_algorithms": "F",
        "instrumentation": "F",
        "probability_and_statistics": "F",
        "software_engineering_fundamentals": "F",
        "sgpa": "-"
    },
    "22120028": {
        "advanced_programming_with_java": "C",
        "calculus_ii": "F",
        "data_structure_and_algorithms": "C",
        "instrumentation": "F",
        "probability_and_statistics": "F",
        "software_engineering_fundamentals": "F",
        "sgpa": "-"
    },
    "22120029": {
        "advanced_programming_with_java": "F",
        "calculus_ii": "F",
        "data_structure_and_algorithms": "C",
        "instrumentation": "F",
        "probability_and_statistics": "F",
        "software_engineering_fundamentals": "F",
        "sgpa": "-"
    },
    "22120030": {
        "advanced_programming_with_java": "F",
        "calculus_ii": "F",
        "data_structure_and_algorithms": "F",
        "instrumentation": "F",
        "probability_and_statistics": "F",
        "software_engineering_fundamentals": "C-",
        "sgpa": "-"
    },
    "22120031": {
        "advanced_programming_with_java": "F",
        "calculus_ii": "F",
        "data_structure_and_algorithms": "F",
        "instrumentation": "F",
        "probability_and_statistics": "F",
        "software_engineering_fundamentals": "F",
        "sgpa": "-"
    },
    "22120032": {
        "advanced_programming_with_java": "F",
        "calculus_ii": "Abs",
        "data_structure_and_algorithms": "F",
        "instrumentation": "F",
        "probability_and_statistics": "F",
        "software_engineering_fundamentals": "F",
        "sgpa": "-"
    },
    "22120033": {
        "advanced_programming_with_java": "B",
        "calculus_ii": "B",
        "data_structure_and_algorithms": "A",
        "instrumentation": "C+",
        "probability_and_statistics": "F",
        "software_engineering_fundamentals": "A-",
        "sgpa": "-"
    },
    "22120034": {
        "advanced_programming_with_java": "F",
        "calculus_ii": "Abs",
        "data_structure_and_algorithms": "F",
        "instrumentation": "F",
        "probability_and_statistics": "F",
        "software_engineering_fundamentals": "F",
        "sgpa": "-"
    },
    "22120036": {
        "advanced_programming_with_java": "F",
        "calculus_ii": "C",
        "data_structure_and_algorithms": "F",
        "instrumentation": "F",
        "probability_and_statistics": "F",
        "software_engineering_fundamentals": "F",
        "sgpa": "-"
    },
    "22120037": {
        "advanced_programming_with_java": "F",
        "calculus_ii": "F",
        "data_structure_and_algorithms": "F",
        "instrumentation": "F",
        "probability_and_statistics": "F",
        "software_engineering_fundamentals": "C",
        "sgpa": "-"
    },
    "22120038": {
        "advanced_programming_with_java": "F",
        "calculus_ii": "F",
        "data_structure_and_algorithms": "F",
        "instrumentation": "F",
        "probability_and_statistics": "F",
        "software_engineering_fundamentals": "F",
        "sgpa": "-"
    },
    "22120039": {
        "advanced_programming_with_java": "A-",
        "calculus_ii": "A-",
        "data_structure_and_algorithms": "A",
        "instrumentation": "F",
        "probability_and_statistics": "B+",
        "software_engineering_fundamentals": "B+",
        "sgpa": "-"
    },
    "22120040": {
        "advanced_programming_with_java": "F",
        "calculus_ii": "F",
        "data_structure_and_algorithms": "C-",
        "instrumentation": "F",
        "probability_and_statistics": "F",
        "software_engineering_fundamentals": "C+",
        "sgpa": "-"
    },
    "22120041": {
        "advanced_programming_with_java": "F",
        "calculus_ii": "F",
        "data_structure_and_algorithms": "F",
        "instrumentation": "F",
        "probability_and_statistics": "F",
        "software_engineering_fundamentals": "F",
        "sgpa": "-"
    },
    "22120042": {
        "advanced_programming_with_java": "C+",
        "calculus_ii": "F",
        "data_structure_and_algorithms": "C",
        "instrumentation": "F",
        "probability_and_statistics": "F",
        "software_engineering_fundamentals": "B-",
        "sgpa": "-"
    },
    "22120043": {
        "advanced_programming_with_java": "F",
        "calculus_ii": "C",
        "data_structure_and_algorithms": "C",
        "instrumentation": "F",
        "probability_and_statistics": "C-",
        "software_engineering_fundamentals": "C+",
        "sgpa": "-"
    },
    "22120044": {
        "advanced_programming_with_java": "F",
        "calculus_ii": "F",
        "data_structure_and_algorithms": "F",
        "instrumentation": "F",
        "probability_and_statistics": "F",
        "software_engineering_fundamentals": "F",
        "sgpa": "-"
    },
    "22120045": {
        "advanced_programming_with_java": "F",
        "calculus_ii": "F",
        "data_structure_and_algorithms": "F",
        "instrumentation": "F",
        "probability_and_statistics": "F",
        "software_engineering_fundamentals": "B-",
        "sgpa": "-"
    },
    "22120046": {
        "advanced_programming_with_java": "F",
        "calculus_ii": "F",
        "data_structure_and_algorithms": "F",
        "instrumentation": "F",
        "probability_and_statistics": "F",
        "software_engineering_fundamentals": "F",
        "sgpa": "-"
    },
    "22120047": {
        "advanced_programming_with_java": "A-",
        "calculus_ii": "A",
        "data_structure_and_algorithms": "A-",
        "instrumentation": "F",
        "probability_and_statistics": "B",
        "software_engineering_fundamentals": "A-",
        "sgpa": "-"
    },
    "22120048": {
        "advanced_programming_with_java": "B-",
        "calculus_ii": "B-",
        "data_structure_and_algorithms": "A",
        "instrumentation": "C+",
        "probability_and_statistics": "B",
        "software_engineering_fundamentals": "C",
        "sgpa": "2.78"
    },
    "22120049": {
        "advanced_programming_with_java": "F",
        "calculus_ii": "F",
        "data_structure_and_algorithms": "C+",
        "instrumentation": "F",
        "probability_and_statistics": "F",
        "software_engineering_fundamentals": "C",
        "sgpa": "-"
    },
    "22120051": {
        "advanced_programming_with_java": "F",
        "calculus_ii": "F",
        "data_structure_and_algorithms": "C+",
        "instrumentation": "F",
        "probability_and_statistics": "F",
        "software_engineering_fundamentals": "F",
        "sgpa": "-"
    },
    "22120052": {
        "advanced_programming_with_java": "F",
        "calculus_ii": "C-",
        "data_structure_and_algorithms": "F",
        "instrumentation": "F",
        "probability_and_statistics": "F",
        "software_engineering_fundamentals": "F",
        "sgpa": "-"
    },
    "22120053": {
        "advanced_programming_with_java": "C",
        "calculus_ii": "F",
        "data_structure_and_algorithms": "C+",
        "instrumentation": "F",
        "probability_and_statistics": "F",
        "software_engineering_fundamentals": "B-",
        "sgpa": "-"
    },
    "22120054": {
        "advanced_programming_with_java": "A",
        "calculus_ii": "B-",
        "data_structure_and_algorithms": "B+",
        "instrumentation": "B",
        "probability_and_statistics": "B",
        "software_engineering_fundamentals": "A-",
        "sgpa": "3.28"
    },
    "22120056": {
        "advanced_programming_with_java": "B-",
        "calculus_ii": "C",
        "data_structure_and_algorithms": "B-",
        "instrumentation": "C-",
        "probability_and_statistics": "F",
        "software_engineering_fundamentals": "C+",
        "sgpa": "-"
    },
    "22120057": {
        "advanced_programming_with_java": "F",
        "calculus_ii": "F",
        "data_structure_and_algorithms": "C-",
        "instrumentation": "F",
        "probability_and_statistics": "F",
        "software_engineering_fundamentals": "C-",
        "sgpa": "-"
    },
    "22120058": {
        "advanced_programming_with_java": "B",
        "calculus_ii": "B-",
        "data_structure_and_algorithms": "B-",
        "instrumentation": "C+",
        "probability_and_statistics": "F",
        "software_engineering_fundamentals": "B",
        "sgpa": "-"
    },
    "22120059": {
        "advanced_programming_with_java": "F",
        "calculus_ii": "F",
        "data_structure_and_algorithms": "C-",
        "instrumentation": "F",
        "probability_and_statistics": "F",
        "software_engineering_fundamentals": "F",
        "sgpa": "-"
    },
    "22120060": {
        "advanced_programming_with_java": "C+",
        "calculus_ii": "B-",
        "data_structure_and_algorithms": "C+",
        "instrumentation": "F",
        "probability_and_statistics": "C+",
        "software_engineering_fundamentals": "B-",
        "sgpa": "-"
    },
    "22120061": {
        "advanced_programming_with_java": "C+",
        "calculus_ii": "C+",
        "data_structure_and_algorithms": "F",
        "instrumentation": "F",
        "probability_and_statistics": "F",
        "software_engineering_fundamentals": "F",
        "sgpa": "-"
    },
    "22120062": {
        "advanced_programming_with_java": "B-",
        "calculus_ii": "B+",
        "data_structure_and_algorithms": "F",
        "instrumentation": "F",
        "probability_and_statistics": "B-",
        "software_engineering_fundamentals": "B",
        "sgpa": "-"
    },
    "22120063": {
        "advanced_programming_with_java": "F",
        "calculus_ii": "F",
        "data_structure_and_algorithms": "C",
        "instrumentation": "C-",
        "probability_and_statistics": "F",
        "software_engineering_fundamentals": "C",
        "sgpa": "-"
    },
    "22120064": {
        "advanced_programming_with_java": "A-",
        "calculus_ii": "B+",
        "data_structure_and_algorithms": "A-",
        "instrumentation": "C+",
        "probability_and_statistics": "A-",
        "software_engineering_fundamentals": "A",
        "sgpa": "3.45"
    },
    "22120065": {
        "advanced_programming_with_java": "B",
        "calculus_ii": "B-",
        "data_structure_and_algorithms": "B-",
        "instrumentation": "C+",
        "probability_and_statistics": "B-",
        "software_engineering_fundamentals": "B",
        "sgpa": "2.73"
    },
    "22120066": {
        "advanced_programming_with_java": "F",
        "calculus_ii": "Abs",
        "data_structure_and_algorithms": "F",
        "instrumentation": "F",
        "probability_and_statistics": "F",
        "software_engineering_fundamentals": "C",
        "sgpa": "-"
    },
    "22120067": {
        "advanced_programming_with_java": "Abs",
        "calculus_ii": "F",
        "data_structure_and_algorithms": "F",
        "instrumentation": "F",
        "probability_and_statistics": "Abs",
        "software_engineering_fundamentals": "C-",
        "sgpa": "-"
    },
    "22120068": {
        "advanced_programming_with_java": "B-",
        "calculus_ii": "F",
        "data_structure_and_algorithms": "A-",
        "instrumentation": "C",
        "probability_and_statistics": "C+",
        "software_engineering_fundamentals": "A-",
        "sgpa": "-"
    },
    "22120069": {
        "advanced_programming_with_java": "A-",
        "calculus_ii": "C",
        "data_structure_and_algorithms": "B",
        "instrumentation": "B",
        "probability_and_statistics": "A-",
        "software_engineering_fundamentals": "B",
        "sgpa": "3.07"
    },
    "22120070": {
        "advanced_programming_with_java": "C+",
        "calculus_ii": "F",
        "data_structure_and_algorithms": "B",
        "instrumentation": "F",
        "probability_and_statistics": "F",
        "software_engineering_fundamentals": "C+",
        "sgpa": "-"
    },
    "22120071": {
        "advanced_programming_with_java": "F",
        "calculus_ii": "F",
        "data_structure_and_algorithms": "F",
        "instrumentation": "F",
        "probability_and_statistics": "Abs",
        "software_engineering_fundamentals": "F",
        "sgpa": "-"
    },
    "22120072": {
        "advanced_programming_with_java": "B+",
        "calculus_ii": "F",
        "data_structure_and_algorithms": "C+",
        "instrumentation": "F",
        "probability_and_statistics": "C+",
        "software_engineering_fundamentals": "B",
        "sgpa": "-"
    },
    "22120073": {
        "advanced_programming_with_java": "F",
        "calculus_ii": "F",
        "data_structure_and_algorithms": "F",
        "instrumentation": "F",
        "probability_and_statistics": "F",
        "software_engineering_fundamentals": "F",
        "sgpa": "-"
    },
    "22120074": {
        "advanced_programming_with_java": "F",
        "calculus_ii": "F",
        "data_structure_and_algorithms": "F",
        "instrumentation": "F",
        "probability_and_statistics": "F",
        "software_engineering_fundamentals": "C",
        "sgpa": "-"
    },
    "22120075": {
        "advanced_programming_with_java": "C",
        "calculus_ii": "F",
        "data_structure_and_algorithms": "C-",
        "instrumentation": "F",
        "probability_and_statistics": "C+",
        "software_engineering_fundamentals": "C+",
        "sgpa": "-"
    },
    "22120077": {
        "advanced_programming_with_java": "B",
        "calculus_ii": "F",
        "data_structure_and_algorithms": "C",
        "instrumentation": "C-",
        "probability_and_statistics": "F",
        "software_engineering_fundamentals": "F",
        "sgpa": "-"
    },
    "22120078": {
        "advanced_programming_with_java": "F",
        "calculus_ii": "F",
        "data_structure_and_algorithms": "C-",
        "instrumentation": "F",
        "probability_and_statistics": "F",
        "software_engineering_fundamentals": "C",
        "sgpa": "-"
    },
    "22120079": {
        "advanced_programming_with_java": "B-",
        "calculus_ii": "B+",
        "data_structure_and_algorithms": "A-",
        "instrumentation": "B+",
        "probability_and_statistics": "B",
        "software_engineering_fundamentals": "B",
        "sgpa": "3.17"
    },
    "22120080": {
        "advanced_programming_with_java": "B+",
        "calculus_ii": "B",
        "data_structure_and_algorithms": "B-",
        "instrumentation": "B+",
        "probability_and_statistics": "C",
        "software_engineering_fundamentals": "B+",
        "sgpa": "2.93"
    },
    "22120081": {
        "advanced_programming_with_java": "F",
        "calculus_ii": "F",
        "data_structure_and_algorithms": "F",
        "instrumentation": "F",
        "probability_and_statistics": "F",
        "software_engineering_fundamentals": "F",
        "sgpa": "-"
    },
    "22120082": {
        "advanced_programming_with_java": "F",
        "calculus_ii": "C",
        "data_structure_and_algorithms": "C-",
        "instrumentation": "F",
        "probability_and_statistics": "C+",
        "software_engineering_fundamentals": "C",
        "sgpa": "-"
    },
    "22120083": {
        "advanced_programming_with_java": "F",
        "calculus_ii": "F",
        "data_structure_and_algorithms": "F",
        "instrumentation": "F",
        "probability_and_statistics": "F",
        "software_engineering_fundamentals": "Abs",
        "sgpa": "-"
    },
    "22120084": {
        "advanced_programming_with_java": "F",
        "calculus_ii": "F",
        "data_structure_and_algorithms": "C",
        "instrumentation": "F",
        "probability_and_statistics": "F",
        "software_engineering_fundamentals": "C+",
        "sgpa": "-"
    },
    "22120085": {
        "advanced_programming_with_java": "F",
        "calculus_ii": "F",
        "data_structure_and_algorithms": "C+",
        "instrumentation": "F",
        "probability_and_statistics": "C-",
        "software_engineering_fundamentals": "B-",
        "sgpa": "-"
    },
    "22120086": {
        "advanced_programming_with_java": "F",
        "calculus_ii": "C",
        "data_structure_and_algorithms": "B-",
        "instrumentation": "F",
        "probability_and_statistics": "F",
        "software_engineering_fundamentals": "A-",
        "sgpa": "-"
    },
    "22120087": {
        "advanced_programming_with_java": "F",
        "calculus_ii": "F",
        "data_structure_and_algorithms": "F",
        "instrumentation": "F",
        "probability_and_statistics": "F",
        "software_engineering_fundamentals": "F",
        "sgpa": "-"
    },
    "22120088": {
        "advanced_programming_with_java": "F",
        "calculus_ii": "F",
        "data_structure_and_algorithms": "F",
        "instrumentation": "F",
        "probability_and_statistics": "F",
        "software_engineering_fundamentals": "F",
        "sgpa": "-"
    },
    "22120089": {
        "advanced_programming_with_java": "F",
        "calculus_ii": "F",
        "data_structure_and_algorithms": "F",
        "instrumentation": "F",
        "probability_and_statistics": "F",
        "software_engineering_fundamentals": "F",
        "sgpa": "-"
    },
    "22120090": {
        "advanced_programming_with_java": "B+",
        "calculus_ii": "B-",
        "data_structure_and_algorithms": "F",
        "instrumentation": "C",
        "probability_and_statistics": "C+",
        "software_engineering_fundamentals": "C-",
        "sgpa": "-"
    },
    "22120091": {
        "advanced_programming_with_java": "F",
        "calculus_ii": "F",
        "data_structure_and_algorithms": "F",
        "instrumentation": "F",
        "probability_and_statistics": "F",
        "software_engineering_fundamentals": "F",
        "sgpa": "-"
    },
    "22120092": {
        "advanced_programming_with_java": "F",
        "calculus_ii": "F",
        "data_structure_and_algorithms": "F",
        "instrumentation": "F",
        "probability_and_statistics": "F",
        "software_engineering_fundamentals": "F",
        "sgpa": "-"
    },
    "22120094": {
        "advanced_programming_with_java": "F",
        "calculus_ii": "F",
        "data_structure_and_algorithms": "F",
        "instrumentation": "F",
        "probability_and_statistics": "F",
        "software_engineering_fundamentals": "F",
        "sgpa": "-"
    },
    "22120095": {
        "advanced_programming_with_java": "F",
        "calculus_ii": "F",
        "data_structure_and_algorithms": "F",
        "instrumentation": "F",
        "probability_and_statistics": "F",
        "software_engineering_fundamentals": "F",
        "sgpa": "-"
    },
    "22120096": {
        "advanced_programming_with_java": "F",
        "calculus_ii": "F",
        "data_structure_and_algorithms": "F",
        "instrumentation": "F",
        "probability_and_statistics": "F",
        "software_engineering_fundamentals": "B-",
        "sgpa": "-"
    },
    "22120097": {
        "advanced_programming_with_java": "C-",
        "calculus_ii": "F",
        "data_structure_and_algorithms": "C",
        "instrumentation": "C-",
        "probability_and_statistics": "F",
        "software_engineering_fundamentals": "B+",
        "sgpa": "-"
    },
    "22120098": {
        "advanced_programming_with_java": "C+",
        "calculus_ii": "F",
        "data_structure_and_algorithms": "C+",
        "instrumentation": "C+",
        "probability_and_statistics": "C+",
        "software_engineering_fundamentals": "B-",
        "sgpa": "-"
    },
    "22120099": {
        "advanced_programming_with_java": "B-",
        "calculus_ii": "B",
        "data_structure_and_algorithms": "A-",
        "instrumentation": "C",
        "probability_and_statistics": "C+",
        "software_engineering_fundamentals": "B-",
        "sgpa": "2.73"
    },
    "22120100": {
        "advanced_programming_with_java": "F",
        "calculus_ii": "F",
        "data_structure_and_algorithms": "F",
        "instrumentation": "F",
        "probability_and_statistics": "C+",
        "software_engineering_fundamentals": "F",
        "sgpa": "-"
    },
    "22120101": {
        "advanced_programming_with_java": "A",
        "calculus_ii": "A",
        "data_structure_and_algorithms": "B-",
        "instrumentation": "B+",
        "probability_and_statistics": "A",
        "software_engineering_fundamentals": "A",
        "sgpa": "3.67"
    },
    "22120102": {
        "advanced_programming_with_java": "C+",
        "calculus_ii": "C",
        "data_structure_and_algorithms": "A-",
        "instrumentation": "F",
        "probability_and_statistics": "B",
        "software_engineering_fundamentals": "C",
        "sgpa": "-"
    },
    "22120103": {
        "advanced_programming_with_java": "F",
        "calculus_ii": "F",
        "data_structure_and_algorithms": "F",
        "instrumentation": "F",
        "probability_and_statistics": "F",
        "software_engineering_fundamentals": "F",
        "sgpa": "-"
    },
    "22120104": {
        "advanced_programming_with_java": "B-",
        "calculus_ii": "B",
        "data_structure_and_algorithms": "B",
        "instrumentation": "B",
        "probability_and_statistics": "D+",
        "software_engineering_fundamentals": "B-",
        "sgpa": "2.62"
    },
    "22120105": {
        "advanced_programming_with_java": "C-",
        "calculus_ii": "B+",
        "data_structure_and_algorithms": "B-",
        "instrumentation": "F",
        "probability_and_statistics": "B-",
        "software_engineering_fundamentals": "B-",
        "sgpa": "-"
    },
    "22120106": {
        "advanced_programming_with_java": "C+",
        "calculus_ii": "F",
        "data_structure_and_algorithms": "C+",
        "instrumentation": "F",
        "probability_and_statistics": "F",
        "software_engineering_fundamentals": "B-",
        "sgpa": "-"
    },
    "22120107": {
        "advanced_programming_with_java": "F",
        "calculus_ii": "F",
        "data_structure_and_algorithms": "F",
        "instrumentation": "F",
        "probability_and_statistics": "F",
        "software_engineering_fundamentals": "F",
        "sgpa": "-"
    },
    "22120109": {
        "advanced_programming_with_java": "A-",
        "calculus_ii": "C",
        "data_structure_and_algorithms": "B",
        "instrumentation": "F",
        "probability_and_statistics": "C-",
        "software_engineering_fundamentals": "C+",
        "sgpa": "-"
    },
    "22120110": {
        "advanced_programming_with_java": "F",
        "calculus_ii": "F",
        "data_structure_and_algorithms": "F",
        "instrumentation": "F",
        "probability_and_statistics": "F",
        "software_engineering_fundamentals": "F",
        "sgpa": "-"
    },
    "22120111": {
        "advanced_programming_with_java": "F",
        "calculus_ii": "F",
        "data_structure_and_algorithms": "F",
        "instrumentation": "F",
        "probability_and_statistics": "F",
        "software_engineering_fundamentals": "F",
        "sgpa": "-"
    },
    "22120112": {
        "advanced_programming_with_java": "F",
        "calculus_ii": "C-",
        "data_structure_and_algorithms": "F",
        "instrumentation": "F",
        "probability_and_statistics": "F",
        "software_engineering_fundamentals": "F",
        "sgpa": "-"
    },
    "22120113": {
        "advanced_programming_with_java": "NQ",
        "calculus_ii": "F",
        "data_structure_and_algorithms": "F",
        "instrumentation": "F",
        "probability_and_statistics": "F",
        "software_engineering_fundamentals": "F",
        "sgpa": "-"
    },
    "22120114": {
        "advanced_programming_with_java": "F",
        "calculus_ii": "F",
        "data_structure_and_algorithms": "F",
        "instrumentation": "F",
        "probability_and_statistics": "F",
        "software_engineering_fundamentals": "F",
        "sgpa": "-"
    },
    "22120115": {
        "advanced_programming_with_java": "F",
        "calculus_ii": "F",
        "data_structure_and_algorithms": "F",
        "instrumentation": "F",
        "probability_and_statistics": "F",
        "software_engineering_fundamentals": "F",
        "sgpa": "-"
    },
    "22120116": {
        "advanced_programming_with_java": "C+",
        "calculus_ii": "B",
        "data_structure_and_algorithms": "B",
        "instrumentation": "B",
        "probability_and_statistics": "A",
        "software_engineering_fundamentals": "B-",
        "sgpa": "3.00"
    },
    "22120117": {
        "advanced_programming_with_java": "B+",
        "calculus_ii": "A-",
        "data_structure_and_algorithms": "A",
        "instrumentation": "A-",
        "probability_and_statistics": "A",
        "software_engineering_fundamentals": "B-",
        "sgpa": "3.57"
    },
    "22120118": {
        "advanced_programming_with_java": "NQ",
        "calculus_ii": "F",
        "data_structure_and_algorithms": "F",
        "instrumentation": "F",
        "probability_and_statistics": "F",
        "software_engineering_fundamentals": "F",
        "sgpa": "-"
    },
    "22120119": {
        "advanced_programming_with_java": "F",
        "calculus_ii": "F",
        "data_structure_and_algorithms": "F",
        "instrumentation": "F",
        "probability_and_statistics": "F",
        "software_engineering_fundamentals": "F",
        "sgpa": "-"
    },
    "22120120": {
        "advanced_programming_with_java": "F",
        "calculus_ii": "F",
        "data_structure_and_algorithms": "F",
        "instrumentation": "F",
        "probability_and_statistics": "F",
        "software_engineering_fundamentals": "F",
        "sgpa": "-"
    },
    "22120121": {
        "advanced_programming_with_java": "C+",
        "calculus_ii": "F",
        "data_structure_and_algorithms": "C",
        "instrumentation": "C-",
        "probability_and_statistics": "C-",
        "software_engineering_fundamentals": "C+",
        "sgpa": "-"
    },
    "22120122": {
        "advanced_programming_with_java": "D+",
        "calculus_ii": "F",
        "data_structure_and_algorithms": "F",
        "instrumentation": "F",
        "probability_and_statistics": "F",
        "software_engineering_fundamentals": "C-",
        "sgpa": "-"
    },
    "22120123": {
        "advanced_programming_with_java": "F",
        "calculus_ii": "F",
        "data_structure_and_algorithms": "F",
        "instrumentation": "F",
        "probability_and_statistics": "F",
        "software_engineering_fundamentals": "F",
        "sgpa": "-"
    },
    "22120124": {
        "advanced_programming_with_java": "B+",
        "calculus_ii": "A",
        "data_structure_and_algorithms": "A",
        "instrumentation": "A-",
        "probability_and_statistics": "A",
        "software_engineering_fundamentals": "A-",
        "sgpa": "3.78"
    },
    "22120125": {
        "advanced_programming_with_java": "F",
        "calculus_ii": "F",
        "data_structure_and_algorithms": "F",
        "instrumentation": "F",
        "probability_and_statistics": "F",
        "software_engineering_fundamentals": "F",
        "sgpa": "-"
    },
    "22120126": {
        "advanced_programming_with_java": "F",
        "calculus_ii": "C-",
        "data_structure_and_algorithms": "B-",
        "instrumentation": "F",
        "probability_and_statistics": "F",
        "software_engineering_fundamentals": "F",
        "sgpa": "-"
    },
    "22120127": {
        "advanced_programming_with_java": "NQ",
        "calculus_ii": "F",
        "data_structure_and_algorithms": "C+",
        "instrumentation": "F",
        "probability_and_statistics": "F",
        "software_engineering_fundamentals": "F",
        "sgpa": "-"
    },
    "22120129": {
        "advanced_programming_with_java": "F",
        "calculus_ii": "C-",
        "data_structure_and_algorithms": "F",
        "instrumentation": "F",
        "probability_and_statistics": "F",
        "software_engineering_fundamentals": "C-",
        "sgpa": "-"
    },
    "22120130": {
        "advanced_programming_with_java": "F",
        "calculus_ii": "F",
        "data_structure_and_algorithms": "F",
        "instrumentation": "F",
        "probability_and_statistics": "F",
        "software_engineering_fundamentals": "F",
        "sgpa": "-"
    },
    "22120131": {
        "advanced_programming_with_java": "F",
        "calculus_ii": "F",
        "data_structure_and_algorithms": "F",
        "instrumentation": "F",
        "probability_and_statistics": "F",
        "software_engineering_fundamentals": "F",
        "sgpa": "-"
    },
    "22120132": {
        "advanced_programming_with_java": "C",
        "calculus_ii": "C",
        "data_structure_and_algorithms": "A-",
        "instrumentation": "F",
        "probability_and_statistics": "F",
        "software_engineering_fundamentals": "C-",
        "sgpa": "-"
    },
    "22120133": {
        "advanced_programming_with_java": "F",
        "calculus_ii": "F",
        "data_structure_and_algorithms": "C+",
        "instrumentation": "F",
        "probability_and_statistics": "F",
        "software_engineering_fundamentals": "F",
        "sgpa": "-"
    },
    "22120134": {
        "advanced_programming_with_java": "B+",
        "calculus_ii": "A",
        "data_structure_and_algorithms": "B-",
        "instrumentation": "B+",
        "probability_and_statistics": "A-",
        "software_engineering_fundamentals": "C+",
        "sgpa": "3.22"
    },
    "22120135": {
        "advanced_programming_with_java": "B+",
        "calculus_ii": "A-",
        "data_structure_and_algorithms": "A-",
        "instrumentation": "B+",
        "probability_and_statistics": "B+",
        "software_engineering_fundamentals": "C",
        "sgpa": "3.22"
    },
    "22120136": {
        "advanced_programming_with_java": "F",
        "calculus_ii": "F",
        "data_structure_and_algorithms": "F",
        "instrumentation": "F",
        "probability_and_statistics": "F",
        "software_engineering_fundamentals": "F",
        "sgpa": "-"
    },
    "22120137": {
        "advanced_programming_with_java": "NQ",
        "calculus_ii": "F",
        "data_structure_and_algorithms": "F",
        "instrumentation": "F",
        "probability_and_statistics": "F",
        "software_engineering_fundamentals": "F",
        "sgpa": "-"
    },
    "22120138": {
        "advanced_programming_with_java": "C-",
        "calculus_ii": "F",
        "data_structure_and_algorithms": "A",
        "instrumentation": "F",
        "probability_and_statistics": "F",
        "software_engineering_fundamentals": "C",
        "sgpa": "-"
    },
    "22120139": {
        "advanced_programming_with_java": "F",
        "calculus_ii": "F",
        "data_structure_and_algorithms": "F",
        "instrumentation": "F",
        "probability_and_statistics": "F",
        "software_engineering_fundamentals": "C+",
        "sgpa": "-"
    },
    "22120140": {
        "advanced_programming_with_java": "F",
        "calculus_ii": "F",
        "data_structure_and_algorithms": "B-",
        "instrumentation": "F",
        "probability_and_statistics": "F",
        "software_engineering_fundamentals": "B-",
        "sgpa": "-"
    },
    "22120141": {
        "advanced_programming_with_java": "F",
        "calculus_ii": "F",
        "data_structure_and_algorithms": "B",
        "instrumentation": "F",
        "probability_and_statistics": "F",
        "software_engineering_fundamentals": "B",
        "sgpa": "-"
    },
    "22120142": {
        "advanced_programming_with_java": "F",
        "calculus_ii": "F",
        "data_structure_and_algorithms": "F",
        "instrumentation": "F",
        "probability_and_statistics": "F",
        "software_engineering_fundamentals": "F",
        "sgpa": "-"
    },
    "22120143": {
        "advanced_programming_with_java": "F",
        "calculus_ii": "F",
        "data_structure_and_algorithms": "C+",
        "instrumentation": "F",
        "probability_and_statistics": "F",
        "software_engineering_fundamentals": "B-",
        "sgpa": "-"
    },
    "22120144": {
        "advanced_programming_with_java": "B+",
        "calculus_ii": "B",
        "data_structure_and_algorithms": "A-",
        "instrumentation": "B",
        "probability_and_statistics": "F",
        "software_engineering_fundamentals": "A-",
        "sgpa": "-"
    },
    "22120145": {
        "advanced_programming_with_java": "F",
        "calculus_ii": "NQ",
        "data_structure_and_algorithms": "F",
        "instrumentation": "F",
        "probability_and_statistics": "F",
        "software_engineering_fundamentals": "F",
        "sgpa": "-"
    },
    "22120146": {
        "advanced_programming_with_java": "B+",
        "calculus_ii": "B+",
        "data_structure_and_algorithms": "A-",
        "instrumentation": "B",
        "probability_and_statistics": "B",
        "software_engineering_fundamentals": "A-",
        "sgpa": "3.33"
    },
    "22120147": {
        "advanced_programming_with_java": "B",
        "calculus_ii": "B",
        "data_structure_and_algorithms": "B-",
        "instrumentation": "C",
        "probability_and_statistics": "B-",
        "software_engineering_fundamentals": "B-",
        "sgpa": "2.68"
    },
    "22120148": {
        "advanced_programming_with_java": "F",
        "calculus_ii": "C-",
        "data_structure_and_algorithms": "C+",
        "instrumentation": "F",
        "probability_and_statistics": "F",
        "software_engineering_fundamentals": "F",
        "sgpa": "-"
    },
    "22120149": {
        "advanced_programming_with_java": "F",
        "calculus_ii": "C",
        "data_structure_and_algorithms": "B",
        "instrumentation": "F",
        "probability_and_statistics": "F",
        "software_engineering_fundamentals": "F",
        "sgpa": "-"
    },
    "22120150": {
        "advanced_programming_with_java": "F",
        "calculus_ii": "C",
        "data_structure_and_algorithms": "F",
        "instrumentation": "F",
        "probability_and_statistics": "F",
        "software_engineering_fundamentals": "F",
        "sgpa": "-"
    },
    "22120151": {
        "advanced_programming_with_java": "C+",
        "calculus_ii": "B",
        "data_structure_and_algorithms": "B-",
        "instrumentation": "C+",
        "probability_and_statistics": "A-",
        "software_engineering_fundamentals": "B",
        "sgpa": "2.83"
    },
    "22120152": {
        "advanced_programming_with_java": "F",
        "calculus_ii": "C-",
        "data_structure_and_algorithms": "F",
        "instrumentation": "F",
        "probability_and_statistics": "F",
        "software_engineering_fundamentals": "C+",
        "sgpa": "-"
    },
    "22120153": {
        "advanced_programming_with_java": "F",
        "calculus_ii": "C",
        "data_structure_and_algorithms": "Expelled",
        "instrumentation": "F",
        "probability_and_statistics": "F",
        "software_engineering_fundamentals": "C+",
        "sgpa": "-"
    },
    "22120154": {
        "advanced_programming_with_java": "F",
        "calculus_ii": "F",
        "data_structure_and_algorithms": "F",
        "instrumentation": "F",
        "probability_and_statistics": "F",
        "software_engineering_fundamentals": "C",
        "sgpa": "-"
    },
    "22120156": {
        "advanced_programming_with_java": "F",
        "calculus_ii": "F",
        "data_structure_and_algorithms": "F",
        "instrumentation": "F",
        "probability_and_statistics": "F",
        "software_engineering_fundamentals": "F",
        "sgpa": "-"
    },
    "22120157": {
        "advanced_programming_with_java": "F",
        "calculus_ii": "F",
        "data_structure_and_algorithms": "F",
        "instrumentation": "F",
        "probability_and_statistics": "F",
        "software_engineering_fundamentals": "C-",
        "sgpa": "-"
    },
    "22120158": {
        "advanced_programming_with_java": "F",
        "calculus_ii": "F",
        "data_structure_and_algorithms": "F",
        "instrumentation": "F",
        "probability_and_statistics": "F",
        "software_engineering_fundamentals": "B-",
        "sgpa": "-"
    }
}