{
    "nan": {
        "computer_graphics": "-",
        "computer_networks": "-",
        "intelligent_systems": "-",
        "information_systems": "-",
        "object_oriented_design_and_modeling_through_uml": "-",
        "project_ii": "-"
    },
    "16120016": {
        "computer_graphics": "-",
        "computer_networks": "-",
        "intelligent_systems": "-",
        "information_systems": "-",
        "object_oriented_design_and_modeling_through_uml": "B-",
        "project_ii": "-"
    },
    "16120048": {
        "computer_graphics": "C-",
        "computer_networks": "-",
        "intelligent_systems": "-",
        "information_systems": "-",
        "object_oriented_design_and_modeling_through_uml": "-",
        "project_ii": "-"
    },
    "16120085": {
        "computer_graphics": "B-",
        "computer_networks": "-",
        "intelligent_systems": "C-",
        "information_systems": "-",
        "object_oriented_design_and_modeling_through_uml": "B-",
        "project_ii": "-"
    },
    "16120092": {
        "computer_graphics": "Abs",
        "computer_networks": "-",
        "intelligent_systems": "F",
        "information_systems": "-",
        "object_oriented_design_and_modeling_through_uml": "Abs",
        "project_ii": "B+"
    },
    "16120132": {
        "computer_graphics": "-",
        "computer_networks": "-",
        "intelligent_systems": "-",
        "information_systems": "-",
        "object_oriented_design_and_modeling_through_uml": "-",
        "project_ii": "A-"
    },
    "17120001": {
        "computer_graphics": "F",
        "computer_networks": "-",
        "intelligent_systems": "-",
        "information_systems": "-",
        "object_oriented_design_and_modeling_through_uml": "-",
        "project_ii": "-"
    },
    "17120008": {
        "computer_graphics": "F",
        "computer_networks": "-",
        "intelligent_systems": "-",
        "information_systems": "-",
        "object_oriented_design_and_modeling_through_uml": "-",
        "project_ii": "-"
    },
    "17120014": {
        "computer_graphics": "-",
        "computer_networks": "F",
        "intelligent_systems": "-",
        "information_systems": "-",
        "object_oriented_design_and_modeling_through_uml": "C",
        "project_ii": "-"
    },
    "17120057": {
        "computer_graphics": "-",
        "computer_networks": "-",
        "intelligent_systems": "F",
        "information_systems": "-",
        "object_oriented_design_and_modeling_through_uml": "-",
        "project_ii": "-"
    },
    "17120059": {
        "computer_graphics": "Abs",
        "computer_networks": "-",
        "intelligent_systems": "Abs",
        "information_systems": "Abs",
        "object_oriented_design_and_modeling_through_uml": "-",
        "project_ii": "-"
    },
    "17120065": {
        "computer_graphics": "-",
        "computer_networks": "-",
        "intelligent_systems": "Abs",
        "information_systems": "F",
        "object_oriented_design_and_modeling_through_uml": "-",
        "project_ii": "-"
    },
    "17120072": {
        "computer_graphics": "Abs",
        "computer_networks": "-",
        "intelligent_systems": "-",
        "information_systems": "-",
        "object_oriented_design_and_modeling_through_uml": "-",
        "project_ii": "-"
    },
    "17120081": {
        "computer_graphics": "-",
        "computer_networks": "F",
        "intelligent_systems": "-",
        "information_systems": "-",
        "object_oriented_design_and_modeling_through_uml": "-",
        "project_ii": "-"
    },
    "17120127": {
        "computer_graphics": "F",
        "computer_networks": "-",
        "intelligent_systems": "-",
        "information_systems": "-",
        "object_oriented_design_and_modeling_through_uml": "B-",
        "project_ii": "-"
    },
    "17120133": {
        "computer_graphics": "Abs",
        "computer_networks": "-",
        "intelligent_systems": "-",
        "information_systems": "-",
        "object_oriented_design_and_modeling_through_uml": "-",
        "project_ii": "-"
    },
    "17120141": {
        "computer_graphics": "-",
        "computer_networks": "-",
        "intelligent_systems": "-",
        "information_systems": "-",
        "object_oriented_design_and_modeling_through_uml": "Abs",
        "project_ii": "-"
    },
    "18120024": {
        "computer_graphics": "-",
        "computer_networks": "Abs",
        "intelligent_systems": "-",
        "information_systems": "Abs",
        "object_oriented_design_and_modeling_through_uml": "-",
        "project_ii": "-"
    },
    "18120038": {
        "computer_graphics": "-",
        "computer_networks": "-",
        "intelligent_systems": "-",
        "information_systems": "-",
        "object_oriented_design_and_modeling_through_uml": "C+",
        "project_ii": "-"
    },
    "18120052": {
        "computer_graphics": "-",
        "computer_networks": "-",
        "intelligent_systems": "-",
        "information_systems": "-",
        "object_oriented_design_and_modeling_through_uml": "B-",
        "project_ii": "-"
    },
    "18120053": {
        "computer_graphics": "-",
        "computer_networks": "-",
        "intelligent_systems": "-",
        "information_systems": "-",
        "object_oriented_design_and_modeling_through_uml": "B",
        "project_ii": "-"
    },
    "18120054": {
        "computer_graphics": "-",
        "computer_networks": "Abs",
        "intelligent_systems": "-",
        "information_systems": "-",
        "object_oriented_design_and_modeling_through_uml": "-",
        "project_ii": "-"
    },
    "18120055": {
        "computer_graphics": "Abs",
        "computer_networks": "-",
        "intelligent_systems": "-",
        "information_systems": "-",
        "object_oriented_design_and_modeling_through_uml": "Abs",
        "project_ii": "-"
    },
    "18120059": {
        "computer_graphics": "Abs",
        "computer_networks": "-",
        "intelligent_systems": "-",
        "information_systems": "Abs",
        "object_oriented_design_and_modeling_through_uml": "Abs",
        "project_ii": "-"
    },
    "18120074": {
        "computer_graphics": "-",
        "computer_networks": "Abs",
        "intelligent_systems": "-",
        "information_systems": "Abs",
        "object_oriented_design_and_modeling_through_uml": "-",
        "project_ii": "-"
    },
    "18120095": {
        "computer_graphics": "-",
        "computer_networks": "-",
        "intelligent_systems": "-",
        "information_systems": "-",
        "object_oriented_design_and_modeling_through_uml": "Abs",
        "project_ii": "-"
    },
    "18120101": {
        "computer_graphics": "-",
        "computer_networks": "-",
        "intelligent_systems": "-",
        "information_systems": "-",
        "object_oriented_design_and_modeling_through_uml": "Abs",
        "project_ii": "-"
    },
    "18120115": {
        "computer_graphics": "-",
        "computer_networks": "-",
        "intelligent_systems": "-",
        "information_systems": "B-",
        "object_oriented_design_and_modeling_through_uml": "-",
        "project_ii": "-"
    },
    "18120117": {
        "computer_graphics": "-",
        "computer_networks": "-",
        "intelligent_systems": "-",
        "information_systems": "-",
        "object_oriented_design_and_modeling_through_uml": "B",
        "project_ii": "-"
    },
    "18120120": {
        "computer_graphics": "-",
        "computer_networks": "-",
        "intelligent_systems": "-",
        "information_systems": "-",
        "object_oriented_design_and_modeling_through_uml": "C",
        "project_ii": "-"
    },
    "18120217": {
        "computer_graphics": "F",
        "computer_networks": "-",
        "intelligent_systems": "-",
        "information_systems": "-",
        "object_oriented_design_and_modeling_through_uml": "-",
        "project_ii": "-"
    },
    "18120220": {
        "computer_graphics": "-",
        "computer_networks": "-",
        "intelligent_systems": "-",
        "information_systems": "-",
        "object_oriented_design_and_modeling_through_uml": "Abs",
        "project_ii": "-"
    },
    "18120222": {
        "computer_graphics": "-",
        "computer_networks": "-",
        "intelligent_systems": "-",
        "information_systems": "-",
        "object_oriented_design_and_modeling_through_uml": "B+",
        "project_ii": "-"
    },
    "19120001": {
        "computer_graphics": "F",
        "computer_networks": "-",
        "intelligent_systems": "-",
        "information_systems": "-",
        "object_oriented_design_and_modeling_through_uml": "-",
        "project_ii": "-"
    },
    "19120005": {
        "computer_graphics": "B",
        "computer_networks": "C+",
        "intelligent_systems": "F",
        "information_systems": "-",
        "object_oriented_design_and_modeling_through_uml": "-",
        "project_ii": "-"
    },
    "19120006": {
        "computer_graphics": "-",
        "computer_networks": "Abs",
        "intelligent_systems": "-",
        "information_systems": "F",
        "object_oriented_design_and_modeling_through_uml": "-",
        "project_ii": "-"
    },
    "19120009": {
        "computer_graphics": "B-",
        "computer_networks": "-",
        "intelligent_systems": "-",
        "information_systems": "-",
        "object_oriented_design_and_modeling_through_uml": "-",
        "project_ii": "-"
    },
    "19120018": {
        "computer_graphics": "-",
        "computer_networks": "B+",
        "intelligent_systems": "-",
        "information_systems": "-",
        "object_oriented_design_and_modeling_through_uml": "-",
        "project_ii": "-"
    },
    "19120024": {
        "computer_graphics": "Abs",
        "computer_networks": "-",
        "intelligent_systems": "-",
        "information_systems": "-",
        "object_oriented_design_and_modeling_through_uml": "-",
        "project_ii": "-"
    },
    "19120033": {
        "computer_graphics": "-",
        "computer_networks": "F",
        "intelligent_systems": "-",
        "information_systems": "-",
        "object_oriented_design_and_modeling_through_uml": "-",
        "project_ii": "-"
    },
    "19120035": {
        "computer_graphics": "B+",
        "computer_networks": "-",
        "intelligent_systems": "-",
        "information_systems": "-",
        "object_oriented_design_and_modeling_through_uml": "-",
        "project_ii": "-"
    },
    "19120044": {
        "computer_graphics": "C-",
        "computer_networks": "-",
        "intelligent_systems": "-",
        "information_systems": "-",
        "object_oriented_design_and_modeling_through_uml": "C+",
        "project_ii": "-"
    },
    "19120046": {
        "computer_graphics": "C-",
        "computer_networks": "-",
        "intelligent_systems": "-",
        "information_systems": "B",
        "object_oriented_design_and_modeling_through_uml": "-",
        "project_ii": "-"
    },
    "19120047": {
        "computer_graphics": "B+",
        "computer_networks": "-",
        "intelligent_systems": "-",
        "information_systems": "-",
        "object_oriented_design_and_modeling_through_uml": "-",
        "project_ii": "-"
    },
    "19120048": {
        "computer_graphics": "F",
        "computer_networks": "-",
        "intelligent_systems": "-",
        "information_systems": "-",
        "object_oriented_design_and_modeling_through_uml": "-",
        "project_ii": "-"
    },
    "19120059": {
        "computer_graphics": "-",
        "computer_networks": "Abs",
        "intelligent_systems": "-",
        "information_systems": "-",
        "object_oriented_design_and_modeling_through_uml": "-",
        "project_ii": "-"
    },
    "19120061": {
        "computer_graphics": "-",
        "computer_networks": "F",
        "intelligent_systems": "-",
        "information_systems": "-",
        "object_oriented_design_and_modeling_through_uml": "-",
        "project_ii": "-"
    },
    "19120064": {
        "computer_graphics": "-",
        "computer_networks": "-",
        "intelligent_systems": "-",
        "information_systems": "-",
        "object_oriented_design_and_modeling_through_uml": "B+",
        "project_ii": "-"
    },
    "19120066": {
        "computer_graphics": "F",
        "computer_networks": "-",
        "intelligent_systems": "-",
        "information_systems": "-",
        "object_oriented_design_and_modeling_through_uml": "-",
        "project_ii": "-"
    },
    "19120072": {
        "computer_graphics": "Abs",
        "computer_networks": "Abs",
        "intelligent_systems": "-",
        "information_systems": "-",
        "object_oriented_design_and_modeling_through_uml": "-",
        "project_ii": "-"
    },
    "19120076": {
        "computer_graphics": "-",
        "computer_networks": "B+",
        "intelligent_systems": "C+",
        "information_systems": "A-",
        "object_oriented_design_and_modeling_through_uml": "-",
        "project_ii": "-"
    },
    "19120088": {
        "computer_graphics": "F",
        "computer_networks": "-",
        "intelligent_systems": "-",
        "information_systems": "-",
        "object_oriented_design_and_modeling_through_uml": "-",
        "project_ii": "-"
    },
    "19120092": {
        "computer_graphics": "C+",
        "computer_networks": "-",
        "intelligent_systems": "-",
        "information_systems": "-",
        "object_oriented_design_and_modeling_through_uml": "-",
        "project_ii": "-"
    },
    "19120099": {
        "computer_graphics": "C+",
        "computer_networks": "-",
        "intelligent_systems": "-",
        "information_systems": "-",
        "object_oriented_design_and_modeling_through_uml": "-",
        "project_ii": "-"
    },
    "19120100": {
        "computer_graphics": "-",
        "computer_networks": "C+",
        "intelligent_systems": "-",
        "information_systems": "-",
        "object_oriented_design_and_modeling_through_uml": "-",
        "project_ii": "-"
    },
    "19120104": {
        "computer_graphics": "-",
        "computer_networks": "F",
        "intelligent_systems": "-",
        "information_systems": "-",
        "object_oriented_design_and_modeling_through_uml": "-",
        "project_ii": "-"
    },
    "19120108": {
        "computer_graphics": "-",
        "computer_networks": "-",
        "intelligent_systems": "-",
        "information_systems": "Abs",
        "object_oriented_design_and_modeling_through_uml": "-",
        "project_ii": "-"
    },
    "19120109": {
        "computer_graphics": "Abs",
        "computer_networks": "-",
        "intelligent_systems": "-",
        "information_systems": "-",
        "object_oriented_design_and_modeling_through_uml": "-",
        "project_ii": "-"
    },
    "19120115": {
        "computer_graphics": "-",
        "computer_networks": "-",
        "intelligent_systems": "-",
        "information_systems": "-",
        "object_oriented_design_and_modeling_through_uml": "F",
        "project_ii": "-"
    },
    "19120123": {
        "computer_graphics": "-",
        "computer_networks": "F",
        "intelligent_systems": "-",
        "information_systems": "-",
        "object_oriented_design_and_modeling_through_uml": "-",
        "project_ii": "-"
    },
    "19120130": {
        "computer_graphics": "-",
        "computer_networks": "F",
        "intelligent_systems": "-",
        "information_systems": "-",
        "object_oriented_design_and_modeling_through_uml": "-",
        "project_ii": "-"
    },
    "19120136": {
        "computer_graphics": "-",
        "computer_networks": "-",
        "intelligent_systems": "-",
        "information_systems": "-",
        "object_oriented_design_and_modeling_through_uml": "F",
        "project_ii": "-"
    },
    "19120138": {
        "computer_graphics": "F",
        "computer_networks": "-",
        "intelligent_systems": "-",
        "information_systems": "-",
        "object_oriented_design_and_modeling_through_uml": "Abs",
        "project_ii": "-"
    },
    "19120142": {
        "computer_graphics": "-",
        "computer_networks": "C-",
        "intelligent_systems": "-",
        "information_systems": "-",
        "object_oriented_design_and_modeling_through_uml": "-",
        "project_ii": "-"
    },
    "19120161": {
        "computer_graphics": "-",
        "computer_networks": "F",
        "intelligent_systems": "-",
        "information_systems": "-",
        "object_oriented_design_and_modeling_through_uml": "-",
        "project_ii": "-"
    },
    "19120162": {
        "computer_graphics": "C",
        "computer_networks": "F",
        "intelligent_systems": "-",
        "information_systems": "-",
        "object_oriented_design_and_modeling_through_uml": "-",
        "project_ii": "-"
    },
    "19120163": {
        "computer_graphics": "-",
        "computer_networks": "-",
        "intelligent_systems": "-",
        "information_systems": "-",
        "object_oriented_design_and_modeling_through_uml": "B-",
        "project_ii": "-"
    },
    "19120165": {
        "computer_graphics": "Abs",
        "computer_networks": "-",
        "intelligent_systems": "-",
        "information_systems": "-",
        "object_oriented_design_and_modeling_through_uml": "-",
        "project_ii": "-"
    },
    "19120167": {
        "computer_graphics": "-",
        "computer_networks": "F",
        "intelligent_systems": "-",
        "information_systems": "-",
        "object_oriented_design_and_modeling_through_uml": "-",
        "project_ii": "-"
    },
    "19120169": {
        "computer_graphics": "-",
        "computer_networks": "-",
        "intelligent_systems": "-",
        "information_systems": "-",
        "object_oriented_design_and_modeling_through_uml": "F",
        "project_ii": "-"
    },
    "19120171": {
        "computer_graphics": "F",
        "computer_networks": "F",
        "intelligent_systems": "-",
        "information_systems": "-",
        "object_oriented_design_and_modeling_through_uml": "-",
        "project_ii": "-"
    },
    "19120175": {
        "computer_graphics": "-",
        "computer_networks": "-",
        "intelligent_systems": "-",
        "information_systems": "-",
        "object_oriented_design_and_modeling_through_uml": "Abs",
        "project_ii": "-"
    },
    "19120177": {
        "computer_graphics": "F",
        "computer_networks": "-",
        "intelligent_systems": "-",
        "information_systems": "-",
        "object_oriented_design_and_modeling_through_uml": "-",
        "project_ii": "-"
    },
    "19120185": {
        "computer_graphics": "C",
        "computer_networks": "-",
        "intelligent_systems": "-",
        "information_systems": "-",
        "object_oriented_design_and_modeling_through_uml": "-",
        "project_ii": "-"
    },
    "20120001": {
        "computer_graphics": "-",
        "computer_networks": "C",
        "intelligent_systems": "-",
        "information_systems": "C-",
        "object_oriented_design_and_modeling_through_uml": "-",
        "project_ii": "-"
    },
    "20120002": {
        "computer_graphics": "-",
        "computer_networks": "-",
        "intelligent_systems": "-",
        "information_systems": "B-",
        "object_oriented_design_and_modeling_through_uml": "-",
        "project_ii": "-"
    },
    "20120003": {
        "computer_graphics": "-",
        "computer_networks": "F",
        "intelligent_systems": "Abs",
        "information_systems": "-",
        "object_oriented_design_and_modeling_through_uml": "-",
        "project_ii": "-"
    },
    "20120004": {
        "computer_graphics": "C-",
        "computer_networks": "-",
        "intelligent_systems": "-",
        "information_systems": "-",
        "object_oriented_design_and_modeling_through_uml": "-",
        "project_ii": "-"
    },
    "20120006": {
        "computer_graphics": "C",
        "computer_networks": "-",
        "intelligent_systems": "-",
        "information_systems": "-",
        "object_oriented_design_and_modeling_through_uml": "-",
        "project_ii": "-"
    },
    "20120007": {
        "computer_graphics": "-",
        "computer_networks": "F",
        "intelligent_systems": "-",
        "information_systems": "-",
        "object_oriented_design_and_modeling_through_uml": "-",
        "project_ii": "-"
    },
    "20120008": {
        "computer_graphics": "-",
        "computer_networks": "-",
        "intelligent_systems": "-",
        "information_systems": "A-",
        "object_oriented_design_and_modeling_through_uml": "Abs",
        "project_ii": "-"
    },
    "20120009": {
        "computer_graphics": "-",
        "computer_networks": "-",
        "intelligent_systems": "-",
        "information_systems": "-",
        "object_oriented_design_and_modeling_through_uml": "B-",
        "project_ii": "-"
    },
    "20120015": {
        "computer_graphics": "-",
        "computer_networks": "F",
        "intelligent_systems": "-",
        "information_systems": "-",
        "object_oriented_design_and_modeling_through_uml": "C",
        "project_ii": "-"
    },
    "20120016": {
        "computer_graphics": "-",
        "computer_networks": "-",
        "intelligent_systems": "-",
        "information_systems": "C",
        "object_oriented_design_and_modeling_through_uml": "-",
        "project_ii": "-"
    },
    "20120017": {
        "computer_graphics": "C",
        "computer_networks": "F",
        "intelligent_systems": "-",
        "information_systems": "-",
        "object_oriented_design_and_modeling_through_uml": "-",
        "project_ii": "-"
    },
    "20120025": {
        "computer_graphics": "-",
        "computer_networks": "-",
        "intelligent_systems": "-",
        "information_systems": "-",
        "object_oriented_design_and_modeling_through_uml": "Abs",
        "project_ii": "-"
    },
    "20120027": {
        "computer_graphics": "C",
        "computer_networks": "-",
        "intelligent_systems": "-",
        "information_systems": "-",
        "object_oriented_design_and_modeling_through_uml": "B",
        "project_ii": "-"
    },
    "20120029": {
        "computer_graphics": "Abs",
        "computer_networks": "Abs",
        "intelligent_systems": "-",
        "information_systems": "-",
        "object_oriented_design_and_modeling_through_uml": "-",
        "project_ii": "-"
    },
    "20120035": {
        "computer_graphics": "-",
        "computer_networks": "-",
        "intelligent_systems": "-",
        "information_systems": "Abs",
        "object_oriented_design_and_modeling_through_uml": "-",
        "project_ii": "-"
    },
    "20120048": {
        "computer_graphics": "-",
        "computer_networks": "-",
        "intelligent_systems": "-",
        "information_systems": "-",
        "object_oriented_design_and_modeling_through_uml": "B-",
        "project_ii": "-"
    },
    "20120052": {
        "computer_graphics": "-",
        "computer_networks": "Abs",
        "intelligent_systems": "-",
        "information_systems": "Abs",
        "object_oriented_design_and_modeling_through_uml": "-",
        "project_ii": "-"
    },
    "20120060": {
        "computer_graphics": "-",
        "computer_networks": "Abs",
        "intelligent_systems": "-",
        "information_systems": "-",
        "object_oriented_design_and_modeling_through_uml": "-",
        "project_ii": "-"
    },
    "20120062": {
        "computer_graphics": "Abs",
        "computer_networks": "-",
        "intelligent_systems": "-",
        "information_systems": "-",
        "object_oriented_design_and_modeling_through_uml": "-",
        "project_ii": "-"
    },
    "20120064": {
        "computer_graphics": "-",
        "computer_networks": "F",
        "intelligent_systems": "-",
        "information_systems": "-",
        "object_oriented_design_and_modeling_through_uml": "-",
        "project_ii": "-"
    },
    "20120065": {
        "computer_graphics": "-",
        "computer_networks": "F",
        "intelligent_systems": "-",
        "information_systems": "-",
        "object_oriented_design_and_modeling_through_uml": "-",
        "project_ii": "-"
    },
    "20120066": {
        "computer_graphics": "-",
        "computer_networks": "C+",
        "intelligent_systems": "-",
        "information_systems": "-",
        "object_oriented_design_and_modeling_through_uml": "-",
        "project_ii": "-"
    },
    "20120067": {
        "computer_graphics": "-",
        "computer_networks": "F",
        "intelligent_systems": "-",
        "information_systems": "-",
        "object_oriented_design_and_modeling_through_uml": "-",
        "project_ii": "-"
    },
    "20120070": {
        "computer_graphics": "-",
        "computer_networks": "B-",
        "intelligent_systems": "-",
        "information_systems": "A",
        "object_oriented_design_and_modeling_through_uml": "-",
        "project_ii": "-"
    },
    "20120071": {
        "computer_graphics": "-",
        "computer_networks": "C",
        "intelligent_systems": "-",
        "information_systems": "-",
        "object_oriented_design_and_modeling_through_uml": "-",
        "project_ii": "-"
    },
    "20120072": {
        "computer_graphics": "-",
        "computer_networks": "B-",
        "intelligent_systems": "-",
        "information_systems": "-",
        "object_oriented_design_and_modeling_through_uml": "-",
        "project_ii": "-"
    },
    "20120075": {
        "computer_graphics": "C+",
        "computer_networks": "-",
        "intelligent_systems": "-",
        "information_systems": "-",
        "object_oriented_design_and_modeling_through_uml": "-",
        "project_ii": "-"
    },
    "20120076": {
        "computer_graphics": "-",
        "computer_networks": "F",
        "intelligent_systems": "-",
        "information_systems": "-",
        "object_oriented_design_and_modeling_through_uml": "-",
        "project_ii": "-"
    },
    "20120078": {
        "computer_graphics": "-",
        "computer_networks": "B-",
        "intelligent_systems": "-",
        "information_systems": "-",
        "object_oriented_design_and_modeling_through_uml": "Abs",
        "project_ii": "-"
    },
    "20120079": {
        "computer_graphics": "-",
        "computer_networks": "C-",
        "intelligent_systems": "-",
        "information_systems": "-",
        "object_oriented_design_and_modeling_through_uml": "-",
        "project_ii": "-"
    },
    "20120081": {
        "computer_graphics": "-",
        "computer_networks": "F",
        "intelligent_systems": "-",
        "information_systems": "-",
        "object_oriented_design_and_modeling_through_uml": "-",
        "project_ii": "-"
    },
    "20120082": {
        "computer_graphics": "-",
        "computer_networks": "F",
        "intelligent_systems": "-",
        "information_systems": "-",
        "object_oriented_design_and_modeling_through_uml": "-",
        "project_ii": "-"
    },
    "20120083": {
        "computer_graphics": "-",
        "computer_networks": "Abs",
        "intelligent_systems": "-",
        "information_systems": "-",
        "object_oriented_design_and_modeling_through_uml": "-",
        "project_ii": "-"
    },
    "20120086": {
        "computer_graphics": "-",
        "computer_networks": "C-",
        "intelligent_systems": "-",
        "information_systems": "-",
        "object_oriented_design_and_modeling_through_uml": "-",
        "project_ii": "-"
    },
    "20120087": {
        "computer_graphics": "-",
        "computer_networks": "C+",
        "intelligent_systems": "F",
        "information_systems": "-",
        "object_oriented_design_and_modeling_through_uml": "-",
        "project_ii": "-"
    },
    "20120089": {
        "computer_graphics": "-",
        "computer_networks": "Abs",
        "intelligent_systems": "-",
        "information_systems": "B-",
        "object_oriented_design_and_modeling_through_uml": "-",
        "project_ii": "-"
    },
    "20120096": {
        "computer_graphics": "C+",
        "computer_networks": "-",
        "intelligent_systems": "-",
        "information_systems": "-",
        "object_oriented_design_and_modeling_through_uml": "-",
        "project_ii": "-"
    },
    "20120100": {
        "computer_graphics": "-",
        "computer_networks": "F",
        "intelligent_systems": "-",
        "information_systems": "-",
        "object_oriented_design_and_modeling_through_uml": "-",
        "project_ii": "-"
    },
    "20120101": {
        "computer_graphics": "-",
        "computer_networks": "B-",
        "intelligent_systems": "-",
        "information_systems": "-",
        "object_oriented_design_and_modeling_through_uml": "-",
        "project_ii": "-"
    },
    "20120102": {
        "computer_graphics": "-",
        "computer_networks": "-",
        "intelligent_systems": "-",
        "information_systems": "-",
        "object_oriented_design_and_modeling_through_uml": "Abs",
        "project_ii": "-"
    },
    "20120114": {
        "computer_graphics": "-",
        "computer_networks": "F",
        "intelligent_systems": "-",
        "information_systems": "-",
        "object_oriented_design_and_modeling_through_uml": "-",
        "project_ii": "-"
    },
    "20120117": {
        "computer_graphics": "-",
        "computer_networks": "-",
        "intelligent_systems": "-",
        "information_systems": "-",
        "object_oriented_design_and_modeling_through_uml": "Abs",
        "project_ii": "-"
    },
    "20120124": {
        "computer_graphics": "C-",
        "computer_networks": "-",
        "intelligent_systems": "-",
        "information_systems": "-",
        "object_oriented_design_and_modeling_through_uml": "-",
        "project_ii": "-"
    },
    "20120126": {
        "computer_graphics": "C",
        "computer_networks": "-",
        "intelligent_systems": "-",
        "information_systems": "-",
        "object_oriented_design_and_modeling_through_uml": "-",
        "project_ii": "-"
    },
    "20120127": {
        "computer_graphics": "-",
        "computer_networks": "C",
        "intelligent_systems": "-",
        "information_systems": "-",
        "object_oriented_design_and_modeling_through_uml": "-",
        "project_ii": "-"
    },
    "20120131": {
        "computer_graphics": "-",
        "computer_networks": "-",
        "intelligent_systems": "-",
        "information_systems": "C-",
        "object_oriented_design_and_modeling_through_uml": "-",
        "project_ii": "-"
    },
    "20120145": {
        "computer_graphics": "F",
        "computer_networks": "-",
        "intelligent_systems": "-",
        "information_systems": "-",
        "object_oriented_design_and_modeling_through_uml": "-",
        "project_ii": "-"
    },
    "20120146": {
        "computer_graphics": "C",
        "computer_networks": "F",
        "intelligent_systems": "-",
        "information_systems": "-",
        "object_oriented_design_and_modeling_through_uml": "Abs",
        "project_ii": "-"
    },
    "20120149": {
        "computer_graphics": "-",
        "computer_networks": "Abs",
        "intelligent_systems": "-",
        "information_systems": "-",
        "object_oriented_design_and_modeling_through_uml": "-",
        "project_ii": "-"
    },
    "20120152": {
        "computer_graphics": "-",
        "computer_networks": "Abs",
        "intelligent_systems": "-",
        "information_systems": "-",
        "object_oriented_design_and_modeling_through_uml": "-",
        "project_ii": "-"
    },
    "20120168": {
        "computer_graphics": "B-",
        "computer_networks": "-",
        "intelligent_systems": "-",
        "information_systems": "-",
        "object_oriented_design_and_modeling_through_uml": "-",
        "project_ii": "-"
    },
    "20120171": {
        "computer_graphics": "-",
        "computer_networks": "F",
        "intelligent_systems": "-",
        "information_systems": "-",
        "object_oriented_design_and_modeling_through_uml": "-",
        "project_ii": "-"
    }
}