{
    "nan": {
        "engineering_mathematics_i": "-",
        "physics": "-",
        "communication_techniques": "-",
        "problem_solving_techniques": "-",
        "basic_electrical_engineering": "-",
        "programming_in_c": "-"
    },
    "16120009": {
        "engineering_mathematics_i": "-",
        "physics": "F",
        "communication_techniques": "-",
        "problem_solving_techniques": "F",
        "basic_electrical_engineering": "-",
        "programming_in_c": "-"
    },
    "16120016": {
        "engineering_mathematics_i": "-",
        "physics": "-",
        "communication_techniques": "-",
        "problem_solving_techniques": "-",
        "basic_electrical_engineering": "F",
        "programming_in_c": "-"
    },
    "16120042": {
        "engineering_mathematics_i": "-",
        "physics": "Abs",
        "communication_techniques": "-",
        "problem_solving_techniques": "Abs",
        "basic_electrical_engineering": "Abs",
        "programming_in_c": "-"
    },
    "16120048": {
        "engineering_mathematics_i": "-",
        "physics": "-",
        "communication_techniques": "-",
        "problem_solving_techniques": "-",
        "basic_electrical_engineering": "F",
        "programming_in_c": "-"
    },
    "16120085": {
        "engineering_mathematics_i": "-",
        "physics": "F",
        "communication_techniques": "-",
        "problem_solving_techniques": "-",
        "basic_electrical_engineering": "-",
        "programming_in_c": "-"
    },
    "16120117": {
        "engineering_mathematics_i": "-",
        "physics": "F",
        "communication_techniques": "-",
        "problem_solving_techniques": "-",
        "basic_electrical_engineering": "B-",
        "programming_in_c": "-"
    },
    "17120002": {
        "engineering_mathematics_i": "A",
        "physics": "-",
        "communication_techniques": "-",
        "problem_solving_techniques": "-",
        "basic_electrical_engineering": "-",
        "programming_in_c": "-"
    },
    "17120049": {
        "engineering_mathematics_i": "-",
        "physics": "F",
        "communication_techniques": "-",
        "problem_solving_techniques": "-",
        "basic_electrical_engineering": "-",
        "programming_in_c": "-"
    },
    "17120065": {
        "engineering_mathematics_i": "Abs",
        "physics": "-",
        "communication_techniques": "-",
        "problem_solving_techniques": "Abs",
        "basic_electrical_engineering": "Abs",
        "programming_in_c": "-"
    },
    "17120115": {
        "engineering_mathematics_i": "A-",
        "physics": "-",
        "communication_techniques": "-",
        "problem_solving_techniques": "-",
        "basic_electrical_engineering": "-",
        "programming_in_c": "-"
    },
    "17120129": {
        "engineering_mathematics_i": "-",
        "physics": "-",
        "communication_techniques": "-",
        "problem_solving_techniques": "-",
        "basic_electrical_engineering": "C+",
        "programming_in_c": "-"
    },
    "17120133": {
        "engineering_mathematics_i": "-",
        "physics": "-",
        "communication_techniques": "-",
        "problem_solving_techniques": "-",
        "basic_electrical_engineering": "Abs",
        "programming_in_c": "-"
    },
    "17180056": {
        "engineering_mathematics_i": "-",
        "physics": "-",
        "communication_techniques": "-",
        "problem_solving_techniques": "-",
        "basic_electrical_engineering": "Abs",
        "programming_in_c": "-"
    },
    "18120002": {
        "engineering_mathematics_i": "Abs",
        "physics": "-",
        "communication_techniques": "-",
        "problem_solving_techniques": "-",
        "basic_electrical_engineering": "Abs",
        "programming_in_c": "-"
    },
    "18120006": {
        "engineering_mathematics_i": "-",
        "physics": "-",
        "communication_techniques": "-",
        "problem_solving_techniques": "F",
        "basic_electrical_engineering": "-",
        "programming_in_c": "-"
    },
    "18120007": {
        "engineering_mathematics_i": "-",
        "physics": "F",
        "communication_techniques": "-",
        "problem_solving_techniques": "C+",
        "basic_electrical_engineering": "-",
        "programming_in_c": "-"
    },
    "18120017": {
        "engineering_mathematics_i": "-",
        "physics": "-",
        "communication_techniques": "-",
        "problem_solving_techniques": "-",
        "basic_electrical_engineering": "-",
        "programming_in_c": "F"
    },
    "18120029": {
        "engineering_mathematics_i": "-",
        "physics": "-",
        "communication_techniques": "-",
        "problem_solving_techniques": "-",
        "basic_electrical_engineering": "-",
        "programming_in_c": "Abs"
    },
    "18120032": {
        "engineering_mathematics_i": "-",
        "physics": "F",
        "communication_techniques": "-",
        "problem_solving_techniques": "-",
        "basic_electrical_engineering": "-",
        "programming_in_c": "-"
    },
    "18120033": {
        "engineering_mathematics_i": "C",
        "physics": "-",
        "communication_techniques": "-",
        "problem_solving_techniques": "-",
        "basic_electrical_engineering": "-",
        "programming_in_c": "-"
    },
    "18120046": {
        "engineering_mathematics_i": "-",
        "physics": "-",
        "communication_techniques": "-",
        "problem_solving_techniques": "F",
        "basic_electrical_engineering": "B",
        "programming_in_c": "-"
    },
    "18120052": {
        "engineering_mathematics_i": "-",
        "physics": "F",
        "communication_techniques": "-",
        "problem_solving_techniques": "B+",
        "basic_electrical_engineering": "-",
        "programming_in_c": "-"
    },
    "18120055": {
        "engineering_mathematics_i": "-",
        "physics": "-",
        "communication_techniques": "-",
        "problem_solving_techniques": "-",
        "basic_electrical_engineering": "-",
        "programming_in_c": "Abs"
    },
    "18120064": {
        "engineering_mathematics_i": "-",
        "physics": "F",
        "communication_techniques": "-",
        "problem_solving_techniques": "-",
        "basic_electrical_engineering": "-",
        "programming_in_c": "-"
    },
    "18120065": {
        "engineering_mathematics_i": "-",
        "physics": "Abs",
        "communication_techniques": "-",
        "problem_solving_techniques": "-",
        "basic_electrical_engineering": "Abs",
        "programming_in_c": "-"
    },
    "18120074": {
        "engineering_mathematics_i": "-",
        "physics": "-",
        "communication_techniques": "-",
        "problem_solving_techniques": "-",
        "basic_electrical_engineering": "Abs",
        "programming_in_c": "-"
    },
    "18120078": {
        "engineering_mathematics_i": "-",
        "physics": "-",
        "communication_techniques": "-",
        "problem_solving_techniques": "-",
        "basic_electrical_engineering": "-",
        "programming_in_c": "Abs"
    },
    "18120084": {
        "engineering_mathematics_i": "Abs",
        "physics": "-",
        "communication_techniques": "-",
        "problem_solving_techniques": "-",
        "basic_electrical_engineering": "-",
        "programming_in_c": "-"
    },
    "18120088": {
        "engineering_mathematics_i": "-",
        "physics": "F",
        "communication_techniques": "-",
        "problem_solving_techniques": "-",
        "basic_electrical_engineering": "-",
        "programming_in_c": "-"
    },
    "18120097": {
        "engineering_mathematics_i": "Abs",
        "physics": "-",
        "communication_techniques": "-",
        "problem_solving_techniques": "Abs",
        "basic_electrical_engineering": "-",
        "programming_in_c": "-"
    },
    "18120106": {
        "engineering_mathematics_i": "-",
        "physics": "-",
        "communication_techniques": "-",
        "problem_solving_techniques": "-",
        "basic_electrical_engineering": "Abs",
        "programming_in_c": "-"
    },
    "18120112": {
        "engineering_mathematics_i": "F",
        "physics": "-",
        "communication_techniques": "-",
        "problem_solving_techniques": "F",
        "basic_electrical_engineering": "-",
        "programming_in_c": "C"
    },
    "18120113": {
        "engineering_mathematics_i": "-",
        "physics": "-",
        "communication_techniques": "-",
        "problem_solving_techniques": "-",
        "basic_electrical_engineering": "-",
        "programming_in_c": "Abs"
    },
    "18120118": {
        "engineering_mathematics_i": "Abs",
        "physics": "-",
        "communication_techniques": "-",
        "problem_solving_techniques": "Abs",
        "basic_electrical_engineering": "-",
        "programming_in_c": "Abs"
    },
    "18120120": {
        "engineering_mathematics_i": "-",
        "physics": "F",
        "communication_techniques": "-",
        "problem_solving_techniques": "C+",
        "basic_electrical_engineering": "C+",
        "programming_in_c": "-"
    },
    "18120126": {
        "engineering_mathematics_i": "-",
        "physics": "-",
        "communication_techniques": "-",
        "problem_solving_techniques": "Abs",
        "basic_electrical_engineering": "-",
        "programming_in_c": "-"
    },
    "18120128": {
        "engineering_mathematics_i": "-",
        "physics": "-",
        "communication_techniques": "-",
        "problem_solving_techniques": "-",
        "basic_electrical_engineering": "Abs",
        "programming_in_c": "-"
    },
    "18120132": {
        "engineering_mathematics_i": "-",
        "physics": "-",
        "communication_techniques": "-",
        "problem_solving_techniques": "C",
        "basic_electrical_engineering": "-",
        "programming_in_c": "Abs"
    },
    "18120142": {
        "engineering_mathematics_i": "-",
        "physics": "-",
        "communication_techniques": "-",
        "problem_solving_techniques": "C",
        "basic_electrical_engineering": "-",
        "programming_in_c": "-"
    },
    "18120150": {
        "engineering_mathematics_i": "-",
        "physics": "-",
        "communication_techniques": "-",
        "problem_solving_techniques": "-",
        "basic_electrical_engineering": "Abs",
        "programming_in_c": "Abs"
    },
    "18120154": {
        "engineering_mathematics_i": "-",
        "physics": "-",
        "communication_techniques": "-",
        "problem_solving_techniques": "-",
        "basic_electrical_engineering": "F",
        "programming_in_c": "-"
    },
    "18120165": {
        "engineering_mathematics_i": "-",
        "physics": "-",
        "communication_techniques": "-",
        "problem_solving_techniques": "-",
        "basic_electrical_engineering": "C",
        "programming_in_c": "-"
    },
    "18120171": {
        "engineering_mathematics_i": "-",
        "physics": "-",
        "communication_techniques": "-",
        "problem_solving_techniques": "-",
        "basic_electrical_engineering": "F",
        "programming_in_c": "-"
    },
    "18120175": {
        "engineering_mathematics_i": "F",
        "physics": "-",
        "communication_techniques": "-",
        "problem_solving_techniques": "-",
        "basic_electrical_engineering": "Abs",
        "programming_in_c": "-"
    },
    "18120176": {
        "engineering_mathematics_i": "-",
        "physics": "Abs",
        "communication_techniques": "-",
        "problem_solving_techniques": "-",
        "basic_electrical_engineering": "-",
        "programming_in_c": "-"
    },
    "18120188": {
        "engineering_mathematics_i": "-",
        "physics": "-",
        "communication_techniques": "-",
        "problem_solving_techniques": "-",
        "basic_electrical_engineering": "Abs",
        "programming_in_c": "-"
    },
    "18120191": {
        "engineering_mathematics_i": "-",
        "physics": "-",
        "communication_techniques": "-",
        "problem_solving_techniques": "-",
        "basic_electrical_engineering": "Abs",
        "programming_in_c": "-"
    },
    "18120195": {
        "engineering_mathematics_i": "-",
        "physics": "Abs",
        "communication_techniques": "-",
        "problem_solving_techniques": "-",
        "basic_electrical_engineering": "-",
        "programming_in_c": "-"
    },
    "18120199": {
        "engineering_mathematics_i": "-",
        "physics": "Abs",
        "communication_techniques": "-",
        "problem_solving_techniques": "-",
        "basic_electrical_engineering": "-",
        "programming_in_c": "-"
    },
    "18120220": {
        "engineering_mathematics_i": "Abs",
        "physics": "-",
        "communication_techniques": "-",
        "problem_solving_techniques": "Abs",
        "basic_electrical_engineering": "-",
        "programming_in_c": "-"
    },
    "19120002": {
        "engineering_mathematics_i": "-",
        "physics": "Abs",
        "communication_techniques": "-",
        "problem_solving_techniques": "-",
        "basic_electrical_engineering": "-",
        "programming_in_c": "Abs"
    },
    "19120013": {
        "engineering_mathematics_i": "-",
        "physics": "-",
        "communication_techniques": "-",
        "problem_solving_techniques": "C+",
        "basic_electrical_engineering": "Abs",
        "programming_in_c": "-"
    },
    "19120024": {
        "engineering_mathematics_i": "-",
        "physics": "-",
        "communication_techniques": "-",
        "problem_solving_techniques": "-",
        "basic_electrical_engineering": "B-",
        "programming_in_c": "-"
    },
    "19120033": {
        "engineering_mathematics_i": "-",
        "physics": "-",
        "communication_techniques": "-",
        "problem_solving_techniques": "C+",
        "basic_electrical_engineering": "-",
        "programming_in_c": "F"
    },
    "19120035": {
        "engineering_mathematics_i": "-",
        "physics": "F",
        "communication_techniques": "-",
        "problem_solving_techniques": "-",
        "basic_electrical_engineering": "-",
        "programming_in_c": "-"
    },
    "19120036": {
        "engineering_mathematics_i": "-",
        "physics": "-",
        "communication_techniques": "-",
        "problem_solving_techniques": "F",
        "basic_electrical_engineering": "-",
        "programming_in_c": "C"
    },
    "19120039": {
        "engineering_mathematics_i": "-",
        "physics": "-",
        "communication_techniques": "-",
        "problem_solving_techniques": "C-",
        "basic_electrical_engineering": "F",
        "programming_in_c": "Expelled"
    },
    "19120040": {
        "engineering_mathematics_i": "-",
        "physics": "-",
        "communication_techniques": "-",
        "problem_solving_techniques": "F",
        "basic_electrical_engineering": "-",
        "programming_in_c": "-"
    },
    "19120041": {
        "engineering_mathematics_i": "-",
        "physics": "Abs",
        "communication_techniques": "-",
        "problem_solving_techniques": "Abs",
        "basic_electrical_engineering": "-",
        "programming_in_c": "Abs"
    },
    "19120044": {
        "engineering_mathematics_i": "-",
        "physics": "-",
        "communication_techniques": "-",
        "problem_solving_techniques": "-",
        "basic_electrical_engineering": "B",
        "programming_in_c": "-"
    },
    "19120045": {
        "engineering_mathematics_i": "-",
        "physics": "-",
        "communication_techniques": "-",
        "problem_solving_techniques": "C+",
        "basic_electrical_engineering": "-",
        "programming_in_c": "F"
    },
    "19120048": {
        "engineering_mathematics_i": "-",
        "physics": "-",
        "communication_techniques": "-",
        "problem_solving_techniques": "-",
        "basic_electrical_engineering": "-",
        "programming_in_c": "F"
    },
    "19120050": {
        "engineering_mathematics_i": "Abs",
        "physics": "-",
        "communication_techniques": "-",
        "problem_solving_techniques": "F",
        "basic_electrical_engineering": "-",
        "programming_in_c": "-"
    },
    "19120057": {
        "engineering_mathematics_i": "-",
        "physics": "-",
        "communication_techniques": "-",
        "problem_solving_techniques": "-",
        "basic_electrical_engineering": "-",
        "programming_in_c": "Abs"
    },
    "19120059": {
        "engineering_mathematics_i": "Abs",
        "physics": "-",
        "communication_techniques": "-",
        "problem_solving_techniques": "F",
        "basic_electrical_engineering": "-",
        "programming_in_c": "Abs"
    },
    "19120061": {
        "engineering_mathematics_i": "-",
        "physics": "F",
        "communication_techniques": "-",
        "problem_solving_techniques": "-",
        "basic_electrical_engineering": "-",
        "programming_in_c": "-"
    },
    "19120068": {
        "engineering_mathematics_i": "-",
        "physics": "Abs",
        "communication_techniques": "-",
        "problem_solving_techniques": "F",
        "basic_electrical_engineering": "-",
        "programming_in_c": "-"
    },
    "19120069": {
        "engineering_mathematics_i": "-",
        "physics": "F",
        "communication_techniques": "-",
        "problem_solving_techniques": "-",
        "basic_electrical_engineering": "-",
        "programming_in_c": "-"
    },
    "19120070": {
        "engineering_mathematics_i": "Abs",
        "physics": "-",
        "communication_techniques": "-",
        "problem_solving_techniques": "F",
        "basic_electrical_engineering": "-",
        "programming_in_c": "Abs"
    },
    "19120072": {
        "engineering_mathematics_i": "-",
        "physics": "Abs",
        "communication_techniques": "-",
        "problem_solving_techniques": "-",
        "basic_electrical_engineering": "-",
        "programming_in_c": "-"
    },
    "19120078": {
        "engineering_mathematics_i": "-",
        "physics": "-",
        "communication_techniques": "-",
        "problem_solving_techniques": "-",
        "basic_electrical_engineering": "A",
        "programming_in_c": "-"
    },
    "19120080": {
        "engineering_mathematics_i": "-",
        "physics": "Abs",
        "communication_techniques": "-",
        "problem_solving_techniques": "-",
        "basic_electrical_engineering": "-",
        "programming_in_c": "-"
    },
    "19120081": {
        "engineering_mathematics_i": "-",
        "physics": "C-",
        "communication_techniques": "-",
        "problem_solving_techniques": "-",
        "basic_electrical_engineering": "-",
        "programming_in_c": "-"
    },
    "19120088": {
        "engineering_mathematics_i": "-",
        "physics": "-",
        "communication_techniques": "-",
        "problem_solving_techniques": "-",
        "basic_electrical_engineering": "Abs",
        "programming_in_c": "Abs"
    },
    "19120095": {
        "engineering_mathematics_i": "-",
        "physics": "-",
        "communication_techniques": "-",
        "problem_solving_techniques": "-",
        "basic_electrical_engineering": "F",
        "programming_in_c": "-"
    },
    "19120099": {
        "engineering_mathematics_i": "-",
        "physics": "B",
        "communication_techniques": "-",
        "problem_solving_techniques": "-",
        "basic_electrical_engineering": "B-",
        "programming_in_c": "-"
    },
    "19120100": {
        "engineering_mathematics_i": "-",
        "physics": "-",
        "communication_techniques": "-",
        "problem_solving_techniques": "-",
        "basic_electrical_engineering": "C+",
        "programming_in_c": "-"
    },
    "19120104": {
        "engineering_mathematics_i": "-",
        "physics": "-",
        "communication_techniques": "-",
        "problem_solving_techniques": "-",
        "basic_electrical_engineering": "Abs",
        "programming_in_c": "-"
    },
    "19120108": {
        "engineering_mathematics_i": "-",
        "physics": "Abs",
        "communication_techniques": "-",
        "problem_solving_techniques": "-",
        "basic_electrical_engineering": "-",
        "programming_in_c": "-"
    },
    "19120115": {
        "engineering_mathematics_i": "-",
        "physics": "F",
        "communication_techniques": "-",
        "problem_solving_techniques": "-",
        "basic_electrical_engineering": "-",
        "programming_in_c": "-"
    },
    "19120120": {
        "engineering_mathematics_i": "Abs",
        "physics": "-",
        "communication_techniques": "-",
        "problem_solving_techniques": "-",
        "basic_electrical_engineering": "-",
        "programming_in_c": "B-"
    },
    "19120121": {
        "engineering_mathematics_i": "-",
        "physics": "F",
        "communication_techniques": "-",
        "problem_solving_techniques": "-",
        "basic_electrical_engineering": "-",
        "programming_in_c": "-"
    },
    "19120133": {
        "engineering_mathematics_i": "-",
        "physics": "-",
        "communication_techniques": "-",
        "problem_solving_techniques": "-",
        "basic_electrical_engineering": "F",
        "programming_in_c": "-"
    },
    "19120136": {
        "engineering_mathematics_i": "-",
        "physics": "F",
        "communication_techniques": "-",
        "problem_solving_techniques": "-",
        "basic_electrical_engineering": "C",
        "programming_in_c": "-"
    },
    "19120145": {
        "engineering_mathematics_i": "-",
        "physics": "-",
        "communication_techniques": "-",
        "problem_solving_techniques": "-",
        "basic_electrical_engineering": "Abs",
        "programming_in_c": "-"
    },
    "19120153": {
        "engineering_mathematics_i": "-",
        "physics": "-",
        "communication_techniques": "-",
        "problem_solving_techniques": "Abs",
        "basic_electrical_engineering": "-",
        "programming_in_c": "-"
    },
    "19120158": {
        "engineering_mathematics_i": "-",
        "physics": "-",
        "communication_techniques": "-",
        "problem_solving_techniques": "-",
        "basic_electrical_engineering": "B-",
        "programming_in_c": "-"
    },
    "19120159": {
        "engineering_mathematics_i": "-",
        "physics": "F",
        "communication_techniques": "-",
        "problem_solving_techniques": "-",
        "basic_electrical_engineering": "-",
        "programming_in_c": "-"
    },
    "19120162": {
        "engineering_mathematics_i": "-",
        "physics": "-",
        "communication_techniques": "-",
        "problem_solving_techniques": "-",
        "basic_electrical_engineering": "A-",
        "programming_in_c": "-"
    },
    "19120165": {
        "engineering_mathematics_i": "-",
        "physics": "-",
        "communication_techniques": "-",
        "problem_solving_techniques": "-",
        "basic_electrical_engineering": "B",
        "programming_in_c": "-"
    },
    "19120169": {
        "engineering_mathematics_i": "-",
        "physics": "F",
        "communication_techniques": "-",
        "problem_solving_techniques": "-",
        "basic_electrical_engineering": "-",
        "programming_in_c": "-"
    },
    "19120171": {
        "engineering_mathematics_i": "-",
        "physics": "-",
        "communication_techniques": "-",
        "problem_solving_techniques": "-",
        "basic_electrical_engineering": "F",
        "programming_in_c": "-"
    },
    "19120175": {
        "engineering_mathematics_i": "-",
        "physics": "-",
        "communication_techniques": "-",
        "problem_solving_techniques": "Abs",
        "basic_electrical_engineering": "-",
        "programming_in_c": "-"
    },
    "20120017": {
        "engineering_mathematics_i": "-",
        "physics": "-",
        "communication_techniques": "-",
        "problem_solving_techniques": "-",
        "basic_electrical_engineering": "-",
        "programming_in_c": "F"
    },
    "20120030": {
        "engineering_mathematics_i": "-",
        "physics": "-",
        "communication_techniques": "-",
        "problem_solving_techniques": "-",
        "basic_electrical_engineering": "-",
        "programming_in_c": "B"
    },
    "20120034": {
        "engineering_mathematics_i": "-",
        "physics": "-",
        "communication_techniques": "-",
        "problem_solving_techniques": "-",
        "basic_electrical_engineering": "-",
        "programming_in_c": "Abs"
    },
    "20120036": {
        "engineering_mathematics_i": "-",
        "physics": "-",
        "communication_techniques": "-",
        "problem_solving_techniques": "-",
        "basic_electrical_engineering": "-",
        "programming_in_c": "B-"
    },
    "20120037": {
        "engineering_mathematics_i": "-",
        "physics": "-",
        "communication_techniques": "-",
        "problem_solving_techniques": "-",
        "basic_electrical_engineering": "-",
        "programming_in_c": "Abs"
    },
    "20120041": {
        "engineering_mathematics_i": "-",
        "physics": "-",
        "communication_techniques": "-",
        "problem_solving_techniques": "C+",
        "basic_electrical_engineering": "-",
        "programming_in_c": "-"
    },
    "20120043": {
        "engineering_mathematics_i": "-",
        "physics": "-",
        "communication_techniques": "-",
        "problem_solving_techniques": "F",
        "basic_electrical_engineering": "-",
        "programming_in_c": "-"
    },
    "20120067": {
        "engineering_mathematics_i": "-",
        "physics": "-",
        "communication_techniques": "-",
        "problem_solving_techniques": "-",
        "basic_electrical_engineering": "C-",
        "programming_in_c": "-"
    },
    "20120083": {
        "engineering_mathematics_i": "-",
        "physics": "-",
        "communication_techniques": "-",
        "problem_solving_techniques": "-",
        "basic_electrical_engineering": "Abs",
        "programming_in_c": "-"
    },
    "20120097": {
        "engineering_mathematics_i": "-",
        "physics": "-",
        "communication_techniques": "-",
        "problem_solving_techniques": "-",
        "basic_electrical_engineering": "F",
        "programming_in_c": "-"
    },
    "20120110": {
        "engineering_mathematics_i": "-",
        "physics": "F",
        "communication_techniques": "-",
        "problem_solving_techniques": "-",
        "basic_electrical_engineering": "-",
        "programming_in_c": "-"
    },
    "20120111": {
        "engineering_mathematics_i": "-",
        "physics": "-",
        "communication_techniques": "-",
        "problem_solving_techniques": "-",
        "basic_electrical_engineering": "-",
        "programming_in_c": "C+"
    },
    "20120114": {
        "engineering_mathematics_i": "-",
        "physics": "F",
        "communication_techniques": "-",
        "problem_solving_techniques": "-",
        "basic_electrical_engineering": "-",
        "programming_in_c": "-"
    },
    "20120127": {
        "engineering_mathematics_i": "-",
        "physics": "F",
        "communication_techniques": "-",
        "problem_solving_techniques": "-",
        "basic_electrical_engineering": "-",
        "programming_in_c": "-"
    },
    "20120131": {
        "engineering_mathematics_i": "-",
        "physics": "-",
        "communication_techniques": "-",
        "problem_solving_techniques": "-",
        "basic_electrical_engineering": "-",
        "programming_in_c": "-"
    },
    "20120134": {
        "engineering_mathematics_i": "-",
        "physics": "-",
        "communication_techniques": "-",
        "problem_solving_techniques": "-",
        "basic_electrical_engineering": "F",
        "programming_in_c": "-"
    },
    "20120137": {
        "engineering_mathematics_i": "-",
        "physics": "-",
        "communication_techniques": "-",
        "problem_solving_techniques": "-",
        "basic_electrical_engineering": "A",
        "programming_in_c": "-"
    },
    "20120139": {
        "engineering_mathematics_i": "-",
        "physics": "-",
        "communication_techniques": "-",
        "problem_solving_techniques": "Abs",
        "basic_electrical_engineering": "-",
        "programming_in_c": "-"
    },
    "20120144": {
        "engineering_mathematics_i": "-",
        "physics": "-",
        "communication_techniques": "-",
        "problem_solving_techniques": "Abs",
        "basic_electrical_engineering": "-",
        "programming_in_c": "Abs"
    },
    "20120151": {
        "engineering_mathematics_i": "-",
        "physics": "F",
        "communication_techniques": "-",
        "problem_solving_techniques": "-",
        "basic_electrical_engineering": "-",
        "programming_in_c": "-"
    },
    "20120153": {
        "engineering_mathematics_i": "-",
        "physics": "-",
        "communication_techniques": "-",
        "problem_solving_techniques": "-",
        "basic_electrical_engineering": "C",
        "programming_in_c": "-"
    },
    "20120166": {
        "engineering_mathematics_i": "-",
        "physics": "-",
        "communication_techniques": "-",
        "problem_solving_techniques": "Abs",
        "basic_electrical_engineering": "-",
        "programming_in_c": "-"
    },
    "20120171": {
        "engineering_mathematics_i": "-",
        "physics": "-",
        "communication_techniques": "-",
        "problem_solving_techniques": "-",
        "basic_electrical_engineering": "F",
        "programming_in_c": "-"
    },
    "21120003": {
        "engineering_mathematics_i": "-",
        "physics": "-",
        "communication_techniques": "-",
        "problem_solving_techniques": "F",
        "basic_electrical_engineering": "-",
        "programming_in_c": "-"
    },
    "21120005": {
        "engineering_mathematics_i": "-",
        "physics": "F",
        "communication_techniques": "-",
        "problem_solving_techniques": "Abs",
        "basic_electrical_engineering": "-",
        "programming_in_c": "-"
    },
    "21120007": {
        "engineering_mathematics_i": "-",
        "physics": "F",
        "communication_techniques": "-",
        "problem_solving_techniques": "-",
        "basic_electrical_engineering": "-",
        "programming_in_c": "F"
    },
    "21120008": {
        "engineering_mathematics_i": "-",
        "physics": "Abs",
        "communication_techniques": "-",
        "problem_solving_techniques": "-",
        "basic_electrical_engineering": "-",
        "programming_in_c": "A"
    },
    "21120009": {
        "engineering_mathematics_i": "-",
        "physics": "-",
        "communication_techniques": "-",
        "problem_solving_techniques": "C+",
        "basic_electrical_engineering": "-",
        "programming_in_c": "-"
    },
    "21120010": {
        "engineering_mathematics_i": "-",
        "physics": "F",
        "communication_techniques": "-",
        "problem_solving_techniques": "-",
        "basic_electrical_engineering": "-",
        "programming_in_c": "-"
    },
    "21120011": {
        "engineering_mathematics_i": "-",
        "physics": "F",
        "communication_techniques": "-",
        "problem_solving_techniques": "-",
        "basic_electrical_engineering": "-",
        "programming_in_c": "-"
    },
    "21120016": {
        "engineering_mathematics_i": "-",
        "physics": "B-",
        "communication_techniques": "-",
        "problem_solving_techniques": "-",
        "basic_electrical_engineering": "-",
        "programming_in_c": "-"
    },
    "21120017": {
        "engineering_mathematics_i": "-",
        "physics": "F",
        "communication_techniques": "-",
        "problem_solving_techniques": "F",
        "basic_electrical_engineering": "-",
        "programming_in_c": "-"
    },
    "21120019": {
        "engineering_mathematics_i": "-",
        "physics": "F",
        "communication_techniques": "-",
        "problem_solving_techniques": "-",
        "basic_electrical_engineering": "-",
        "programming_in_c": "-"
    },
    "21120024": {
        "engineering_mathematics_i": "-",
        "physics": "Abs",
        "communication_techniques": "-",
        "problem_solving_techniques": "F",
        "basic_electrical_engineering": "-",
        "programming_in_c": "-"
    },
    "21120026": {
        "engineering_mathematics_i": "-",
        "physics": "F",
        "communication_techniques": "-",
        "problem_solving_techniques": "-",
        "basic_electrical_engineering": "-",
        "programming_in_c": "-"
    },
    "21120027": {
        "engineering_mathematics_i": "F",
        "physics": "-",
        "communication_techniques": "-",
        "problem_solving_techniques": "-",
        "basic_electrical_engineering": "-",
        "programming_in_c": "-"
    },
    "21120030": {
        "engineering_mathematics_i": "-",
        "physics": "B+",
        "communication_techniques": "-",
        "problem_solving_techniques": "-",
        "basic_electrical_engineering": "-",
        "programming_in_c": "-"
    },
    "21120033": {
        "engineering_mathematics_i": "-",
        "physics": "B-",
        "communication_techniques": "-",
        "problem_solving_techniques": "-",
        "basic_electrical_engineering": "-",
        "programming_in_c": "-"
    },
    "21120043": {
        "engineering_mathematics_i": "-",
        "physics": "F",
        "communication_techniques": "-",
        "problem_solving_techniques": "-",
        "basic_electrical_engineering": "-",
        "programming_in_c": "-"
    },
    "21120045": {
        "engineering_mathematics_i": "-",
        "physics": "F",
        "communication_techniques": "-",
        "problem_solving_techniques": "-",
        "basic_electrical_engineering": "-",
        "programming_in_c": "-"
    },
    "21120046": {
        "engineering_mathematics_i": "-",
        "physics": "F",
        "communication_techniques": "-",
        "problem_solving_techniques": "-",
        "basic_electrical_engineering": "-",
        "programming_in_c": "-"
    },
    "21120052": {
        "engineering_mathematics_i": "-",
        "physics": "-",
        "communication_techniques": "-",
        "problem_solving_techniques": "-",
        "basic_electrical_engineering": "F",
        "programming_in_c": "-"
    },
    "21120053": {
        "engineering_mathematics_i": "F",
        "physics": "F",
        "communication_techniques": "-",
        "problem_solving_techniques": "-",
        "basic_electrical_engineering": "-",
        "programming_in_c": "-"
    },
    "21120057": {
        "engineering_mathematics_i": "-",
        "physics": "-",
        "communication_techniques": "-",
        "problem_solving_techniques": "-",
        "basic_electrical_engineering": "B-",
        "programming_in_c": "-"
    },
    "21120060": {
        "engineering_mathematics_i": "-",
        "physics": "F",
        "communication_techniques": "-",
        "problem_solving_techniques": "-",
        "basic_electrical_engineering": "-",
        "programming_in_c": "-"
    },
    "21120062": {
        "engineering_mathematics_i": "-",
        "physics": "Abs",
        "communication_techniques": "-",
        "problem_solving_techniques": "-",
        "basic_electrical_engineering": "-",
        "programming_in_c": "-"
    },
    "21120063": {
        "engineering_mathematics_i": "-",
        "physics": "Abs",
        "communication_techniques": "-",
        "problem_solving_techniques": "-",
        "basic_electrical_engineering": "-",
        "programming_in_c": "-"
    },
    "21120065": {
        "engineering_mathematics_i": "-",
        "physics": "Abs",
        "communication_techniques": "-",
        "problem_solving_techniques": "-",
        "basic_electrical_engineering": "-",
        "programming_in_c": "-"
    },
    "21120066": {
        "engineering_mathematics_i": "-",
        "physics": "F",
        "communication_techniques": "-",
        "problem_solving_techniques": "-",
        "basic_electrical_engineering": "-",
        "programming_in_c": "-"
    },
    "21120072": {
        "engineering_mathematics_i": "-",
        "physics": "-",
        "communication_techniques": "-",
        "problem_solving_techniques": "-",
        "basic_electrical_engineering": "-",
        "programming_in_c": "Abs"
    },
    "21120074": {
        "engineering_mathematics_i": "-",
        "physics": "-",
        "communication_techniques": "-",
        "problem_solving_techniques": "-",
        "basic_electrical_engineering": "-",
        "programming_in_c": "C+"
    },
    "21120076": {
        "engineering_mathematics_i": "-",
        "physics": "-",
        "communication_techniques": "-",
        "problem_solving_techniques": "-",
        "basic_electrical_engineering": "-",
        "programming_in_c": "Abs"
    },
    "21120080": {
        "engineering_mathematics_i": "-",
        "physics": "-",
        "communication_techniques": "-",
        "problem_solving_techniques": "-",
        "basic_electrical_engineering": "F",
        "programming_in_c": "-"
    },
    "21120082": {
        "engineering_mathematics_i": "-",
        "physics": "Abs",
        "communication_techniques": "-",
        "problem_solving_techniques": "-",
        "basic_electrical_engineering": "Abs",
        "programming_in_c": "-"
    },
    "21120084": {
        "engineering_mathematics_i": "F",
        "physics": "-",
        "communication_techniques": "-",
        "problem_solving_techniques": "-",
        "basic_electrical_engineering": "-",
        "programming_in_c": "-"
    },
    "21120089": {
        "engineering_mathematics_i": "-",
        "physics": "Abs",
        "communication_techniques": "-",
        "problem_solving_techniques": "-",
        "basic_electrical_engineering": "-",
        "programming_in_c": "-"
    },
    "21120090": {
        "engineering_mathematics_i": "-",
        "physics": "F",
        "communication_techniques": "-",
        "problem_solving_techniques": "-",
        "basic_electrical_engineering": "-",
        "programming_in_c": "-"
    },
    "21120091": {
        "engineering_mathematics_i": "-",
        "physics": "-",
        "communication_techniques": "-",
        "problem_solving_techniques": "-",
        "basic_electrical_engineering": "C",
        "programming_in_c": "-"
    },
    "21120092": {
        "engineering_mathematics_i": "-",
        "physics": "-",
        "communication_techniques": "-",
        "problem_solving_techniques": "-",
        "basic_electrical_engineering": "Abs",
        "programming_in_c": "-"
    },
    "21120093": {
        "engineering_mathematics_i": "-",
        "physics": "-",
        "communication_techniques": "-",
        "problem_solving_techniques": "-",
        "basic_electrical_engineering": "B+",
        "programming_in_c": "-"
    },
    "21120097": {
        "engineering_mathematics_i": "-",
        "physics": "-",
        "communication_techniques": "-",
        "problem_solving_techniques": "-",
        "basic_electrical_engineering": "F",
        "programming_in_c": "-"
    },
    "21120101": {
        "engineering_mathematics_i": "F",
        "physics": "-",
        "communication_techniques": "-",
        "problem_solving_techniques": "-",
        "basic_electrical_engineering": "-",
        "programming_in_c": "-"
    },
    "21120102": {
        "engineering_mathematics_i": "-",
        "physics": "F",
        "communication_techniques": "-",
        "problem_solving_techniques": "-",
        "basic_electrical_engineering": "-",
        "programming_in_c": "-"
    },
    "21120103": {
        "engineering_mathematics_i": "-",
        "physics": "F",
        "communication_techniques": "-",
        "problem_solving_techniques": "-",
        "basic_electrical_engineering": "-",
        "programming_in_c": "-"
    },
    "21120108": {
        "engineering_mathematics_i": "-",
        "physics": "-",
        "communication_techniques": "-",
        "problem_solving_techniques": "-",
        "basic_electrical_engineering": "C",
        "programming_in_c": "-"
    },
    "21120112": {
        "engineering_mathematics_i": "-",
        "physics": "Abs",
        "communication_techniques": "-",
        "problem_solving_techniques": "-",
        "basic_electrical_engineering": "-",
        "programming_in_c": "-"
    },
    "21120113": {
        "engineering_mathematics_i": "-",
        "physics": "F",
        "communication_techniques": "-",
        "problem_solving_techniques": "-",
        "basic_electrical_engineering": "-",
        "programming_in_c": "-"
    },
    "21120115": {
        "engineering_mathematics_i": "-",
        "physics": "Abs",
        "communication_techniques": "-",
        "problem_solving_techniques": "-",
        "basic_electrical_engineering": "-",
        "programming_in_c": "-"
    },
    "21120116": {
        "engineering_mathematics_i": "F",
        "physics": "-",
        "communication_techniques": "-",
        "problem_solving_techniques": "-",
        "basic_electrical_engineering": "-",
        "programming_in_c": "-"
    },
    "21120118": {
        "engineering_mathematics_i": "-",
        "physics": "-",
        "communication_techniques": "-",
        "problem_solving_techniques": "-",
        "basic_electrical_engineering": "F",
        "programming_in_c": "-"
    },
    "21120119": {
        "engineering_mathematics_i": "-",
        "physics": "C+",
        "communication_techniques": "-",
        "problem_solving_techniques": "-",
        "basic_electrical_engineering": "-",
        "programming_in_c": "-"
    },
    "21120120": {
        "engineering_mathematics_i": "-",
        "physics": "C",
        "communication_techniques": "-",
        "problem_solving_techniques": "Abs",
        "basic_electrical_engineering": "-",
        "programming_in_c": "-"
    },
    "21120124": {
        "engineering_mathematics_i": "-",
        "physics": "F",
        "communication_techniques": "-",
        "problem_solving_techniques": "-",
        "basic_electrical_engineering": "-",
        "programming_in_c": "-"
    },
    "21120128": {
        "engineering_mathematics_i": "-",
        "physics": "-",
        "communication_techniques": "-",
        "problem_solving_techniques": "-",
        "basic_electrical_engineering": "B-",
        "programming_in_c": "-"
    },
    "21120130": {
        "engineering_mathematics_i": "-",
        "physics": "-",
        "communication_techniques": "-",
        "problem_solving_techniques": "-",
        "basic_electrical_engineering": "F",
        "programming_in_c": "-"
    },
    "21120131": {
        "engineering_mathematics_i": "-",
        "physics": "Abs",
        "communication_techniques": "-",
        "problem_solving_techniques": "-",
        "basic_electrical_engineering": "-",
        "programming_in_c": "-"
    },
    "21120134": {
        "engineering_mathematics_i": "-",
        "physics": "-",
        "communication_techniques": "-",
        "problem_solving_techniques": "-",
        "basic_electrical_engineering": "C",
        "programming_in_c": "-"
    },
    "21120136": {
        "engineering_mathematics_i": "-",
        "physics": "-",
        "communication_techniques": "-",
        "problem_solving_techniques": "-",
        "basic_electrical_engineering": "Abs",
        "programming_in_c": "-"
    },
    "21120140": {
        "engineering_mathematics_i": "-",
        "physics": "F",
        "communication_techniques": "-",
        "problem_solving_techniques": "B",
        "basic_electrical_engineering": "-",
        "programming_in_c": "-"
    },
    "21120141": {
        "engineering_mathematics_i": "-",
        "physics": "B-",
        "communication_techniques": "-",
        "problem_solving_techniques": "-",
        "basic_electrical_engineering": "A",
        "programming_in_c": "-"
    },
    "21120142": {
        "engineering_mathematics_i": "-",
        "physics": "F",
        "communication_techniques": "-",
        "problem_solving_techniques": "-",
        "basic_electrical_engineering": "-",
        "programming_in_c": "-"
    },
    "21120145": {
        "engineering_mathematics_i": "Abs",
        "physics": "-",
        "communication_techniques": "-",
        "problem_solving_techniques": "-",
        "basic_electrical_engineering": "-",
        "programming_in_c": "-"
    },
    "21120146": {
        "engineering_mathematics_i": "-",
        "physics": "C",
        "communication_techniques": "-",
        "problem_solving_techniques": "-",
        "basic_electrical_engineering": "-",
        "programming_in_c": "-"
    },
    "21120149": {
        "engineering_mathematics_i": "-",
        "physics": "-",
        "communication_techniques": "-",
        "problem_solving_techniques": "B",
        "basic_electrical_engineering": "-",
        "programming_in_c": "-"
    },
    "21120151": {
        "engineering_mathematics_i": "-",
        "physics": "B",
        "communication_techniques": "-",
        "problem_solving_techniques": "-",
        "basic_electrical_engineering": "-",
        "programming_in_c": "-"
    },
    "21120153": {
        "engineering_mathematics_i": "-",
        "physics": "F",
        "communication_techniques": "-",
        "problem_solving_techniques": "-",
        "basic_electrical_engineering": "-",
        "programming_in_c": "-"
    },
    "21120156": {
        "engineering_mathematics_i": "A-",
        "physics": "-",
        "communication_techniques": "-",
        "problem_solving_techniques": "-",
        "basic_electrical_engineering": "-",
        "programming_in_c": "-"
    },
    "21120160": {
        "engineering_mathematics_i": "-",
        "physics": "-",
        "communication_techniques": "-",
        "problem_solving_techniques": "-",
        "basic_electrical_engineering": "-",
        "programming_in_c": "F"
    },
    "21120162": {
        "engineering_mathematics_i": "-",
        "physics": "-",
        "communication_techniques": "-",
        "problem_solving_techniques": "F",
        "basic_electrical_engineering": "-",
        "programming_in_c": "-"
    },
    "21120164": {
        "engineering_mathematics_i": "-",
        "physics": "F",
        "communication_techniques": "-",
        "problem_solving_techniques": "-",
        "basic_electrical_engineering": "-",
        "programming_in_c": "-"
    },
    "21120170": {
        "engineering_mathematics_i": "-",
        "physics": "-",
        "communication_techniques": "-",
        "problem_solving_techniques": "-",
        "basic_electrical_engineering": "F",
        "programming_in_c": "-"
    },
    "21120176": {
        "engineering_mathematics_i": "-",
        "physics": "F",
        "communication_techniques": "-",
        "problem_solving_techniques": "-",
        "basic_electrical_engineering": "-",
        "programming_in_c": "-"
    },
    "21120177": {
        "engineering_mathematics_i": "-",
        "physics": "-",
        "communication_techniques": "-",
        "problem_solving_techniques": "-",
        "basic_electrical_engineering": "Abs",
        "programming_in_c": "-"
    },
    "21120181": {
        "engineering_mathematics_i": "-",
        "physics": "-",
        "communication_techniques": "-",
        "problem_solving_techniques": "-",
        "basic_electrical_engineering": "-",
        "programming_in_c": "B+"
    },
    "21120187": {
        "engineering_mathematics_i": "Abs",
        "physics": "-",
        "communication_techniques": "-",
        "problem_solving_techniques": "-",
        "basic_electrical_engineering": "-",
        "programming_in_c": "-"
    },
    "21120188": {
        "engineering_mathematics_i": "-",
        "physics": "Abs",
        "communication_techniques": "-",
        "problem_solving_techniques": "-",
        "basic_electrical_engineering": "-",
        "programming_in_c": "-"
    },
    "21120193": {
        "engineering_mathematics_i": "-",
        "physics": "Abs",
        "communication_techniques": "-",
        "problem_solving_techniques": "-",
        "basic_electrical_engineering": "-",
        "programming_in_c": "-"
    },
    "21120195": {
        "engineering_mathematics_i": "-",
        "physics": "C",
        "communication_techniques": "-",
        "problem_solving_techniques": "-",
        "basic_electrical_engineering": "-",
        "programming_in_c": "-"
    },
    "21120201": {
        "engineering_mathematics_i": "F",
        "physics": "-",
        "communication_techniques": "-",
        "problem_solving_techniques": "F",
        "basic_electrical_engineering": "-",
        "programming_in_c": "-"
    },
    "21120202": {
        "engineering_mathematics_i": "-",
        "physics": "-",
        "communication_techniques": "-",
        "problem_solving_techniques": "F",
        "basic_electrical_engineering": "-",
        "programming_in_c": "-"
    },
    "21120205": {
        "engineering_mathematics_i": "-",
        "physics": "-",
        "communication_techniques": "-",
        "problem_solving_techniques": "-",
        "basic_electrical_engineering": "Abs",
        "programming_in_c": "-"
    },
    "21120206": {
        "engineering_mathematics_i": "-",
        "physics": "-",
        "communication_techniques": "-",
        "problem_solving_techniques": "F",
        "basic_electrical_engineering": "Abs",
        "programming_in_c": "-"
    },
    "21120207": {
        "engineering_mathematics_i": "-",
        "physics": "-",
        "communication_techniques": "-",
        "problem_solving_techniques": "-",
        "basic_electrical_engineering": "F",
        "programming_in_c": "-"
    },
    "21120209": {
        "engineering_mathematics_i": "-",
        "physics": "F",
        "communication_techniques": "-",
        "problem_solving_techniques": "-",
        "basic_electrical_engineering": "-",
        "programming_in_c": "-"
    },
    "21120212": {
        "engineering_mathematics_i": "-",
        "physics": "F",
        "communication_techniques": "-",
        "problem_solving_techniques": "-",
        "basic_electrical_engineering": "-",
        "programming_in_c": "-"
    },
    "21120213": {
        "engineering_mathematics_i": "-",
        "physics": "Abs",
        "communication_techniques": "-",
        "problem_solving_techniques": "-",
        "basic_electrical_engineering": "-",
        "programming_in_c": "-"
    },
    "21120217": {
        "engineering_mathematics_i": "-",
        "physics": "-",
        "communication_techniques": "-",
        "problem_solving_techniques": "C+",
        "basic_electrical_engineering": "C",
        "programming_in_c": "Abs"
    },
    "21120221": {
        "engineering_mathematics_i": "-",
        "physics": "Abs",
        "communication_techniques": "-",
        "problem_solving_techniques": "Abs",
        "basic_electrical_engineering": "-",
        "programming_in_c": "-"
    },
    "21120222": {
        "engineering_mathematics_i": "B-",
        "physics": "F",
        "communication_techniques": "-",
        "problem_solving_techniques": "-",
        "basic_electrical_engineering": "-",
        "programming_in_c": "-"
    },
    "21120224": {
        "engineering_mathematics_i": "-",
        "physics": "-",
        "communication_techniques": "-",
        "problem_solving_techniques": "-",
        "basic_electrical_engineering": "B",
        "programming_in_c": "-"
    },
    "21120227": {
        "engineering_mathematics_i": "-",
        "physics": "F",
        "communication_techniques": "-",
        "problem_solving_techniques": "-",
        "basic_electrical_engineering": "-",
        "programming_in_c": "-"
    },
    "21120231": {
        "engineering_mathematics_i": "-",
        "physics": "Abs",
        "communication_techniques": "-",
        "problem_solving_techniques": "-",
        "basic_electrical_engineering": "-",
        "programming_in_c": "-"
    },
    "21120237": {
        "engineering_mathematics_i": "-",
        "physics": "-",
        "communication_techniques": "-",
        "problem_solving_techniques": "-",
        "basic_electrical_engineering": "F",
        "programming_in_c": "-"
    },
    "21120238": {
        "engineering_mathematics_i": "-",
        "physics": "-",
        "communication_techniques": "-",
        "problem_solving_techniques": "-",
        "basic_electrical_engineering": "B+",
        "programming_in_c": "-"
    },
    "21120242": {
        "engineering_mathematics_i": "-",
        "physics": "F",
        "communication_techniques": "-",
        "problem_solving_techniques": "-",
        "basic_electrical_engineering": "-",
        "programming_in_c": "-"
    },
    "21120243": {
        "engineering_mathematics_i": "-",
        "physics": "B+",
        "communication_techniques": "-",
        "problem_solving_techniques": "-",
        "basic_electrical_engineering": "-",
        "programming_in_c": "-"
    },
    "21120245": {
        "engineering_mathematics_i": "-",
        "physics": "-",
        "communication_techniques": "-",
        "problem_solving_techniques": "F",
        "basic_electrical_engineering": "-",
        "programming_in_c": "-"
    },
    "21120246": {
        "engineering_mathematics_i": "-",
        "physics": "-",
        "communication_techniques": "-",
        "problem_solving_techniques": "-",
        "basic_electrical_engineering": "F",
        "programming_in_c": "-"
    },
    "21125003": {
        "engineering_mathematics_i": "C",
        "physics": "-",
        "communication_techniques": "-",
        "problem_solving_techniques": "-",
        "basic_electrical_engineering": "-",
        "programming_in_c": "-"
    },
    "21125004": {
        "engineering_mathematics_i": "-",
        "physics": "C",
        "communication_techniques": "-",
        "problem_solving_techniques": "-",
        "basic_electrical_engineering": "-",
        "programming_in_c": "-"
    },
    "21125008": {
        "engineering_mathematics_i": "F",
        "physics": "F",
        "communication_techniques": "-",
        "problem_solving_techniques": "-",
        "basic_electrical_engineering": "-",
        "programming_in_c": "-"
    },
    "21125010": {
        "engineering_mathematics_i": "-",
        "physics": "Abs",
        "communication_techniques": "-",
        "problem_solving_techniques": "-",
        "basic_electrical_engineering": "-",
        "programming_in_c": "-"
    },
    "21125012": {
        "engineering_mathematics_i": "-",
        "physics": "Abs",
        "communication_techniques": "-",
        "problem_solving_techniques": "-",
        "basic_electrical_engineering": "-",
        "programming_in_c": "-"
    },
    "21125013": {
        "engineering_mathematics_i": "B-",
        "physics": "-",
        "communication_techniques": "-",
        "problem_solving_techniques": "B+",
        "basic_electrical_engineering": "-",
        "programming_in_c": "-"
    },
    "21125016": {
        "engineering_mathematics_i": "F",
        "physics": "-",
        "communication_techniques": "-",
        "problem_solving_techniques": "-",
        "basic_electrical_engineering": "Abs",
        "programming_in_c": "-"
    },
    "21125020": {
        "engineering_mathematics_i": "-",
        "physics": "-",
        "communication_techniques": "-",
        "problem_solving_techniques": "Abs",
        "basic_electrical_engineering": "Abs",
        "programming_in_c": "-"
    },
    "21125021": {
        "engineering_mathematics_i": "A-",
        "physics": "-",
        "communication_techniques": "-",
        "problem_solving_techniques": "-",
        "basic_electrical_engineering": "B-",
        "programming_in_c": "-"
    },
    "21125022": {
        "engineering_mathematics_i": "-",
        "physics": "-",
        "communication_techniques": "-",
        "problem_solving_techniques": "-",
        "basic_electrical_engineering": "C+",
        "programming_in_c": "-"
    },
    "21125023": {
        "engineering_mathematics_i": "F",
        "physics": "-",
        "communication_techniques": "-",
        "problem_solving_techniques": "C+",
        "basic_electrical_engineering": "-",
        "programming_in_c": "-"
    },
    "21125024": {
        "engineering_mathematics_i": "-",
        "physics": "-",
        "communication_techniques": "-",
        "problem_solving_techniques": "-",
        "basic_electrical_engineering": "Abs",
        "programming_in_c": "-"
    },
    "21125025": {
        "engineering_mathematics_i": "-",
        "physics": "Abs",
        "communication_techniques": "-",
        "problem_solving_techniques": "-",
        "basic_electrical_engineering": "-",
        "programming_in_c": "-"
    },
    "21125028": {
        "engineering_mathematics_i": "-",
        "physics": "F",
        "communication_techniques": "-",
        "problem_solving_techniques": "-",
        "basic_electrical_engineering": "-",
        "programming_in_c": "-"
    },
    "21125034": {
        "engineering_mathematics_i": "B-",
        "physics": "F",
        "communication_techniques": "-",
        "problem_solving_techniques": "-",
        "basic_electrical_engineering": "-",
        "programming_in_c": "-"
    },
    "21125041": {
        "engineering_mathematics_i": "Abs",
        "physics": "Withheld",
        "communication_techniques": "-",
        "problem_solving_techniques": "-",
        "basic_electrical_engineering": "-",
        "programming_in_c": "-"
    },
    "21125044": {
        "engineering_mathematics_i": "F",
        "physics": "-",
        "communication_techniques": "-",
        "problem_solving_techniques": "-",
        "basic_electrical_engineering": "-",
        "programming_in_c": "-"
    },
    "21125047": {
        "engineering_mathematics_i": "F",
        "physics": "F",
        "communication_techniques": "-",
        "problem_solving_techniques": "-",
        "basic_electrical_engineering": "-",
        "programming_in_c": "-"
    },
    "21125049": {
        "engineering_mathematics_i": "-",
        "physics": "Abs",
        "communication_techniques": "-",
        "problem_solving_techniques": "-",
        "basic_electrical_engineering": "-",
        "programming_in_c": "-"
    },
    "21125050": {
        "engineering_mathematics_i": "Abs",
        "physics": "-",
        "communication_techniques": "-",
        "problem_solving_techniques": "Abs",
        "basic_electrical_engineering": "Abs",
        "programming_in_c": "-"
    },
    "21125063": {
        "engineering_mathematics_i": "-",
        "physics": "-",
        "communication_techniques": "-",
        "problem_solving_techniques": "-",
        "basic_electrical_engineering": "B",
        "programming_in_c": "-"
    },
    "21125066": {
        "engineering_mathematics_i": "Abs",
        "physics": "-",
        "communication_techniques": "-",
        "problem_solving_techniques": "F",
        "basic_electrical_engineering": "-",
        "programming_in_c": "-"
    },
    "21125067": {
        "engineering_mathematics_i": "-",
        "physics": "-",
        "communication_techniques": "-",
        "problem_solving_techniques": "-",
        "basic_electrical_engineering": "Abs",
        "programming_in_c": "-"
    },
    "21125069": {
        "engineering_mathematics_i": "Abs",
        "physics": "-",
        "communication_techniques": "-",
        "problem_solving_techniques": "-",
        "basic_electrical_engineering": "-",
        "programming_in_c": "-"
    },
    "21125070": {
        "engineering_mathematics_i": "A-",
        "physics": "F",
        "communication_techniques": "-",
        "problem_solving_techniques": "-",
        "basic_electrical_engineering": "-",
        "programming_in_c": "-"
    },
    "21125074": {
        "engineering_mathematics_i": "-",
        "physics": "-",
        "communication_techniques": "-",
        "problem_solving_techniques": "-",
        "basic_electrical_engineering": "C+",
        "programming_in_c": "-"
    },
    "21125076": {
        "engineering_mathematics_i": "F",
        "physics": "-",
        "communication_techniques": "-",
        "problem_solving_techniques": "-",
        "basic_electrical_engineering": "-",
        "programming_in_c": "-"
    },
    "21125078": {
        "engineering_mathematics_i": "-",
        "physics": "-",
        "communication_techniques": "-",
        "problem_solving_techniques": "-",
        "basic_electrical_engineering": "A-",
        "programming_in_c": "-"
    },
    "21125082": {
        "engineering_mathematics_i": "-",
        "physics": "-",
        "communication_techniques": "-",
        "problem_solving_techniques": "-",
        "basic_electrical_engineering": "F",
        "programming_in_c": "-"
    },
    "21125087": {
        "engineering_mathematics_i": "-",
        "physics": "-",
        "communication_techniques": "-",
        "problem_solving_techniques": "-",
        "basic_electrical_engineering": "C+",
        "programming_in_c": "-"
    },
    "21125089": {
        "engineering_mathematics_i": "F",
        "physics": "-",
        "communication_techniques": "-",
        "problem_solving_techniques": "-",
        "basic_electrical_engineering": "-",
        "programming_in_c": "-"
    },
    "21125098": {
        "engineering_mathematics_i": "-",
        "physics": "-",
        "communication_techniques": "-",
        "problem_solving_techniques": "C",
        "basic_electrical_engineering": "-",
        "programming_in_c": "F"
    },
    "21125100": {
        "engineering_mathematics_i": "-",
        "physics": "-",
        "communication_techniques": "-",
        "problem_solving_techniques": "B",
        "basic_electrical_engineering": "-",
        "programming_in_c": "-"
    },
    "21125102": {
        "engineering_mathematics_i": "-",
        "physics": "-",
        "communication_techniques": "-",
        "problem_solving_techniques": "C+",
        "basic_electrical_engineering": "-",
        "programming_in_c": "-"
    },
    "21125104": {
        "engineering_mathematics_i": "F",
        "physics": "-",
        "communication_techniques": "-",
        "problem_solving_techniques": "-",
        "basic_electrical_engineering": "-",
        "programming_in_c": "-"
    },
    "21125105": {
        "engineering_mathematics_i": "-",
        "physics": "-",
        "communication_techniques": "-",
        "problem_solving_techniques": "Abs",
        "basic_electrical_engineering": "-",
        "programming_in_c": "-"
    },
    "21125110": {
        "engineering_mathematics_i": "Abs",
        "physics": "Abs",
        "communication_techniques": "-",
        "problem_solving_techniques": "Abs",
        "basic_electrical_engineering": "-",
        "programming_in_c": "-"
    },
    "21125116": {
        "engineering_mathematics_i": "-",
        "physics": "-",
        "communication_techniques": "-",
        "problem_solving_techniques": "Abs",
        "basic_electrical_engineering": "F",
        "programming_in_c": "-"
    },
    "21125118": {
        "engineering_mathematics_i": "-",
        "physics": "F",
        "communication_techniques": "-",
        "problem_solving_techniques": "-",
        "basic_electrical_engineering": "-",
        "programming_in_c": "-"
    },
    "21125123": {
        "engineering_mathematics_i": "-",
        "physics": "-",
        "communication_techniques": "-",
        "problem_solving_techniques": "-",
        "basic_electrical_engineering": "-",
        "programming_in_c": "Abs"
    },
    "21125133": {
        "engineering_mathematics_i": "-",
        "physics": "-",
        "communication_techniques": "Withheld",
        "problem_solving_techniques": "F",
        "basic_electrical_engineering": "-",
        "programming_in_c": "-"
    },
    "21125134": {
        "engineering_mathematics_i": "-",
        "physics": "-",
        "communication_techniques": "-",
        "problem_solving_techniques": "A",
        "basic_electrical_engineering": "-",
        "programming_in_c": "-"
    },
    "21125140": {
        "engineering_mathematics_i": "-",
        "physics": "-",
        "communication_techniques": "-",
        "problem_solving_techniques": "-",
        "basic_electrical_engineering": "B-",
        "programming_in_c": "-"
    },
    "21125141": {
        "engineering_mathematics_i": "-",
        "physics": "-",
        "communication_techniques": "-",
        "problem_solving_techniques": "-",
        "basic_electrical_engineering": "A-",
        "programming_in_c": "-"
    },
    "21125142": {
        "engineering_mathematics_i": "-",
        "physics": "Abs",
        "communication_techniques": "-",
        "problem_solving_techniques": "-",
        "basic_electrical_engineering": "-",
        "programming_in_c": "-"
    },
    "21125144": {
        "engineering_mathematics_i": "-",
        "physics": "-",
        "communication_techniques": "-",
        "problem_solving_techniques": "Abs",
        "basic_electrical_engineering": "-",
        "programming_in_c": "-"
    },
    "21125155": {
        "engineering_mathematics_i": "-",
        "physics": "-",
        "communication_techniques": "C+",
        "problem_solving_techniques": "-",
        "basic_electrical_engineering": "-",
        "programming_in_c": "-"
    },
    "21125156": {
        "engineering_mathematics_i": "-",
        "physics": "-",
        "communication_techniques": "-",
        "problem_solving_techniques": "-",
        "basic_electrical_engineering": "C",
        "programming_in_c": "-"
    },
    "21125157": {
        "engineering_mathematics_i": "F",
        "physics": "-",
        "communication_techniques": "-",
        "problem_solving_techniques": "-",
        "basic_electrical_engineering": "-",
        "programming_in_c": "-"
    },
    "21125159": {
        "engineering_mathematics_i": "-",
        "physics": "Abs",
        "communication_techniques": "-",
        "problem_solving_techniques": "-",
        "basic_electrical_engineering": "-",
        "programming_in_c": "-"
    },
    "21125164": {
        "engineering_mathematics_i": "-",
        "physics": "-",
        "communication_techniques": "-",
        "problem_solving_techniques": "-",
        "basic_electrical_engineering": "B-",
        "programming_in_c": "-"
    },
    "21125165": {
        "engineering_mathematics_i": "D+",
        "physics": "F",
        "communication_techniques": "-",
        "problem_solving_techniques": "-",
        "basic_electrical_engineering": "F",
        "programming_in_c": "-"
    },
    "21125167": {
        "engineering_mathematics_i": "-",
        "physics": "-",
        "communication_techniques": "-",
        "problem_solving_techniques": "-",
        "basic_electrical_engineering": "A-",
        "programming_in_c": "-"
    },
    "21125168": {
        "engineering_mathematics_i": "-",
        "physics": "-",
        "communication_techniques": "-",
        "problem_solving_techniques": "Abs",
        "basic_electrical_engineering": "-",
        "programming_in_c": "-"
    },
    "21125173": {
        "engineering_mathematics_i": "-",
        "physics": "-",
        "communication_techniques": "-",
        "problem_solving_techniques": "-",
        "basic_electrical_engineering": "F",
        "programming_in_c": "-"
    },
    "21125178": {
        "engineering_mathematics_i": "F",
        "physics": "-",
        "communication_techniques": "-",
        "problem_solving_techniques": "-",
        "basic_electrical_engineering": "F",
        "programming_in_c": "-"
    },
    "21125179": {
        "engineering_mathematics_i": "-",
        "physics": "-",
        "communication_techniques": "-",
        "problem_solving_techniques": "-",
        "basic_electrical_engineering": "C+",
        "programming_in_c": "-"
    },
    "21125181": {
        "engineering_mathematics_i": "-",
        "physics": "F",
        "communication_techniques": "-",
        "problem_solving_techniques": "-",
        "basic_electrical_engineering": "F",
        "programming_in_c": "-"
    },
    "21125183": {
        "engineering_mathematics_i": "-",
        "physics": "F",
        "communication_techniques": "-",
        "problem_solving_techniques": "-",
        "basic_electrical_engineering": "B+",
        "programming_in_c": "-"
    },
    "21125184": {
        "engineering_mathematics_i": "-",
        "physics": "-",
        "communication_techniques": "-",
        "problem_solving_techniques": "-",
        "basic_electrical_engineering": "F",
        "programming_in_c": "-"
    },
    "21125185": {
        "engineering_mathematics_i": "F",
        "physics": "-",
        "communication_techniques": "-",
        "problem_solving_techniques": "-",
        "basic_electrical_engineering": "F",
        "programming_in_c": "-"
    }
}