{
    "nan": {
        "mobile_and_wireless_communication": "-",
        "engineering_economics": "-",
        "social_and_professional_issues_in_it": "-",
        "project_iii": "-",
        "big_data_technologies": "-"
    },
    "16120009": {
        "mobile_and_wireless_communication": "-",
        "engineering_economics": "C",
        "social_and_professional_issues_in_it": "-",
        "project_iii": "-",
        "big_data_technologies": "-"
    },
    "16120085": {
        "mobile_and_wireless_communication": "-",
        "engineering_economics": "-",
        "social_and_professional_issues_in_it": "-",
        "project_iii": "A",
        "big_data_technologies": "-"
    },
    "17120014": {
        "mobile_and_wireless_communication": "C",
        "engineering_economics": "-",
        "social_and_professional_issues_in_it": "-",
        "project_iii": "-",
        "big_data_technologies": "-"
    },
    "18120002": {
        "mobile_and_wireless_communication": "Abs",
        "engineering_economics": "-",
        "social_and_professional_issues_in_it": "-",
        "project_iii": "-",
        "big_data_technologies": "-"
    },
    "18120006": {
        "mobile_and_wireless_communication": "Abs",
        "engineering_economics": "-",
        "social_and_professional_issues_in_it": "-",
        "project_iii": "-",
        "big_data_technologies": "-"
    },
    "18120017": {
        "mobile_and_wireless_communication": "C",
        "engineering_economics": "-",
        "social_and_professional_issues_in_it": "-",
        "project_iii": "-",
        "big_data_technologies": "-"
    },
    "18120024": {
        "mobile_and_wireless_communication": "Abs",
        "engineering_economics": "-",
        "social_and_professional_issues_in_it": "-",
        "project_iii": "-",
        "big_data_technologies": "-"
    },
    "18120033": {
        "mobile_and_wireless_communication": "D+",
        "engineering_economics": "-",
        "social_and_professional_issues_in_it": "-",
        "project_iii": "-",
        "big_data_technologies": "-"
    },
    "18120038": {
        "mobile_and_wireless_communication": "-",
        "engineering_economics": "F",
        "social_and_professional_issues_in_it": "-",
        "project_iii": "-",
        "big_data_technologies": "-"
    },
    "18120040": {
        "mobile_and_wireless_communication": "C",
        "engineering_economics": "-",
        "social_and_professional_issues_in_it": "-",
        "project_iii": "-",
        "big_data_technologies": "-"
    },
    "18120044": {
        "mobile_and_wireless_communication": "Abs",
        "engineering_economics": "F",
        "social_and_professional_issues_in_it": "-",
        "project_iii": "-",
        "big_data_technologies": "-"
    },
    "18120055": {
        "mobile_and_wireless_communication": "Abs",
        "engineering_economics": "Abs",
        "social_and_professional_issues_in_it": "-",
        "project_iii": "-",
        "big_data_technologies": "-"
    },
    "18120074": {
        "mobile_and_wireless_communication": "-",
        "engineering_economics": "-",
        "social_and_professional_issues_in_it": "Abs",
        "project_iii": "-",
        "big_data_technologies": "-"
    },
    "18120080": {
        "mobile_and_wireless_communication": "F",
        "engineering_economics": "-",
        "social_and_professional_issues_in_it": "-",
        "project_iii": "-",
        "big_data_technologies": "-"
    },
    "18120081": {
        "mobile_and_wireless_communication": "F",
        "engineering_economics": "F",
        "social_and_professional_issues_in_it": "-",
        "project_iii": "-",
        "big_data_technologies": "-"
    },
    "18120084": {
        "mobile_and_wireless_communication": "Abs",
        "engineering_economics": "F",
        "social_and_professional_issues_in_it": "-",
        "project_iii": "-",
        "big_data_technologies": "-"
    },
    "18120097": {
        "mobile_and_wireless_communication": "Abs",
        "engineering_economics": "-",
        "social_and_professional_issues_in_it": "-",
        "project_iii": "-",
        "big_data_technologies": "-"
    },
    "18120101": {
        "mobile_and_wireless_communication": "-",
        "engineering_economics": "C-",
        "social_and_professional_issues_in_it": "-",
        "project_iii": "-",
        "big_data_technologies": "-"
    },
    "18120106": {
        "mobile_and_wireless_communication": "F",
        "engineering_economics": "-",
        "social_and_professional_issues_in_it": "-",
        "project_iii": "-",
        "big_data_technologies": "-"
    },
    "18120108": {
        "mobile_and_wireless_communication": "-",
        "engineering_economics": "Abs",
        "social_and_professional_issues_in_it": "-",
        "project_iii": "-",
        "big_data_technologies": "-"
    },
    "18120112": {
        "mobile_and_wireless_communication": "-",
        "engineering_economics": "-",
        "social_and_professional_issues_in_it": "C+",
        "project_iii": "-",
        "big_data_technologies": "-"
    },
    "18120113": {
        "mobile_and_wireless_communication": "-",
        "engineering_economics": "Abs",
        "social_and_professional_issues_in_it": "-",
        "project_iii": "-",
        "big_data_technologies": "-"
    },
    "18120126": {
        "mobile_and_wireless_communication": "Abs",
        "engineering_economics": "-",
        "social_and_professional_issues_in_it": "-",
        "project_iii": "-",
        "big_data_technologies": "-"
    },
    "18120128": {
        "mobile_and_wireless_communication": "F",
        "engineering_economics": "-",
        "social_and_professional_issues_in_it": "-",
        "project_iii": "-",
        "big_data_technologies": "-"
    },
    "18120132": {
        "mobile_and_wireless_communication": "F",
        "engineering_economics": "-",
        "social_and_professional_issues_in_it": "-",
        "project_iii": "-",
        "big_data_technologies": "-"
    },
    "18120134": {
        "mobile_and_wireless_communication": "Abs",
        "engineering_economics": "-",
        "social_and_professional_issues_in_it": "-",
        "project_iii": "-",
        "big_data_technologies": "-"
    },
    "18120138": {
        "mobile_and_wireless_communication": "-",
        "engineering_economics": "Expelled",
        "social_and_professional_issues_in_it": "-",
        "project_iii": "-",
        "big_data_technologies": "-"
    },
    "18120142": {
        "mobile_and_wireless_communication": "-",
        "engineering_economics": "Abs",
        "social_and_professional_issues_in_it": "-",
        "project_iii": "-",
        "big_data_technologies": "-"
    },
    "18120175": {
        "mobile_and_wireless_communication": "F",
        "engineering_economics": "-",
        "social_and_professional_issues_in_it": "-",
        "project_iii": "-",
        "big_data_technologies": "-"
    },
    "18120188": {
        "mobile_and_wireless_communication": "F",
        "engineering_economics": "-",
        "social_and_professional_issues_in_it": "-",
        "project_iii": "-",
        "big_data_technologies": "-"
    },
    "18120191": {
        "mobile_and_wireless_communication": "-",
        "engineering_economics": "Abs",
        "social_and_professional_issues_in_it": "-",
        "project_iii": "-",
        "big_data_technologies": "-"
    },
    "18120195": {
        "mobile_and_wireless_communication": "-",
        "engineering_economics": "Abs",
        "social_and_professional_issues_in_it": "-",
        "project_iii": "-",
        "big_data_technologies": "-"
    },
    "18120197": {
        "mobile_and_wireless_communication": "Abs",
        "engineering_economics": "Abs",
        "social_and_professional_issues_in_it": "C+",
        "project_iii": "-",
        "big_data_technologies": "-"
    },
    "18120222": {
        "mobile_and_wireless_communication": "C-",
        "engineering_economics": "-",
        "social_and_professional_issues_in_it": "-",
        "project_iii": "-",
        "big_data_technologies": "-"
    },
    "19120002": {
        "mobile_and_wireless_communication": "F",
        "engineering_economics": "-",
        "social_and_professional_issues_in_it": "-",
        "project_iii": "-",
        "big_data_technologies": "-"
    },
    "19120009": {
        "mobile_and_wireless_communication": "-",
        "engineering_economics": "C+",
        "social_and_professional_issues_in_it": "-",
        "project_iii": "-",
        "big_data_technologies": "-"
    },
    "19120010": {
        "mobile_and_wireless_communication": "-",
        "engineering_economics": "F",
        "social_and_professional_issues_in_it": "-",
        "project_iii": "-",
        "big_data_technologies": "-"
    },
    "19120037": {
        "mobile_and_wireless_communication": "-",
        "engineering_economics": "-",
        "social_and_professional_issues_in_it": "-",
        "project_iii": "Incomplete",
        "big_data_technologies": "-"
    },
    "19120039": {
        "mobile_and_wireless_communication": "-",
        "engineering_economics": "C-",
        "social_and_professional_issues_in_it": "-",
        "project_iii": "-",
        "big_data_technologies": "-"
    },
    "19120040": {
        "mobile_and_wireless_communication": "-",
        "engineering_economics": "D+",
        "social_and_professional_issues_in_it": "-",
        "project_iii": "-",
        "big_data_technologies": "-"
    },
    "19120045": {
        "mobile_and_wireless_communication": "-",
        "engineering_economics": "F",
        "social_and_professional_issues_in_it": "-",
        "project_iii": "-",
        "big_data_technologies": "-"
    },
    "19120050": {
        "mobile_and_wireless_communication": "Abs",
        "engineering_economics": "-",
        "social_and_professional_issues_in_it": "-",
        "project_iii": "-",
        "big_data_technologies": "-"
    },
    "19120059": {
        "mobile_and_wireless_communication": "-",
        "engineering_economics": "Abs",
        "social_and_professional_issues_in_it": "-",
        "project_iii": "-",
        "big_data_technologies": "-"
    },
    "19120061": {
        "mobile_and_wireless_communication": "C-",
        "engineering_economics": "-",
        "social_and_professional_issues_in_it": "-",
        "project_iii": "-",
        "big_data_technologies": "-"
    },
    "19120068": {
        "mobile_and_wireless_communication": "-",
        "engineering_economics": "F",
        "social_and_professional_issues_in_it": "-",
        "project_iii": "-",
        "big_data_technologies": "-"
    },
    "19120070": {
        "mobile_and_wireless_communication": "-",
        "engineering_economics": "F",
        "social_and_professional_issues_in_it": "D+",
        "project_iii": "-",
        "big_data_technologies": "-"
    },
    "19120072": {
        "mobile_and_wireless_communication": "-",
        "engineering_economics": "Abs",
        "social_and_professional_issues_in_it": "-",
        "project_iii": "-",
        "big_data_technologies": "-"
    },
    "19120073": {
        "mobile_and_wireless_communication": "-",
        "engineering_economics": "C+",
        "social_and_professional_issues_in_it": "-",
        "project_iii": "-",
        "big_data_technologies": "-"
    },
    "19120074": {
        "mobile_and_wireless_communication": "-",
        "engineering_economics": "C-",
        "social_and_professional_issues_in_it": "-",
        "project_iii": "-",
        "big_data_technologies": "-"
    },
    "19120076": {
        "mobile_and_wireless_communication": "C+",
        "engineering_economics": "-",
        "social_and_professional_issues_in_it": "-",
        "project_iii": "-",
        "big_data_technologies": "-"
    },
    "19120087": {
        "mobile_and_wireless_communication": "-",
        "engineering_economics": "F",
        "social_and_professional_issues_in_it": "Abs",
        "project_iii": "-",
        "big_data_technologies": "-"
    },
    "19120095": {
        "mobile_and_wireless_communication": "-",
        "engineering_economics": "Abs",
        "social_and_professional_issues_in_it": "-",
        "project_iii": "-",
        "big_data_technologies": "-"
    },
    "19120099": {
        "mobile_and_wireless_communication": "C",
        "engineering_economics": "C",
        "social_and_professional_issues_in_it": "-",
        "project_iii": "-",
        "big_data_technologies": "-"
    },
    "19120101": {
        "mobile_and_wireless_communication": "-",
        "engineering_economics": "B-",
        "social_and_professional_issues_in_it": "-",
        "project_iii": "-",
        "big_data_technologies": "-"
    },
    "19120104": {
        "mobile_and_wireless_communication": "F",
        "engineering_economics": "C-",
        "social_and_professional_issues_in_it": "-",
        "project_iii": "-",
        "big_data_technologies": "-"
    },
    "19120108": {
        "mobile_and_wireless_communication": "Abs",
        "engineering_economics": "-",
        "social_and_professional_issues_in_it": "-",
        "project_iii": "-",
        "big_data_technologies": "-"
    },
    "19120109": {
        "mobile_and_wireless_communication": "-",
        "engineering_economics": "Abs",
        "social_and_professional_issues_in_it": "-",
        "project_iii": "-",
        "big_data_technologies": "-"
    },
    "19120123": {
        "mobile_and_wireless_communication": "-",
        "engineering_economics": "F",
        "social_and_professional_issues_in_it": "-",
        "project_iii": "-",
        "big_data_technologies": "-"
    },
    "19120130": {
        "mobile_and_wireless_communication": "-",
        "engineering_economics": "C-",
        "social_and_professional_issues_in_it": "B",
        "project_iii": "-",
        "big_data_technologies": "-"
    },
    "19120137": {
        "mobile_and_wireless_communication": "-",
        "engineering_economics": "-",
        "social_and_professional_issues_in_it": "-",
        "project_iii": "-",
        "big_data_technologies": "A"
    },
    "19120139": {
        "mobile_and_wireless_communication": "-",
        "engineering_economics": "-",
        "social_and_professional_issues_in_it": "C+",
        "project_iii": "-",
        "big_data_technologies": "-"
    },
    "19120140": {
        "mobile_and_wireless_communication": "-",
        "engineering_economics": "F",
        "social_and_professional_issues_in_it": "-",
        "project_iii": "-",
        "big_data_technologies": "B"
    },
    "19120153": {
        "mobile_and_wireless_communication": "Abs",
        "engineering_economics": "Abs",
        "social_and_professional_issues_in_it": "-",
        "project_iii": "-",
        "big_data_technologies": "-"
    },
    "19120154": {
        "mobile_and_wireless_communication": "-",
        "engineering_economics": "Abs",
        "social_and_professional_issues_in_it": "-",
        "project_iii": "-",
        "big_data_technologies": "B"
    },
    "19120158": {
        "mobile_and_wireless_communication": "-",
        "engineering_economics": "-",
        "social_and_professional_issues_in_it": "-",
        "project_iii": "-",
        "big_data_technologies": "B"
    },
    "19120162": {
        "mobile_and_wireless_communication": "-",
        "engineering_economics": "-",
        "social_and_professional_issues_in_it": "-",
        "project_iii": "-",
        "big_data_technologies": "C+"
    },
    "19120165": {
        "mobile_and_wireless_communication": "-",
        "engineering_economics": "F",
        "social_and_professional_issues_in_it": "-",
        "project_iii": "-",
        "big_data_technologies": "-"
    },
    "19120167": {
        "mobile_and_wireless_communication": "F",
        "engineering_economics": "C-",
        "social_and_professional_issues_in_it": "-",
        "project_iii": "-",
        "big_data_technologies": "-"
    },
    "19120177": {
        "mobile_and_wireless_communication": "-",
        "engineering_economics": "-",
        "social_and_professional_issues_in_it": "-",
        "project_iii": "-",
        "big_data_technologies": "B-"
    },
    "19120178": {
        "mobile_and_wireless_communication": "-",
        "engineering_economics": "-",
        "social_and_professional_issues_in_it": "Abs",
        "project_iii": "-",
        "big_data_technologies": "-"
    },
    "19120184": {
        "mobile_and_wireless_communication": "-",
        "engineering_economics": "-",
        "social_and_professional_issues_in_it": "-",
        "project_iii": "-",
        "big_data_technologies": "A-"
    },
    "19120185": {
        "mobile_and_wireless_communication": "-",
        "engineering_economics": "-",
        "social_and_professional_issues_in_it": "-",
        "project_iii": "-",
        "big_data_technologies": "B-"
    }
}