{
    "nan": {
        "engineering_mathematics_ii": "-",
        "network_theory": "-",
        "mathematical_foundation_of_computer_science": "-",
        "electronic_devices": "-",
        "engineering_drawing": "-",
        "object_oriented_programming_in_c++": "-"
    },
    "16120019": {
        "engineering_mathematics_ii": "Abs",
        "network_theory": "-",
        "mathematical_foundation_of_computer_science": "-",
        "electronic_devices": "-",
        "engineering_drawing": "-",
        "object_oriented_programming_in_c++": "-"
    },
    "16120042": {
        "engineering_mathematics_ii": "Abs",
        "network_theory": "Abs",
        "mathematical_foundation_of_computer_science": "-",
        "electronic_devices": "Abs",
        "engineering_drawing": "-",
        "object_oriented_programming_in_c++": "Abs"
    },
    "16120048": {
        "engineering_mathematics_ii": "A-",
        "network_theory": "F",
        "mathematical_foundation_of_computer_science": "-",
        "electronic_devices": "-",
        "engineering_drawing": "-",
        "object_oriented_programming_in_c++": "C+"
    },
    "16120117": {
        "engineering_mathematics_ii": "-",
        "network_theory": "-",
        "mathematical_foundation_of_computer_science": "F",
        "electronic_devices": "-",
        "engineering_drawing": "-",
        "object_oriented_programming_in_c++": "-"
    },
    "17120001": {
        "engineering_mathematics_ii": "-",
        "network_theory": "-",
        "mathematical_foundation_of_computer_science": "-",
        "electronic_devices": "F",
        "engineering_drawing": "-",
        "object_oriented_programming_in_c++": "-"
    },
    "17120002": {
        "engineering_mathematics_ii": "C",
        "network_theory": "B-",
        "mathematical_foundation_of_computer_science": "-",
        "electronic_devices": "C+",
        "engineering_drawing": "-",
        "object_oriented_programming_in_c++": "-"
    },
    "17120008": {
        "engineering_mathematics_ii": "-",
        "network_theory": "-",
        "mathematical_foundation_of_computer_science": "-",
        "electronic_devices": "-",
        "engineering_drawing": "-",
        "object_oriented_programming_in_c++": "F"
    },
    "17120014": {
        "engineering_mathematics_ii": "C+",
        "network_theory": "-",
        "mathematical_foundation_of_computer_science": "-",
        "electronic_devices": "-",
        "engineering_drawing": "-",
        "object_oriented_programming_in_c++": "F"
    },
    "17120049": {
        "engineering_mathematics_ii": "C",
        "network_theory": "Abs",
        "mathematical_foundation_of_computer_science": "-",
        "electronic_devices": "-",
        "engineering_drawing": "-",
        "object_oriented_programming_in_c++": "-"
    },
    "17120059": {
        "engineering_mathematics_ii": "Abs",
        "network_theory": "-",
        "mathematical_foundation_of_computer_science": "-",
        "electronic_devices": "-",
        "engineering_drawing": "-",
        "object_oriented_programming_in_c++": "-"
    },
    "17120063": {
        "engineering_mathematics_ii": "Abs",
        "network_theory": "-",
        "mathematical_foundation_of_computer_science": "-",
        "electronic_devices": "-",
        "engineering_drawing": "-",
        "object_oriented_programming_in_c++": "-"
    },
    "17120081": {
        "engineering_mathematics_ii": "-",
        "network_theory": "-",
        "mathematical_foundation_of_computer_science": "-",
        "electronic_devices": "F",
        "engineering_drawing": "-",
        "object_oriented_programming_in_c++": "-"
    },
    "17120099": {
        "engineering_mathematics_ii": "-",
        "network_theory": "-",
        "mathematical_foundation_of_computer_science": "-",
        "electronic_devices": "F",
        "engineering_drawing": "-",
        "object_oriented_programming_in_c++": "-"
    },
    "17120103": {
        "engineering_mathematics_ii": "-",
        "network_theory": "-",
        "mathematical_foundation_of_computer_science": "Abs",
        "electronic_devices": "-",
        "engineering_drawing": "-",
        "object_oriented_programming_in_c++": "-"
    },
    "17120109": {
        "engineering_mathematics_ii": "-",
        "network_theory": "A",
        "mathematical_foundation_of_computer_science": "-",
        "electronic_devices": "-",
        "engineering_drawing": "-",
        "object_oriented_programming_in_c++": "-"
    },
    "17120115": {
        "engineering_mathematics_ii": "-",
        "network_theory": "-",
        "mathematical_foundation_of_computer_science": "C+",
        "electronic_devices": "Abs",
        "engineering_drawing": "-",
        "object_oriented_programming_in_c++": "B+"
    },
    "17120116": {
        "engineering_mathematics_ii": "-",
        "network_theory": "-",
        "mathematical_foundation_of_computer_science": "-",
        "electronic_devices": "F",
        "engineering_drawing": "-",
        "object_oriented_programming_in_c++": "-"
    },
    "17120120": {
        "engineering_mathematics_ii": "Abs",
        "network_theory": "-",
        "mathematical_foundation_of_computer_science": "-",
        "electronic_devices": "-",
        "engineering_drawing": "-",
        "object_oriented_programming_in_c++": "-"
    },
    "17120123": {
        "engineering_mathematics_ii": "Abs",
        "network_theory": "-",
        "mathematical_foundation_of_computer_science": "-",
        "electronic_devices": "-",
        "engineering_drawing": "-",
        "object_oriented_programming_in_c++": "-"
    },
    "17120127": {
        "engineering_mathematics_ii": "-",
        "network_theory": "-",
        "mathematical_foundation_of_computer_science": "-",
        "electronic_devices": "F",
        "engineering_drawing": "-",
        "object_oriented_programming_in_c++": "-"
    },
    "17120129": {
        "engineering_mathematics_ii": "-",
        "network_theory": "F",
        "mathematical_foundation_of_computer_science": "-",
        "electronic_devices": "-",
        "engineering_drawing": "-",
        "object_oriented_programming_in_c++": "-"
    },
    "17120133": {
        "engineering_mathematics_ii": "-",
        "network_theory": "-",
        "mathematical_foundation_of_computer_science": "F",
        "electronic_devices": "-",
        "engineering_drawing": "-",
        "object_oriented_programming_in_c++": "-"
    },
    "17120141": {
        "engineering_mathematics_ii": "-",
        "network_theory": "-",
        "mathematical_foundation_of_computer_science": "-",
        "electronic_devices": "Abs",
        "engineering_drawing": "-",
        "object_oriented_programming_in_c++": "-"
    },
    "17180056": {
        "engineering_mathematics_ii": "Abs",
        "network_theory": "-",
        "mathematical_foundation_of_computer_science": "-",
        "electronic_devices": "Abs",
        "engineering_drawing": "-",
        "object_oriented_programming_in_c++": "-"
    },
    "18120002": {
        "engineering_mathematics_ii": "-",
        "network_theory": "-",
        "mathematical_foundation_of_computer_science": "Abs",
        "electronic_devices": "-",
        "engineering_drawing": "-",
        "object_oriented_programming_in_c++": "-"
    },
    "18120004": {
        "engineering_mathematics_ii": "-",
        "network_theory": "B+",
        "mathematical_foundation_of_computer_science": "-",
        "electronic_devices": "-",
        "engineering_drawing": "-",
        "object_oriented_programming_in_c++": "-"
    },
    "18120006": {
        "engineering_mathematics_ii": "-",
        "network_theory": "-",
        "mathematical_foundation_of_computer_science": "-",
        "electronic_devices": "-",
        "engineering_drawing": "-",
        "object_oriented_programming_in_c++": "F"
    },
    "18120007": {
        "engineering_mathematics_ii": "-",
        "network_theory": "F",
        "mathematical_foundation_of_computer_science": "-",
        "electronic_devices": "-",
        "engineering_drawing": "-",
        "object_oriented_programming_in_c++": "-"
    },
    "18120032": {
        "engineering_mathematics_ii": "-",
        "network_theory": "-",
        "mathematical_foundation_of_computer_science": "C-",
        "electronic_devices": "-",
        "engineering_drawing": "-",
        "object_oriented_programming_in_c++": "-"
    },
    "18120033": {
        "engineering_mathematics_ii": "F",
        "network_theory": "-",
        "mathematical_foundation_of_computer_science": "-",
        "electronic_devices": "-",
        "engineering_drawing": "-",
        "object_oriented_programming_in_c++": "-"
    },
    "18120044": {
        "engineering_mathematics_ii": "-",
        "network_theory": "-",
        "mathematical_foundation_of_computer_science": "-",
        "electronic_devices": "F",
        "engineering_drawing": "-",
        "object_oriented_programming_in_c++": "F"
    },
    "18120046": {
        "engineering_mathematics_ii": "-",
        "network_theory": "-",
        "mathematical_foundation_of_computer_science": "C",
        "electronic_devices": "-",
        "engineering_drawing": "-",
        "object_oriented_programming_in_c++": "-"
    },
    "18120052": {
        "engineering_mathematics_ii": "-",
        "network_theory": "-",
        "mathematical_foundation_of_computer_science": "-",
        "electronic_devices": "-",
        "engineering_drawing": "-",
        "object_oriented_programming_in_c++": "F"
    },
    "18120053": {
        "engineering_mathematics_ii": "-",
        "network_theory": "F",
        "mathematical_foundation_of_computer_science": "C+",
        "electronic_devices": "-",
        "engineering_drawing": "-",
        "object_oriented_programming_in_c++": "-"
    },
    "18120064": {
        "engineering_mathematics_ii": "-",
        "network_theory": "-",
        "mathematical_foundation_of_computer_science": "B",
        "electronic_devices": "C-",
        "engineering_drawing": "-",
        "object_oriented_programming_in_c++": "-"
    },
    "18120065": {
        "engineering_mathematics_ii": "-",
        "network_theory": "-",
        "mathematical_foundation_of_computer_science": "Abs",
        "electronic_devices": "-",
        "engineering_drawing": "-",
        "object_oriented_programming_in_c++": "F"
    },
    "18120078": {
        "engineering_mathematics_ii": "-",
        "network_theory": "-",
        "mathematical_foundation_of_computer_science": "Abs",
        "electronic_devices": "-",
        "engineering_drawing": "-",
        "object_oriented_programming_in_c++": "-"
    },
    "18120080": {
        "engineering_mathematics_ii": "-",
        "network_theory": "-",
        "mathematical_foundation_of_computer_science": "-",
        "electronic_devices": "-",
        "engineering_drawing": "-",
        "object_oriented_programming_in_c++": "B+"
    },
    "18120081": {
        "engineering_mathematics_ii": "Expelled",
        "network_theory": "-",
        "mathematical_foundation_of_computer_science": "-",
        "electronic_devices": "-",
        "engineering_drawing": "-",
        "object_oriented_programming_in_c++": "-"
    },
    "18120088": {
        "engineering_mathematics_ii": "-",
        "network_theory": "-",
        "mathematical_foundation_of_computer_science": "C",
        "electronic_devices": "-",
        "engineering_drawing": "-",
        "object_oriented_programming_in_c++": "-"
    },
    "18120097": {
        "engineering_mathematics_ii": "Abs",
        "network_theory": "-",
        "mathematical_foundation_of_computer_science": "Abs",
        "electronic_devices": "-",
        "engineering_drawing": "-",
        "object_oriented_programming_in_c++": "-"
    },
    "18120101": {
        "engineering_mathematics_ii": "B+",
        "network_theory": "-",
        "mathematical_foundation_of_computer_science": "-",
        "electronic_devices": "Abs",
        "engineering_drawing": "-",
        "object_oriented_programming_in_c++": "-"
    },
    "18120104": {
        "engineering_mathematics_ii": "-",
        "network_theory": "-",
        "mathematical_foundation_of_computer_science": "-",
        "electronic_devices": "F",
        "engineering_drawing": "-",
        "object_oriented_programming_in_c++": "-"
    },
    "18120106": {
        "engineering_mathematics_ii": "-",
        "network_theory": "-",
        "mathematical_foundation_of_computer_science": "Abs",
        "electronic_devices": "-",
        "engineering_drawing": "-",
        "object_oriented_programming_in_c++": "-"
    },
    "18120108": {
        "engineering_mathematics_ii": "-",
        "network_theory": "Abs",
        "mathematical_foundation_of_computer_science": "Abs",
        "electronic_devices": "Abs",
        "engineering_drawing": "-",
        "object_oriented_programming_in_c++": "-"
    },
    "18120111": {
        "engineering_mathematics_ii": "-",
        "network_theory": "A-",
        "mathematical_foundation_of_computer_science": "Abs",
        "electronic_devices": "B",
        "engineering_drawing": "-",
        "object_oriented_programming_in_c++": "-"
    },
    "18120112": {
        "engineering_mathematics_ii": "-",
        "network_theory": "-",
        "mathematical_foundation_of_computer_science": "F",
        "electronic_devices": "-",
        "engineering_drawing": "-",
        "object_oriented_programming_in_c++": "-"
    },
    "18120113": {
        "engineering_mathematics_ii": "-",
        "network_theory": "Abs",
        "mathematical_foundation_of_computer_science": "Abs",
        "electronic_devices": "-",
        "engineering_drawing": "-",
        "object_oriented_programming_in_c++": "Abs"
    },
    "18120115": {
        "engineering_mathematics_ii": "-",
        "network_theory": "-",
        "mathematical_foundation_of_computer_science": "-",
        "electronic_devices": "F",
        "engineering_drawing": "-",
        "object_oriented_programming_in_c++": "-"
    },
    "18120118": {
        "engineering_mathematics_ii": "-",
        "network_theory": "-",
        "mathematical_foundation_of_computer_science": "Abs",
        "electronic_devices": "-",
        "engineering_drawing": "-",
        "object_oriented_programming_in_c++": "Abs"
    },
    "18120120": {
        "engineering_mathematics_ii": "-",
        "network_theory": "-",
        "mathematical_foundation_of_computer_science": "-",
        "electronic_devices": "-",
        "engineering_drawing": "B",
        "object_oriented_programming_in_c++": "-"
    },
    "18120126": {
        "engineering_mathematics_ii": "Abs",
        "network_theory": "-",
        "mathematical_foundation_of_computer_science": "Abs",
        "electronic_devices": "-",
        "engineering_drawing": "-",
        "object_oriented_programming_in_c++": "Abs"
    },
    "18120128": {
        "engineering_mathematics_ii": "-",
        "network_theory": "Abs",
        "mathematical_foundation_of_computer_science": "Abs",
        "electronic_devices": "-",
        "engineering_drawing": "-",
        "object_oriented_programming_in_c++": "-"
    },
    "18120132": {
        "engineering_mathematics_ii": "-",
        "network_theory": "-",
        "mathematical_foundation_of_computer_science": "Abs",
        "electronic_devices": "-",
        "engineering_drawing": "-",
        "object_oriented_programming_in_c++": "F"
    },
    "18120134": {
        "engineering_mathematics_ii": "B-",
        "network_theory": "-",
        "mathematical_foundation_of_computer_science": "-",
        "electronic_devices": "-",
        "engineering_drawing": "-",
        "object_oriented_programming_in_c++": "-"
    },
    "18120138": {
        "engineering_mathematics_ii": "-",
        "network_theory": "Abs",
        "mathematical_foundation_of_computer_science": "Abs",
        "electronic_devices": "-",
        "engineering_drawing": "-",
        "object_oriented_programming_in_c++": "-"
    },
    "18120142": {
        "engineering_mathematics_ii": "F",
        "network_theory": "Abs",
        "mathematical_foundation_of_computer_science": "-",
        "electronic_devices": "-",
        "engineering_drawing": "-",
        "object_oriented_programming_in_c++": "F"
    },
    "18120146": {
        "engineering_mathematics_ii": "-",
        "network_theory": "C+",
        "mathematical_foundation_of_computer_science": "-",
        "electronic_devices": "F",
        "engineering_drawing": "-",
        "object_oriented_programming_in_c++": "-"
    },
    "18120150": {
        "engineering_mathematics_ii": "Abs",
        "network_theory": "-",
        "mathematical_foundation_of_computer_science": "Abs",
        "electronic_devices": "-",
        "engineering_drawing": "-",
        "object_oriented_programming_in_c++": "-"
    },
    "18120154": {
        "engineering_mathematics_ii": "-",
        "network_theory": "F",
        "mathematical_foundation_of_computer_science": "Abs",
        "electronic_devices": "-",
        "engineering_drawing": "-",
        "object_oriented_programming_in_c++": "-"
    },
    "18120155": {
        "engineering_mathematics_ii": "-",
        "network_theory": "-",
        "mathematical_foundation_of_computer_science": "-",
        "electronic_devices": "F",
        "engineering_drawing": "-",
        "object_oriented_programming_in_c++": "-"
    },
    "18120171": {
        "engineering_mathematics_ii": "F",
        "network_theory": "F",
        "mathematical_foundation_of_computer_science": "-",
        "electronic_devices": "-",
        "engineering_drawing": "-",
        "object_oriented_programming_in_c++": "-"
    },
    "18120175": {
        "engineering_mathematics_ii": "F",
        "network_theory": "-",
        "mathematical_foundation_of_computer_science": "-",
        "electronic_devices": "-",
        "engineering_drawing": "-",
        "object_oriented_programming_in_c++": "-"
    },
    "18120176": {
        "engineering_mathematics_ii": "A-",
        "network_theory": "B+",
        "mathematical_foundation_of_computer_science": "-",
        "electronic_devices": "-",
        "engineering_drawing": "-",
        "object_oriented_programming_in_c++": "-"
    },
    "18120188": {
        "engineering_mathematics_ii": "F",
        "network_theory": "Abs",
        "mathematical_foundation_of_computer_science": "-",
        "electronic_devices": "-",
        "engineering_drawing": "-",
        "object_oriented_programming_in_c++": "-"
    },
    "18120191": {
        "engineering_mathematics_ii": "Abs",
        "network_theory": "-",
        "mathematical_foundation_of_computer_science": "Abs",
        "electronic_devices": "-",
        "engineering_drawing": "-",
        "object_oriented_programming_in_c++": "Abs"
    },
    "18120199": {
        "engineering_mathematics_ii": "-",
        "network_theory": "F",
        "mathematical_foundation_of_computer_science": "-",
        "electronic_devices": "-",
        "engineering_drawing": "-",
        "object_oriented_programming_in_c++": "-"
    },
    "18120220": {
        "engineering_mathematics_ii": "-",
        "network_theory": "-",
        "mathematical_foundation_of_computer_science": "-",
        "electronic_devices": "-",
        "engineering_drawing": "-",
        "object_oriented_programming_in_c++": "Abs"
    },
    "18120222": {
        "engineering_mathematics_ii": "-",
        "network_theory": "Abs",
        "mathematical_foundation_of_computer_science": "-",
        "electronic_devices": "-",
        "engineering_drawing": "-",
        "object_oriented_programming_in_c++": "-"
    },
    "19120001": {
        "engineering_mathematics_ii": "-",
        "network_theory": "-",
        "mathematical_foundation_of_computer_science": "-",
        "electronic_devices": "F",
        "engineering_drawing": "-",
        "object_oriented_programming_in_c++": "-"
    },
    "19120002": {
        "engineering_mathematics_ii": "-",
        "network_theory": "Abs",
        "mathematical_foundation_of_computer_science": "-",
        "electronic_devices": "-",
        "engineering_drawing": "-",
        "object_oriented_programming_in_c++": "Abs"
    },
    "19120006": {
        "engineering_mathematics_ii": "F",
        "network_theory": "-",
        "mathematical_foundation_of_computer_science": "-",
        "electronic_devices": "F",
        "engineering_drawing": "-",
        "object_oriented_programming_in_c++": "Abs"
    },
    "19120009": {
        "engineering_mathematics_ii": "-",
        "network_theory": "-",
        "mathematical_foundation_of_computer_science": "A",
        "electronic_devices": "-",
        "engineering_drawing": "-",
        "object_oriented_programming_in_c++": "-"
    },
    "19120010": {
        "engineering_mathematics_ii": "-",
        "network_theory": "-",
        "mathematical_foundation_of_computer_science": "Abs",
        "electronic_devices": "-",
        "engineering_drawing": "-",
        "object_oriented_programming_in_c++": "-"
    },
    "19120013": {
        "engineering_mathematics_ii": "-",
        "network_theory": "-",
        "mathematical_foundation_of_computer_science": "-",
        "electronic_devices": "-",
        "engineering_drawing": "-",
        "object_oriented_programming_in_c++": "Abs"
    },
    "19120033": {
        "engineering_mathematics_ii": "-",
        "network_theory": "-",
        "mathematical_foundation_of_computer_science": "-",
        "electronic_devices": "-",
        "engineering_drawing": "B-",
        "object_oriented_programming_in_c++": "-"
    },
    "19120035": {
        "engineering_mathematics_ii": "-",
        "network_theory": "-",
        "mathematical_foundation_of_computer_science": "-",
        "electronic_devices": "F",
        "engineering_drawing": "-",
        "object_oriented_programming_in_c++": "C+"
    },
    "19120040": {
        "engineering_mathematics_ii": "-",
        "network_theory": "-",
        "mathematical_foundation_of_computer_science": "F",
        "electronic_devices": "-",
        "engineering_drawing": "B-",
        "object_oriented_programming_in_c++": "-"
    },
    "19120041": {
        "engineering_mathematics_ii": "-",
        "network_theory": "-",
        "mathematical_foundation_of_computer_science": "-",
        "electronic_devices": "-",
        "engineering_drawing": "Abs",
        "object_oriented_programming_in_c++": "-"
    },
    "19120044": {
        "engineering_mathematics_ii": "-",
        "network_theory": "-",
        "mathematical_foundation_of_computer_science": "F",
        "electronic_devices": "-",
        "engineering_drawing": "B",
        "object_oriented_programming_in_c++": "F"
    },
    "19120045": {
        "engineering_mathematics_ii": "-",
        "network_theory": "-",
        "mathematical_foundation_of_computer_science": "F",
        "electronic_devices": "-",
        "engineering_drawing": "B+",
        "object_oriented_programming_in_c++": "-"
    },
    "19120046": {
        "engineering_mathematics_ii": "-",
        "network_theory": "-",
        "mathematical_foundation_of_computer_science": "D+",
        "electronic_devices": "C",
        "engineering_drawing": "-",
        "object_oriented_programming_in_c++": "-"
    },
    "19120047": {
        "engineering_mathematics_ii": "-",
        "network_theory": "C+",
        "mathematical_foundation_of_computer_science": "B-",
        "electronic_devices": "-",
        "engineering_drawing": "-",
        "object_oriented_programming_in_c++": "-"
    },
    "19120048": {
        "engineering_mathematics_ii": "-",
        "network_theory": "-",
        "mathematical_foundation_of_computer_science": "F",
        "electronic_devices": "-",
        "engineering_drawing": "-",
        "object_oriented_programming_in_c++": "-"
    },
    "19120049": {
        "engineering_mathematics_ii": "-",
        "network_theory": "Abs",
        "mathematical_foundation_of_computer_science": "-",
        "electronic_devices": "Abs",
        "engineering_drawing": "-",
        "object_oriented_programming_in_c++": "-"
    },
    "19120050": {
        "engineering_mathematics_ii": "-",
        "network_theory": "-",
        "mathematical_foundation_of_computer_science": "-",
        "electronic_devices": "Abs",
        "engineering_drawing": "-",
        "object_oriented_programming_in_c++": "-"
    },
    "19120057": {
        "engineering_mathematics_ii": "-",
        "network_theory": "-",
        "mathematical_foundation_of_computer_science": "Abs",
        "electronic_devices": "-",
        "engineering_drawing": "-",
        "object_oriented_programming_in_c++": "Abs"
    },
    "19120059": {
        "engineering_mathematics_ii": "-",
        "network_theory": "F",
        "mathematical_foundation_of_computer_science": "-",
        "electronic_devices": "F",
        "engineering_drawing": "B+",
        "object_oriented_programming_in_c++": "-"
    },
    "19120061": {
        "engineering_mathematics_ii": "-",
        "network_theory": "B+",
        "mathematical_foundation_of_computer_science": "-",
        "electronic_devices": "-",
        "engineering_drawing": "-",
        "object_oriented_programming_in_c++": "-"
    },
    "19120064": {
        "engineering_mathematics_ii": "-",
        "network_theory": "-",
        "mathematical_foundation_of_computer_science": "-",
        "electronic_devices": "F",
        "engineering_drawing": "-",
        "object_oriented_programming_in_c++": "C-"
    },
    "19120065": {
        "engineering_mathematics_ii": "-",
        "network_theory": "F",
        "mathematical_foundation_of_computer_science": "-",
        "electronic_devices": "F",
        "engineering_drawing": "-",
        "object_oriented_programming_in_c++": "-"
    },
    "19120068": {
        "engineering_mathematics_ii": "-",
        "network_theory": "Abs",
        "mathematical_foundation_of_computer_science": "-",
        "electronic_devices": "Abs",
        "engineering_drawing": "-",
        "object_oriented_programming_in_c++": "-"
    },
    "19120069": {
        "engineering_mathematics_ii": "-",
        "network_theory": "-",
        "mathematical_foundation_of_computer_science": "-",
        "electronic_devices": "Abs",
        "engineering_drawing": "-",
        "object_oriented_programming_in_c++": "-"
    },
    "19120070": {
        "engineering_mathematics_ii": "-",
        "network_theory": "-",
        "mathematical_foundation_of_computer_science": "F",
        "electronic_devices": "-",
        "engineering_drawing": "-",
        "object_oriented_programming_in_c++": "-"
    },
    "19120074": {
        "engineering_mathematics_ii": "-",
        "network_theory": "-",
        "mathematical_foundation_of_computer_science": "F",
        "electronic_devices": "F",
        "engineering_drawing": "-",
        "object_oriented_programming_in_c++": "-"
    },
    "19120075": {
        "engineering_mathematics_ii": "-",
        "network_theory": "-",
        "mathematical_foundation_of_computer_science": "B",
        "electronic_devices": "-",
        "engineering_drawing": "-",
        "object_oriented_programming_in_c++": "-"
    },
    "19120079": {
        "engineering_mathematics_ii": "-",
        "network_theory": "-",
        "mathematical_foundation_of_computer_science": "-",
        "electronic_devices": "Abs",
        "engineering_drawing": "-",
        "object_oriented_programming_in_c++": "-"
    },
    "19120080": {
        "engineering_mathematics_ii": "-",
        "network_theory": "C+",
        "mathematical_foundation_of_computer_science": "-",
        "electronic_devices": "-",
        "engineering_drawing": "-",
        "object_oriented_programming_in_c++": "-"
    },
    "19120081": {
        "engineering_mathematics_ii": "-",
        "network_theory": "A",
        "mathematical_foundation_of_computer_science": "-",
        "electronic_devices": "-",
        "engineering_drawing": "-",
        "object_oriented_programming_in_c++": "-"
    },
    "19120085": {
        "engineering_mathematics_ii": "-",
        "network_theory": "-",
        "mathematical_foundation_of_computer_science": "F",
        "electronic_devices": "F",
        "engineering_drawing": "-",
        "object_oriented_programming_in_c++": "-"
    },
    "19120087": {
        "engineering_mathematics_ii": "-",
        "network_theory": "-",
        "mathematical_foundation_of_computer_science": "F",
        "electronic_devices": "F",
        "engineering_drawing": "-",
        "object_oriented_programming_in_c++": "-"
    },
    "19120088": {
        "engineering_mathematics_ii": "-",
        "network_theory": "-",
        "mathematical_foundation_of_computer_science": "-",
        "electronic_devices": "-",
        "engineering_drawing": "Abs",
        "object_oriented_programming_in_c++": "Abs"
    },
    "19120091": {
        "engineering_mathematics_ii": "-",
        "network_theory": "B",
        "mathematical_foundation_of_computer_science": "-",
        "electronic_devices": "-",
        "engineering_drawing": "-",
        "object_oriented_programming_in_c++": "-"
    },
    "19120092": {
        "engineering_mathematics_ii": "-",
        "network_theory": "F",
        "mathematical_foundation_of_computer_science": "-",
        "electronic_devices": "F",
        "engineering_drawing": "-",
        "object_oriented_programming_in_c++": "F"
    },
    "19120095": {
        "engineering_mathematics_ii": "-",
        "network_theory": "C+",
        "mathematical_foundation_of_computer_science": "-",
        "electronic_devices": "B-",
        "engineering_drawing": "-",
        "object_oriented_programming_in_c++": "-"
    },
    "19120100": {
        "engineering_mathematics_ii": "-",
        "network_theory": "F",
        "mathematical_foundation_of_computer_science": "-",
        "electronic_devices": "-",
        "engineering_drawing": "-",
        "object_oriented_programming_in_c++": "B+"
    },
    "19120108": {
        "engineering_mathematics_ii": "-",
        "network_theory": "-",
        "mathematical_foundation_of_computer_science": "Abs",
        "electronic_devices": "-",
        "engineering_drawing": "-",
        "object_oriented_programming_in_c++": "-"
    },
    "19120111": {
        "engineering_mathematics_ii": "-",
        "network_theory": "-",
        "mathematical_foundation_of_computer_science": "A-",
        "electronic_devices": "F",
        "engineering_drawing": "-",
        "object_oriented_programming_in_c++": "-"
    },
    "19120115": {
        "engineering_mathematics_ii": "-",
        "network_theory": "-",
        "mathematical_foundation_of_computer_science": "-",
        "electronic_devices": "-",
        "engineering_drawing": "-",
        "object_oriented_programming_in_c++": "F"
    },
    "19120123": {
        "engineering_mathematics_ii": "-",
        "network_theory": "-",
        "mathematical_foundation_of_computer_science": "-",
        "electronic_devices": "F",
        "engineering_drawing": "-",
        "object_oriented_programming_in_c++": "-"
    },
    "19120130": {
        "engineering_mathematics_ii": "-",
        "network_theory": "F",
        "mathematical_foundation_of_computer_science": "F",
        "electronic_devices": "-",
        "engineering_drawing": "-",
        "object_oriented_programming_in_c++": "-"
    },
    "19120133": {
        "engineering_mathematics_ii": "-",
        "network_theory": "F",
        "mathematical_foundation_of_computer_science": "-",
        "electronic_devices": "-",
        "engineering_drawing": "-",
        "object_oriented_programming_in_c++": "-"
    },
    "19120136": {
        "engineering_mathematics_ii": "-",
        "network_theory": "-",
        "mathematical_foundation_of_computer_science": "C-",
        "electronic_devices": "-",
        "engineering_drawing": "-",
        "object_oriented_programming_in_c++": "-"
    },
    "19120145": {
        "engineering_mathematics_ii": "-",
        "network_theory": "-",
        "mathematical_foundation_of_computer_science": "-",
        "electronic_devices": "-",
        "engineering_drawing": "-",
        "object_oriented_programming_in_c++": "Abs"
    },
    "19120153": {
        "engineering_mathematics_ii": "-",
        "network_theory": "-",
        "mathematical_foundation_of_computer_science": "Abs",
        "electronic_devices": "Abs",
        "engineering_drawing": "-",
        "object_oriented_programming_in_c++": "Abs"
    },
    "19120154": {
        "engineering_mathematics_ii": "-",
        "network_theory": "-",
        "mathematical_foundation_of_computer_science": "-",
        "electronic_devices": "-",
        "engineering_drawing": "-",
        "object_oriented_programming_in_c++": "F"
    },
    "19120158": {
        "engineering_mathematics_ii": "-",
        "network_theory": "C+",
        "mathematical_foundation_of_computer_science": "-",
        "electronic_devices": "-",
        "engineering_drawing": "-",
        "object_oriented_programming_in_c++": "F"
    },
    "19120161": {
        "engineering_mathematics_ii": "-",
        "network_theory": "-",
        "mathematical_foundation_of_computer_science": "A",
        "electronic_devices": "-",
        "engineering_drawing": "-",
        "object_oriented_programming_in_c++": "-"
    },
    "19120162": {
        "engineering_mathematics_ii": "-",
        "network_theory": "C+",
        "mathematical_foundation_of_computer_science": "-",
        "electronic_devices": "-",
        "engineering_drawing": "-",
        "object_oriented_programming_in_c++": "-"
    },
    "19120163": {
        "engineering_mathematics_ii": "-",
        "network_theory": "-",
        "mathematical_foundation_of_computer_science": "F",
        "electronic_devices": "-",
        "engineering_drawing": "-",
        "object_oriented_programming_in_c++": "-"
    },
    "19120165": {
        "engineering_mathematics_ii": "-",
        "network_theory": "B",
        "mathematical_foundation_of_computer_science": "-",
        "electronic_devices": "-",
        "engineering_drawing": "-",
        "object_oriented_programming_in_c++": "-"
    },
    "19120167": {
        "engineering_mathematics_ii": "-",
        "network_theory": "-",
        "mathematical_foundation_of_computer_science": "-",
        "electronic_devices": "-",
        "engineering_drawing": "-",
        "object_oriented_programming_in_c++": "C+"
    },
    "19120169": {
        "engineering_mathematics_ii": "-",
        "network_theory": "-",
        "mathematical_foundation_of_computer_science": "-",
        "electronic_devices": "-",
        "engineering_drawing": "-",
        "object_oriented_programming_in_c++": "Abs"
    },
    "19120171": {
        "engineering_mathematics_ii": "-",
        "network_theory": "F",
        "mathematical_foundation_of_computer_science": "F",
        "electronic_devices": "-",
        "engineering_drawing": "-",
        "object_oriented_programming_in_c++": "-"
    },
    "19120175": {
        "engineering_mathematics_ii": "-",
        "network_theory": "-",
        "mathematical_foundation_of_computer_science": "B-",
        "electronic_devices": "Abs",
        "engineering_drawing": "-",
        "object_oriented_programming_in_c++": "-"
    },
    "19120179": {
        "engineering_mathematics_ii": "-",
        "network_theory": "-",
        "mathematical_foundation_of_computer_science": "F",
        "electronic_devices": "Expelled",
        "engineering_drawing": "-",
        "object_oriented_programming_in_c++": "-"
    },
    "20120002": {
        "engineering_mathematics_ii": "-",
        "network_theory": "-",
        "mathematical_foundation_of_computer_science": "-",
        "electronic_devices": "B-",
        "engineering_drawing": "-",
        "object_oriented_programming_in_c++": "-"
    },
    "20120003": {
        "engineering_mathematics_ii": "-",
        "network_theory": "-",
        "mathematical_foundation_of_computer_science": "-",
        "electronic_devices": "-",
        "engineering_drawing": "F",
        "object_oriented_programming_in_c++": "-"
    },
    "20120007": {
        "engineering_mathematics_ii": "-",
        "network_theory": "-",
        "mathematical_foundation_of_computer_science": "-",
        "electronic_devices": "-",
        "engineering_drawing": "B",
        "object_oriented_programming_in_c++": "-"
    },
    "20120009": {
        "engineering_mathematics_ii": "-",
        "network_theory": "-",
        "mathematical_foundation_of_computer_science": "Abs",
        "electronic_devices": "-",
        "engineering_drawing": "-",
        "object_oriented_programming_in_c++": "-"
    },
    "20120011": {
        "engineering_mathematics_ii": "-",
        "network_theory": "-",
        "mathematical_foundation_of_computer_science": "-",
        "electronic_devices": "-",
        "engineering_drawing": "Abs",
        "object_oriented_programming_in_c++": "-"
    },
    "20120017": {
        "engineering_mathematics_ii": "-",
        "network_theory": "-",
        "mathematical_foundation_of_computer_science": "-",
        "electronic_devices": "-",
        "engineering_drawing": "F",
        "object_oriented_programming_in_c++": "-"
    },
    "20120030": {
        "engineering_mathematics_ii": "-",
        "network_theory": "-",
        "mathematical_foundation_of_computer_science": "-",
        "electronic_devices": "-",
        "engineering_drawing": "B",
        "object_oriented_programming_in_c++": "-"
    },
    "20120042": {
        "engineering_mathematics_ii": "-",
        "network_theory": "-",
        "mathematical_foundation_of_computer_science": "-",
        "electronic_devices": "-",
        "engineering_drawing": "Abs",
        "object_oriented_programming_in_c++": "-"
    },
    "20120048": {
        "engineering_mathematics_ii": "-",
        "network_theory": "-",
        "mathematical_foundation_of_computer_science": "-",
        "electronic_devices": "Abs",
        "engineering_drawing": "-",
        "object_oriented_programming_in_c++": "-"
    },
    "20120051": {
        "engineering_mathematics_ii": "-",
        "network_theory": "-",
        "mathematical_foundation_of_computer_science": "-",
        "electronic_devices": "B",
        "engineering_drawing": "-",
        "object_oriented_programming_in_c++": "-"
    },
    "20120052": {
        "engineering_mathematics_ii": "-",
        "network_theory": "-",
        "mathematical_foundation_of_computer_science": "-",
        "electronic_devices": "-",
        "engineering_drawing": "Abs",
        "object_oriented_programming_in_c++": "-"
    },
    "20120058": {
        "engineering_mathematics_ii": "-",
        "network_theory": "-",
        "mathematical_foundation_of_computer_science": "-",
        "electronic_devices": "-",
        "engineering_drawing": "B",
        "object_oriented_programming_in_c++": "-"
    },
    "20120062": {
        "engineering_mathematics_ii": "C+",
        "network_theory": "-",
        "mathematical_foundation_of_computer_science": "-",
        "electronic_devices": "-",
        "engineering_drawing": "-",
        "object_oriented_programming_in_c++": "-"
    },
    "20120063": {
        "engineering_mathematics_ii": "-",
        "network_theory": "-",
        "mathematical_foundation_of_computer_science": "-",
        "electronic_devices": "-",
        "engineering_drawing": "A-",
        "object_oriented_programming_in_c++": "-"
    },
    "20120064": {
        "engineering_mathematics_ii": "-",
        "network_theory": "Abs",
        "mathematical_foundation_of_computer_science": "-",
        "electronic_devices": "-",
        "engineering_drawing": "B+",
        "object_oriented_programming_in_c++": "-"
    },
    "20120066": {
        "engineering_mathematics_ii": "-",
        "network_theory": "Abs",
        "mathematical_foundation_of_computer_science": "-",
        "electronic_devices": "-",
        "engineering_drawing": "-",
        "object_oriented_programming_in_c++": "-"
    },
    "20120071": {
        "engineering_mathematics_ii": "-",
        "network_theory": "-",
        "mathematical_foundation_of_computer_science": "-",
        "electronic_devices": "-",
        "engineering_drawing": "A-",
        "object_oriented_programming_in_c++": "-"
    },
    "20120077": {
        "engineering_mathematics_ii": "-",
        "network_theory": "-",
        "mathematical_foundation_of_computer_science": "-",
        "electronic_devices": "-",
        "engineering_drawing": "A",
        "object_oriented_programming_in_c++": "-"
    },
    "20120082": {
        "engineering_mathematics_ii": "-",
        "network_theory": "-",
        "mathematical_foundation_of_computer_science": "-",
        "electronic_devices": "-",
        "engineering_drawing": "A",
        "object_oriented_programming_in_c++": "-"
    },
    "20120083": {
        "engineering_mathematics_ii": "-",
        "network_theory": "Abs",
        "mathematical_foundation_of_computer_science": "-",
        "electronic_devices": "-",
        "engineering_drawing": "-",
        "object_oriented_programming_in_c++": "-"
    },
    "20120086": {
        "engineering_mathematics_ii": "-",
        "network_theory": "-",
        "mathematical_foundation_of_computer_science": "-",
        "electronic_devices": "Abs",
        "engineering_drawing": "-",
        "object_oriented_programming_in_c++": "-"
    },
    "20120097": {
        "engineering_mathematics_ii": "-",
        "network_theory": "-",
        "mathematical_foundation_of_computer_science": "-",
        "electronic_devices": "-",
        "engineering_drawing": "F",
        "object_oriented_programming_in_c++": "-"
    },
    "20120123": {
        "engineering_mathematics_ii": "-",
        "network_theory": "-",
        "mathematical_foundation_of_computer_science": "-",
        "electronic_devices": "-",
        "engineering_drawing": "B",
        "object_oriented_programming_in_c++": "-"
    },
    "20120129": {
        "engineering_mathematics_ii": "-",
        "network_theory": "Abs",
        "mathematical_foundation_of_computer_science": "-",
        "electronic_devices": "-",
        "engineering_drawing": "-",
        "object_oriented_programming_in_c++": "-"
    },
    "20120137": {
        "engineering_mathematics_ii": "-",
        "network_theory": "-",
        "mathematical_foundation_of_computer_science": "-",
        "electronic_devices": "-",
        "engineering_drawing": "Abs",
        "object_oriented_programming_in_c++": "-"
    },
    "20120138": {
        "engineering_mathematics_ii": "-",
        "network_theory": "Abs",
        "mathematical_foundation_of_computer_science": "-",
        "electronic_devices": "-",
        "engineering_drawing": "-",
        "object_oriented_programming_in_c++": "-"
    },
    "20120142": {
        "engineering_mathematics_ii": "-",
        "network_theory": "-",
        "mathematical_foundation_of_computer_science": "C+",
        "electronic_devices": "-",
        "engineering_drawing": "-",
        "object_oriented_programming_in_c++": "-"
    },
    "20120145": {
        "engineering_mathematics_ii": "-",
        "network_theory": "-",
        "mathematical_foundation_of_computer_science": "Abs",
        "electronic_devices": "-",
        "engineering_drawing": "-",
        "object_oriented_programming_in_c++": "-"
    },
    "20120153": {
        "engineering_mathematics_ii": "-",
        "network_theory": "Abs",
        "mathematical_foundation_of_computer_science": "-",
        "electronic_devices": "-",
        "engineering_drawing": "-",
        "object_oriented_programming_in_c++": "-"
    },
    "20120154": {
        "engineering_mathematics_ii": "-",
        "network_theory": "-",
        "mathematical_foundation_of_computer_science": "F",
        "electronic_devices": "-",
        "engineering_drawing": "-",
        "object_oriented_programming_in_c++": "-"
    },
    "20120155": {
        "engineering_mathematics_ii": "-",
        "network_theory": "-",
        "mathematical_foundation_of_computer_science": "B",
        "electronic_devices": "-",
        "engineering_drawing": "-",
        "object_oriented_programming_in_c++": "-"
    },
    "20120178": {
        "engineering_mathematics_ii": "-",
        "network_theory": "-",
        "mathematical_foundation_of_computer_science": "-",
        "electronic_devices": "-",
        "engineering_drawing": "Abs",
        "object_oriented_programming_in_c++": "-"
    },
    "21120003": {
        "engineering_mathematics_ii": "-",
        "network_theory": "-",
        "mathematical_foundation_of_computer_science": "-",
        "electronic_devices": "F",
        "engineering_drawing": "-",
        "object_oriented_programming_in_c++": "-"
    },
    "21120004": {
        "engineering_mathematics_ii": "-",
        "network_theory": "Abs",
        "mathematical_foundation_of_computer_science": "-",
        "electronic_devices": "-",
        "engineering_drawing": "-",
        "object_oriented_programming_in_c++": "-"
    },
    "21120007": {
        "engineering_mathematics_ii": "-",
        "network_theory": "Abs",
        "mathematical_foundation_of_computer_science": "-",
        "electronic_devices": "-",
        "engineering_drawing": "-",
        "object_oriented_programming_in_c++": "-"
    },
    "21120008": {
        "engineering_mathematics_ii": "-",
        "network_theory": "B-",
        "mathematical_foundation_of_computer_science": "-",
        "electronic_devices": "-",
        "engineering_drawing": "-",
        "object_oriented_programming_in_c++": "-"
    },
    "21120009": {
        "engineering_mathematics_ii": "-",
        "network_theory": "-",
        "mathematical_foundation_of_computer_science": "Abs",
        "electronic_devices": "-",
        "engineering_drawing": "-",
        "object_oriented_programming_in_c++": "-"
    },
    "21120010": {
        "engineering_mathematics_ii": "F",
        "network_theory": "-",
        "mathematical_foundation_of_computer_science": "-",
        "electronic_devices": "-",
        "engineering_drawing": "-",
        "object_oriented_programming_in_c++": "Abs"
    },
    "21120011": {
        "engineering_mathematics_ii": "F",
        "network_theory": "-",
        "mathematical_foundation_of_computer_science": "-",
        "electronic_devices": "-",
        "engineering_drawing": "-",
        "object_oriented_programming_in_c++": "B"
    },
    "21120013": {
        "engineering_mathematics_ii": "-",
        "network_theory": "-",
        "mathematical_foundation_of_computer_science": "-",
        "electronic_devices": "Abs",
        "engineering_drawing": "-",
        "object_oriented_programming_in_c++": "-"
    },
    "21120015": {
        "engineering_mathematics_ii": "-",
        "network_theory": "-",
        "mathematical_foundation_of_computer_science": "-",
        "electronic_devices": "-",
        "engineering_drawing": "-",
        "object_oriented_programming_in_c++": "F"
    },
    "21120026": {
        "engineering_mathematics_ii": "Abs",
        "network_theory": "-",
        "mathematical_foundation_of_computer_science": "-",
        "electronic_devices": "-",
        "engineering_drawing": "-",
        "object_oriented_programming_in_c++": "-"
    },
    "21120027": {
        "engineering_mathematics_ii": "-",
        "network_theory": "-",
        "mathematical_foundation_of_computer_science": "-",
        "electronic_devices": "-",
        "engineering_drawing": "-",
        "object_oriented_programming_in_c++": "F"
    },
    "21120028": {
        "engineering_mathematics_ii": "-",
        "network_theory": "-",
        "mathematical_foundation_of_computer_science": "-",
        "electronic_devices": "-",
        "engineering_drawing": "Abs",
        "object_oriented_programming_in_c++": "-"
    },
    "21120039": {
        "engineering_mathematics_ii": "-",
        "network_theory": "A",
        "mathematical_foundation_of_computer_science": "-",
        "electronic_devices": "A",
        "engineering_drawing": "-",
        "object_oriented_programming_in_c++": "Abs"
    },
    "21120040": {
        "engineering_mathematics_ii": "-",
        "network_theory": "-",
        "mathematical_foundation_of_computer_science": "-",
        "electronic_devices": "F",
        "engineering_drawing": "-",
        "object_oriented_programming_in_c++": "-"
    },
    "21120043": {
        "engineering_mathematics_ii": "-",
        "network_theory": "-",
        "mathematical_foundation_of_computer_science": "A",
        "electronic_devices": "-",
        "engineering_drawing": "-",
        "object_oriented_programming_in_c++": "F"
    },
    "21120045": {
        "engineering_mathematics_ii": "-",
        "network_theory": "Abs",
        "mathematical_foundation_of_computer_science": "-",
        "electronic_devices": "-",
        "engineering_drawing": "-",
        "object_oriented_programming_in_c++": "-"
    },
    "21120046": {
        "engineering_mathematics_ii": "-",
        "network_theory": "-",
        "mathematical_foundation_of_computer_science": "-",
        "electronic_devices": "Abs",
        "engineering_drawing": "-",
        "object_oriented_programming_in_c++": "F"
    },
    "21120052": {
        "engineering_mathematics_ii": "F",
        "network_theory": "F",
        "mathematical_foundation_of_computer_science": "-",
        "electronic_devices": "-",
        "engineering_drawing": "-",
        "object_oriented_programming_in_c++": "-"
    },
    "21120053": {
        "engineering_mathematics_ii": "-",
        "network_theory": "-",
        "mathematical_foundation_of_computer_science": "-",
        "electronic_devices": "-",
        "engineering_drawing": "-",
        "object_oriented_programming_in_c++": "F"
    },
    "21120057": {
        "engineering_mathematics_ii": "-",
        "network_theory": "C+",
        "mathematical_foundation_of_computer_science": "-",
        "electronic_devices": "-",
        "engineering_drawing": "-",
        "object_oriented_programming_in_c++": "-"
    },
    "21120065": {
        "engineering_mathematics_ii": "Abs",
        "network_theory": "-",
        "mathematical_foundation_of_computer_science": "-",
        "electronic_devices": "-",
        "engineering_drawing": "-",
        "object_oriented_programming_in_c++": "-"
    },
    "21120066": {
        "engineering_mathematics_ii": "F",
        "network_theory": "-",
        "mathematical_foundation_of_computer_science": "-",
        "electronic_devices": "-",
        "engineering_drawing": "-",
        "object_oriented_programming_in_c++": "-"
    },
    "21120068": {
        "engineering_mathematics_ii": "-",
        "network_theory": "B-",
        "mathematical_foundation_of_computer_science": "-",
        "electronic_devices": "F",
        "engineering_drawing": "-",
        "object_oriented_programming_in_c++": "-"
    },
    "21120071": {
        "engineering_mathematics_ii": "-",
        "network_theory": "F",
        "mathematical_foundation_of_computer_science": "-",
        "electronic_devices": "F",
        "engineering_drawing": "-",
        "object_oriented_programming_in_c++": "-"
    },
    "21120074": {
        "engineering_mathematics_ii": "-",
        "network_theory": "F",
        "mathematical_foundation_of_computer_science": "-",
        "electronic_devices": "-",
        "engineering_drawing": "-",
        "object_oriented_programming_in_c++": "-"
    },
    "21120075": {
        "engineering_mathematics_ii": "-",
        "network_theory": "-",
        "mathematical_foundation_of_computer_science": "-",
        "electronic_devices": "Abs",
        "engineering_drawing": "-",
        "object_oriented_programming_in_c++": "-"
    },
    "21120080": {
        "engineering_mathematics_ii": "-",
        "network_theory": "F",
        "mathematical_foundation_of_computer_science": "-",
        "electronic_devices": "-",
        "engineering_drawing": "-",
        "object_oriented_programming_in_c++": "-"
    },
    "21120084": {
        "engineering_mathematics_ii": "F",
        "network_theory": "F",
        "mathematical_foundation_of_computer_science": "-",
        "electronic_devices": "-",
        "engineering_drawing": "-",
        "object_oriented_programming_in_c++": "-"
    },
    "21120089": {
        "engineering_mathematics_ii": "Abs",
        "network_theory": "-",
        "mathematical_foundation_of_computer_science": "-",
        "electronic_devices": "-",
        "engineering_drawing": "-",
        "object_oriented_programming_in_c++": "-"
    },
    "21120090": {
        "engineering_mathematics_ii": "F",
        "network_theory": "-",
        "mathematical_foundation_of_computer_science": "-",
        "electronic_devices": "-",
        "engineering_drawing": "-",
        "object_oriented_programming_in_c++": "F"
    },
    "21120091": {
        "engineering_mathematics_ii": "-",
        "network_theory": "B",
        "mathematical_foundation_of_computer_science": "-",
        "electronic_devices": "-",
        "engineering_drawing": "-",
        "object_oriented_programming_in_c++": "-"
    },
    "21120093": {
        "engineering_mathematics_ii": "-",
        "network_theory": "B-",
        "mathematical_foundation_of_computer_science": "-",
        "electronic_devices": "-",
        "engineering_drawing": "B",
        "object_oriented_programming_in_c++": "-"
    },
    "21120097": {
        "engineering_mathematics_ii": "Expelled",
        "network_theory": "Abs",
        "mathematical_foundation_of_computer_science": "-",
        "electronic_devices": "-",
        "engineering_drawing": "-",
        "object_oriented_programming_in_c++": "-"
    },
    "21120101": {
        "engineering_mathematics_ii": "F",
        "network_theory": "F",
        "mathematical_foundation_of_computer_science": "-",
        "electronic_devices": "-",
        "engineering_drawing": "-",
        "object_oriented_programming_in_c++": "-"
    },
    "21120102": {
        "engineering_mathematics_ii": "Abs",
        "network_theory": "-",
        "mathematical_foundation_of_computer_science": "-",
        "electronic_devices": "-",
        "engineering_drawing": "-",
        "object_oriented_programming_in_c++": "-"
    },
    "21120106": {
        "engineering_mathematics_ii": "-",
        "network_theory": "F",
        "mathematical_foundation_of_computer_science": "-",
        "electronic_devices": "-",
        "engineering_drawing": "-",
        "object_oriented_programming_in_c++": "-"
    },
    "21120108": {
        "engineering_mathematics_ii": "F",
        "network_theory": "F",
        "mathematical_foundation_of_computer_science": "-",
        "electronic_devices": "-",
        "engineering_drawing": "-",
        "object_oriented_programming_in_c++": "-"
    },
    "21120111": {
        "engineering_mathematics_ii": "-",
        "network_theory": "-",
        "mathematical_foundation_of_computer_science": "-",
        "electronic_devices": "Abs",
        "engineering_drawing": "-",
        "object_oriented_programming_in_c++": "-"
    },
    "21120112": {
        "engineering_mathematics_ii": "F",
        "network_theory": "-",
        "mathematical_foundation_of_computer_science": "-",
        "electronic_devices": "-",
        "engineering_drawing": "-",
        "object_oriented_programming_in_c++": "-"
    },
    "21120113": {
        "engineering_mathematics_ii": "F",
        "network_theory": "F",
        "mathematical_foundation_of_computer_science": "-",
        "electronic_devices": "-",
        "engineering_drawing": "-",
        "object_oriented_programming_in_c++": "-"
    },
    "21120114": {
        "engineering_mathematics_ii": "-",
        "network_theory": "-",
        "mathematical_foundation_of_computer_science": "-",
        "electronic_devices": "A",
        "engineering_drawing": "-",
        "object_oriented_programming_in_c++": "-"
    },
    "21120115": {
        "engineering_mathematics_ii": "-",
        "network_theory": "NQ",
        "mathematical_foundation_of_computer_science": "-",
        "electronic_devices": "-",
        "engineering_drawing": "-",
        "object_oriented_programming_in_c++": "-"
    },
    "21120116": {
        "engineering_mathematics_ii": "F",
        "network_theory": "Abs",
        "mathematical_foundation_of_computer_science": "-",
        "electronic_devices": "-",
        "engineering_drawing": "-",
        "object_oriented_programming_in_c++": "-"
    },
    "21120118": {
        "engineering_mathematics_ii": "-",
        "network_theory": "F",
        "mathematical_foundation_of_computer_science": "-",
        "electronic_devices": "-",
        "engineering_drawing": "-",
        "object_oriented_programming_in_c++": "-"
    },
    "21120122": {
        "engineering_mathematics_ii": "-",
        "network_theory": "NQ",
        "mathematical_foundation_of_computer_science": "-",
        "electronic_devices": "-",
        "engineering_drawing": "-",
        "object_oriented_programming_in_c++": "-"
    },
    "21120128": {
        "engineering_mathematics_ii": "-",
        "network_theory": "B-",
        "mathematical_foundation_of_computer_science": "-",
        "electronic_devices": "-",
        "engineering_drawing": "-",
        "object_oriented_programming_in_c++": "-"
    },
    "21120130": {
        "engineering_mathematics_ii": "-",
        "network_theory": "NQ",
        "mathematical_foundation_of_computer_science": "-",
        "electronic_devices": "-",
        "engineering_drawing": "-",
        "object_oriented_programming_in_c++": "-"
    },
    "21120134": {
        "engineering_mathematics_ii": "-",
        "network_theory": "C-",
        "mathematical_foundation_of_computer_science": "-",
        "electronic_devices": "-",
        "engineering_drawing": "-",
        "object_oriented_programming_in_c++": "-"
    },
    "21120140": {
        "engineering_mathematics_ii": "F",
        "network_theory": "-",
        "mathematical_foundation_of_computer_science": "-",
        "electronic_devices": "-",
        "engineering_drawing": "-",
        "object_oriented_programming_in_c++": "-"
    },
    "21120143": {
        "engineering_mathematics_ii": "-",
        "network_theory": "-",
        "mathematical_foundation_of_computer_science": "-",
        "electronic_devices": "F",
        "engineering_drawing": "-",
        "object_oriented_programming_in_c++": "-"
    },
    "21120145": {
        "engineering_mathematics_ii": "Abs",
        "network_theory": "-",
        "mathematical_foundation_of_computer_science": "-",
        "electronic_devices": "-",
        "engineering_drawing": "-",
        "object_oriented_programming_in_c++": "-"
    },
    "21120147": {
        "engineering_mathematics_ii": "Abs",
        "network_theory": "-",
        "mathematical_foundation_of_computer_science": "-",
        "electronic_devices": "-",
        "engineering_drawing": "-",
        "object_oriented_programming_in_c++": "Abs"
    },
    "21120149": {
        "engineering_mathematics_ii": "-",
        "network_theory": "-",
        "mathematical_foundation_of_computer_science": "-",
        "electronic_devices": "F",
        "engineering_drawing": "-",
        "object_oriented_programming_in_c++": "-"
    },
    "21120153": {
        "engineering_mathematics_ii": "F",
        "network_theory": "-",
        "mathematical_foundation_of_computer_science": "-",
        "electronic_devices": "-",
        "engineering_drawing": "-",
        "object_oriented_programming_in_c++": "-"
    },
    "21120162": {
        "engineering_mathematics_ii": "Abs",
        "network_theory": "-",
        "mathematical_foundation_of_computer_science": "F",
        "electronic_devices": "-",
        "engineering_drawing": "-",
        "object_oriented_programming_in_c++": "-"
    },
    "21120163": {
        "engineering_mathematics_ii": "-",
        "network_theory": "B-",
        "mathematical_foundation_of_computer_science": "-",
        "electronic_devices": "-",
        "engineering_drawing": "-",
        "object_oriented_programming_in_c++": "-"
    },
    "21120165": {
        "engineering_mathematics_ii": "-",
        "network_theory": "-",
        "mathematical_foundation_of_computer_science": "-",
        "electronic_devices": "F",
        "engineering_drawing": "-",
        "object_oriented_programming_in_c++": "-"
    },
    "21120166": {
        "engineering_mathematics_ii": "F",
        "network_theory": "-",
        "mathematical_foundation_of_computer_science": "-",
        "electronic_devices": "-",
        "engineering_drawing": "-",
        "object_oriented_programming_in_c++": "-"
    },
    "21120171": {
        "engineering_mathematics_ii": "Abs",
        "network_theory": "-",
        "mathematical_foundation_of_computer_science": "-",
        "electronic_devices": "Abs",
        "engineering_drawing": "-",
        "object_oriented_programming_in_c++": "-"
    },
    "21120174": {
        "engineering_mathematics_ii": "-",
        "network_theory": "-",
        "mathematical_foundation_of_computer_science": "-",
        "electronic_devices": "B+",
        "engineering_drawing": "-",
        "object_oriented_programming_in_c++": "-"
    },
    "21120176": {
        "engineering_mathematics_ii": "Abs",
        "network_theory": "-",
        "mathematical_foundation_of_computer_science": "-",
        "electronic_devices": "-",
        "engineering_drawing": "-",
        "object_oriented_programming_in_c++": "-"
    },
    "21120177": {
        "engineering_mathematics_ii": "-",
        "network_theory": "-",
        "mathematical_foundation_of_computer_science": "Abs",
        "electronic_devices": "-",
        "engineering_drawing": "-",
        "object_oriented_programming_in_c++": "-"
    },
    "21120185": {
        "engineering_mathematics_ii": "-",
        "network_theory": "Abs",
        "mathematical_foundation_of_computer_science": "-",
        "electronic_devices": "-",
        "engineering_drawing": "-",
        "object_oriented_programming_in_c++": "-"
    },
    "21120186": {
        "engineering_mathematics_ii": "-",
        "network_theory": "B-",
        "mathematical_foundation_of_computer_science": "-",
        "electronic_devices": "-",
        "engineering_drawing": "-",
        "object_oriented_programming_in_c++": "-"
    },
    "21120187": {
        "engineering_mathematics_ii": "-",
        "network_theory": "-",
        "mathematical_foundation_of_computer_science": "Abs",
        "electronic_devices": "-",
        "engineering_drawing": "-",
        "object_oriented_programming_in_c++": "Abs"
    },
    "21120188": {
        "engineering_mathematics_ii": "-",
        "network_theory": "Abs",
        "mathematical_foundation_of_computer_science": "-",
        "electronic_devices": "-",
        "engineering_drawing": "-",
        "object_oriented_programming_in_c++": "-"
    },
    "21120189": {
        "engineering_mathematics_ii": "-",
        "network_theory": "A-",
        "mathematical_foundation_of_computer_science": "-",
        "electronic_devices": "-",
        "engineering_drawing": "-",
        "object_oriented_programming_in_c++": "-"
    },
    "21120201": {
        "engineering_mathematics_ii": "F",
        "network_theory": "-",
        "mathematical_foundation_of_computer_science": "-",
        "electronic_devices": "-",
        "engineering_drawing": "-",
        "object_oriented_programming_in_c++": "-"
    },
    "21120206": {
        "engineering_mathematics_ii": "-",
        "network_theory": "-",
        "mathematical_foundation_of_computer_science": "-",
        "electronic_devices": "-",
        "engineering_drawing": "-",
        "object_oriented_programming_in_c++": "Abs"
    },
    "21120212": {
        "engineering_mathematics_ii": "-",
        "network_theory": "-",
        "mathematical_foundation_of_computer_science": "-",
        "electronic_devices": "-",
        "engineering_drawing": "-",
        "object_oriented_programming_in_c++": "F"
    },
    "21120213": {
        "engineering_mathematics_ii": "-",
        "network_theory": "-",
        "mathematical_foundation_of_computer_science": "-",
        "electronic_devices": "-",
        "engineering_drawing": "-",
        "object_oriented_programming_in_c++": "Abs"
    },
    "21120221": {
        "engineering_mathematics_ii": "-",
        "network_theory": "-",
        "mathematical_foundation_of_computer_science": "-",
        "electronic_devices": "-",
        "engineering_drawing": "-",
        "object_oriented_programming_in_c++": "Abs"
    },
    "21120223": {
        "engineering_mathematics_ii": "-",
        "network_theory": "B-",
        "mathematical_foundation_of_computer_science": "-",
        "electronic_devices": "-",
        "engineering_drawing": "-",
        "object_oriented_programming_in_c++": "-"
    },
    "21120224": {
        "engineering_mathematics_ii": "C",
        "network_theory": "-",
        "mathematical_foundation_of_computer_science": "-",
        "electronic_devices": "-",
        "engineering_drawing": "-",
        "object_oriented_programming_in_c++": "-"
    },
    "21120227": {
        "engineering_mathematics_ii": "-",
        "network_theory": "B+",
        "mathematical_foundation_of_computer_science": "-",
        "electronic_devices": "-",
        "engineering_drawing": "-",
        "object_oriented_programming_in_c++": "-"
    },
    "21120231": {
        "engineering_mathematics_ii": "Abs",
        "network_theory": "-",
        "mathematical_foundation_of_computer_science": "-",
        "electronic_devices": "-",
        "engineering_drawing": "-",
        "object_oriented_programming_in_c++": "-"
    },
    "21120237": {
        "engineering_mathematics_ii": "B",
        "network_theory": "-",
        "mathematical_foundation_of_computer_science": "-",
        "electronic_devices": "-",
        "engineering_drawing": "-",
        "object_oriented_programming_in_c++": "-"
    },
    "21120238": {
        "engineering_mathematics_ii": "-",
        "network_theory": "Abs",
        "mathematical_foundation_of_computer_science": "-",
        "electronic_devices": "-",
        "engineering_drawing": "-",
        "object_oriented_programming_in_c++": "-"
    },
    "21120245": {
        "engineering_mathematics_ii": "-",
        "network_theory": "-",
        "mathematical_foundation_of_computer_science": "F",
        "electronic_devices": "-",
        "engineering_drawing": "-",
        "object_oriented_programming_in_c++": "-"
    },
    "21125002": {
        "engineering_mathematics_ii": "-",
        "network_theory": "B+",
        "mathematical_foundation_of_computer_science": "-",
        "electronic_devices": "-",
        "engineering_drawing": "-",
        "object_oriented_programming_in_c++": "-"
    },
    "21125003": {
        "engineering_mathematics_ii": "F",
        "network_theory": "-",
        "mathematical_foundation_of_computer_science": "-",
        "electronic_devices": "-",
        "engineering_drawing": "-",
        "object_oriented_programming_in_c++": "-"
    },
    "21125004": {
        "engineering_mathematics_ii": "-",
        "network_theory": "-",
        "mathematical_foundation_of_computer_science": "Withheld",
        "electronic_devices": "-",
        "engineering_drawing": "-",
        "object_oriented_programming_in_c++": "-"
    },
    "21125007": {
        "engineering_mathematics_ii": "Abs",
        "network_theory": "-",
        "mathematical_foundation_of_computer_science": "-",
        "electronic_devices": "-",
        "engineering_drawing": "-",
        "object_oriented_programming_in_c++": "-"
    },
    "21125008": {
        "engineering_mathematics_ii": "F",
        "network_theory": "-",
        "mathematical_foundation_of_computer_science": "-",
        "electronic_devices": "-",
        "engineering_drawing": "-",
        "object_oriented_programming_in_c++": "-"
    },
    "21125009": {
        "engineering_mathematics_ii": "-",
        "network_theory": "Abs",
        "mathematical_foundation_of_computer_science": "-",
        "electronic_devices": "-",
        "engineering_drawing": "-",
        "object_oriented_programming_in_c++": "-"
    },
    "21125010": {
        "engineering_mathematics_ii": "B",
        "network_theory": "F",
        "mathematical_foundation_of_computer_science": "-",
        "electronic_devices": "-",
        "engineering_drawing": "-",
        "object_oriented_programming_in_c++": "-"
    },
    "21125012": {
        "engineering_mathematics_ii": "Abs",
        "network_theory": "-",
        "mathematical_foundation_of_computer_science": "-",
        "electronic_devices": "-",
        "engineering_drawing": "-",
        "object_oriented_programming_in_c++": "-"
    },
    "21125013": {
        "engineering_mathematics_ii": "-",
        "network_theory": "B-",
        "mathematical_foundation_of_computer_science": "-",
        "electronic_devices": "-",
        "engineering_drawing": "-",
        "object_oriented_programming_in_c++": "-"
    },
    "21125019": {
        "engineering_mathematics_ii": "-",
        "network_theory": "-",
        "mathematical_foundation_of_computer_science": "-",
        "electronic_devices": "F",
        "engineering_drawing": "-",
        "object_oriented_programming_in_c++": "-"
    },
    "21125020": {
        "engineering_mathematics_ii": "F",
        "network_theory": "-",
        "mathematical_foundation_of_computer_science": "Abs",
        "electronic_devices": "-",
        "engineering_drawing": "-",
        "object_oriented_programming_in_c++": "-"
    },
    "21125021": {
        "engineering_mathematics_ii": "-",
        "network_theory": "C+",
        "mathematical_foundation_of_computer_science": "-",
        "electronic_devices": "-",
        "engineering_drawing": "-",
        "object_oriented_programming_in_c++": "-"
    },
    "21125022": {
        "engineering_mathematics_ii": "-",
        "network_theory": "-",
        "mathematical_foundation_of_computer_science": "F",
        "electronic_devices": "-",
        "engineering_drawing": "-",
        "object_oriented_programming_in_c++": "-"
    },
    "21125023": {
        "engineering_mathematics_ii": "F",
        "network_theory": "F",
        "mathematical_foundation_of_computer_science": "-",
        "electronic_devices": "-",
        "engineering_drawing": "-",
        "object_oriented_programming_in_c++": "-"
    },
    "21125031": {
        "engineering_mathematics_ii": "Abs",
        "network_theory": "-",
        "mathematical_foundation_of_computer_science": "F",
        "electronic_devices": "-",
        "engineering_drawing": "-",
        "object_oriented_programming_in_c++": "-"
    },
    "21125032": {
        "engineering_mathematics_ii": "-",
        "network_theory": "-",
        "mathematical_foundation_of_computer_science": "F",
        "electronic_devices": "-",
        "engineering_drawing": "-",
        "object_oriented_programming_in_c++": "-"
    },
    "21125034": {
        "engineering_mathematics_ii": "F",
        "network_theory": "-",
        "mathematical_foundation_of_computer_science": "-",
        "electronic_devices": "-",
        "engineering_drawing": "-",
        "object_oriented_programming_in_c++": "-"
    },
    "21125044": {
        "engineering_mathematics_ii": "F",
        "network_theory": "F",
        "mathematical_foundation_of_computer_science": "-",
        "electronic_devices": "-",
        "engineering_drawing": "B",
        "object_oriented_programming_in_c++": "-"
    },
    "21125047": {
        "engineering_mathematics_ii": "-",
        "network_theory": "F",
        "mathematical_foundation_of_computer_science": "-",
        "electronic_devices": "-",
        "engineering_drawing": "-",
        "object_oriented_programming_in_c++": "-"
    },
    "21125049": {
        "engineering_mathematics_ii": "-",
        "network_theory": "F",
        "mathematical_foundation_of_computer_science": "-",
        "electronic_devices": "-",
        "engineering_drawing": "-",
        "object_oriented_programming_in_c++": "-"
    },
    "21125053": {
        "engineering_mathematics_ii": "-",
        "network_theory": "F",
        "mathematical_foundation_of_computer_science": "-",
        "electronic_devices": "-",
        "engineering_drawing": "-",
        "object_oriented_programming_in_c++": "-"
    },
    "21125054": {
        "engineering_mathematics_ii": "F",
        "network_theory": "-",
        "mathematical_foundation_of_computer_science": "-",
        "electronic_devices": "F",
        "engineering_drawing": "B",
        "object_oriented_programming_in_c++": "-"
    },
    "21125060": {
        "engineering_mathematics_ii": "-",
        "network_theory": "C+",
        "mathematical_foundation_of_computer_science": "-",
        "electronic_devices": "-",
        "engineering_drawing": "-",
        "object_oriented_programming_in_c++": "-"
    },
    "21125061": {
        "engineering_mathematics_ii": "F",
        "network_theory": "-",
        "mathematical_foundation_of_computer_science": "-",
        "electronic_devices": "-",
        "engineering_drawing": "C+",
        "object_oriented_programming_in_c++": "-"
    },
    "21125063": {
        "engineering_mathematics_ii": "-",
        "network_theory": "B-",
        "mathematical_foundation_of_computer_science": "-",
        "electronic_devices": "-",
        "engineering_drawing": "-",
        "object_oriented_programming_in_c++": "-"
    },
    "21125064": {
        "engineering_mathematics_ii": "Abs",
        "network_theory": "Abs",
        "mathematical_foundation_of_computer_science": "-",
        "electronic_devices": "-",
        "engineering_drawing": "A-",
        "object_oriented_programming_in_c++": "-"
    },
    "21125065": {
        "engineering_mathematics_ii": "-",
        "network_theory": "B-",
        "mathematical_foundation_of_computer_science": "B",
        "electronic_devices": "F",
        "engineering_drawing": "-",
        "object_oriented_programming_in_c++": "-"
    },
    "21125066": {
        "engineering_mathematics_ii": "Abs",
        "network_theory": "-",
        "mathematical_foundation_of_computer_science": "F",
        "electronic_devices": "-",
        "engineering_drawing": "-",
        "object_oriented_programming_in_c++": "-"
    },
    "21125069": {
        "engineering_mathematics_ii": "F",
        "network_theory": "F",
        "mathematical_foundation_of_computer_science": "-",
        "electronic_devices": "-",
        "engineering_drawing": "-",
        "object_oriented_programming_in_c++": "-"
    },
    "21125070": {
        "engineering_mathematics_ii": "-",
        "network_theory": "-",
        "mathematical_foundation_of_computer_science": "B+",
        "electronic_devices": "-",
        "engineering_drawing": "-",
        "object_oriented_programming_in_c++": "-"
    },
    "21125082": {
        "engineering_mathematics_ii": "-",
        "network_theory": "F",
        "mathematical_foundation_of_computer_science": "-",
        "electronic_devices": "-",
        "engineering_drawing": "-",
        "object_oriented_programming_in_c++": "-"
    },
    "21125084": {
        "engineering_mathematics_ii": "-",
        "network_theory": "F",
        "mathematical_foundation_of_computer_science": "-",
        "electronic_devices": "-",
        "engineering_drawing": "C+",
        "object_oriented_programming_in_c++": "-"
    },
    "21125087": {
        "engineering_mathematics_ii": "F",
        "network_theory": "-",
        "mathematical_foundation_of_computer_science": "F",
        "electronic_devices": "-",
        "engineering_drawing": "-",
        "object_oriented_programming_in_c++": "-"
    },
    "21125089": {
        "engineering_mathematics_ii": "F",
        "network_theory": "-",
        "mathematical_foundation_of_computer_science": "F",
        "electronic_devices": "-",
        "engineering_drawing": "-",
        "object_oriented_programming_in_c++": "-"
    },
    "21125099": {
        "engineering_mathematics_ii": "-",
        "network_theory": "C-",
        "mathematical_foundation_of_computer_science": "-",
        "electronic_devices": "-",
        "engineering_drawing": "-",
        "object_oriented_programming_in_c++": "-"
    },
    "21125100": {
        "engineering_mathematics_ii": "F",
        "network_theory": "-",
        "mathematical_foundation_of_computer_science": "-",
        "electronic_devices": "-",
        "engineering_drawing": "F",
        "object_oriented_programming_in_c++": "-"
    },
    "21125102": {
        "engineering_mathematics_ii": "F",
        "network_theory": "-",
        "mathematical_foundation_of_computer_science": "-",
        "electronic_devices": "-",
        "engineering_drawing": "C+",
        "object_oriented_programming_in_c++": "-"
    },
    "21125104": {
        "engineering_mathematics_ii": "Abs",
        "network_theory": "-",
        "mathematical_foundation_of_computer_science": "F",
        "electronic_devices": "-",
        "engineering_drawing": "-",
        "object_oriented_programming_in_c++": "-"
    },
    "21125105": {
        "engineering_mathematics_ii": "F",
        "network_theory": "-",
        "mathematical_foundation_of_computer_science": "-",
        "electronic_devices": "-",
        "engineering_drawing": "C+",
        "object_oriented_programming_in_c++": "-"
    },
    "21125106": {
        "engineering_mathematics_ii": "-",
        "network_theory": "-",
        "mathematical_foundation_of_computer_science": "-",
        "electronic_devices": "-",
        "engineering_drawing": "B+",
        "object_oriented_programming_in_c++": "-"
    },
    "21125109": {
        "engineering_mathematics_ii": "-",
        "network_theory": "-",
        "mathematical_foundation_of_computer_science": "C-",
        "electronic_devices": "Abs",
        "engineering_drawing": "-",
        "object_oriented_programming_in_c++": "-"
    },
    "21125110": {
        "engineering_mathematics_ii": "F",
        "network_theory": "-",
        "mathematical_foundation_of_computer_science": "-",
        "electronic_devices": "-",
        "engineering_drawing": "-",
        "object_oriented_programming_in_c++": "-"
    },
    "21125113": {
        "engineering_mathematics_ii": "-",
        "network_theory": "-",
        "mathematical_foundation_of_computer_science": "-",
        "electronic_devices": "C+",
        "engineering_drawing": "A",
        "object_oriented_programming_in_c++": "-"
    },
    "21125115": {
        "engineering_mathematics_ii": "-",
        "network_theory": "Abs",
        "mathematical_foundation_of_computer_science": "-",
        "electronic_devices": "F",
        "engineering_drawing": "-",
        "object_oriented_programming_in_c++": "-"
    },
    "21125116": {
        "engineering_mathematics_ii": "F",
        "network_theory": "-",
        "mathematical_foundation_of_computer_science": "-",
        "electronic_devices": "-",
        "engineering_drawing": "-",
        "object_oriented_programming_in_c++": "-"
    },
    "21125118": {
        "engineering_mathematics_ii": "-",
        "network_theory": "-",
        "mathematical_foundation_of_computer_science": "F",
        "electronic_devices": "-",
        "engineering_drawing": "-",
        "object_oriented_programming_in_c++": "-"
    },
    "21125121": {
        "engineering_mathematics_ii": "-",
        "network_theory": "-",
        "mathematical_foundation_of_computer_science": "B-",
        "electronic_devices": "-",
        "engineering_drawing": "-",
        "object_oriented_programming_in_c++": "-"
    },
    "21125123": {
        "engineering_mathematics_ii": "Abs",
        "network_theory": "-",
        "mathematical_foundation_of_computer_science": "-",
        "electronic_devices": "-",
        "engineering_drawing": "Abs",
        "object_oriented_programming_in_c++": "-"
    },
    "21125124": {
        "engineering_mathematics_ii": "F",
        "network_theory": "-",
        "mathematical_foundation_of_computer_science": "-",
        "electronic_devices": "-",
        "engineering_drawing": "C+",
        "object_oriented_programming_in_c++": "-"
    },
    "21125134": {
        "engineering_mathematics_ii": "B-",
        "network_theory": "-",
        "mathematical_foundation_of_computer_science": "-",
        "electronic_devices": "-",
        "engineering_drawing": "A",
        "object_oriented_programming_in_c++": "-"
    },
    "21125137": {
        "engineering_mathematics_ii": "F",
        "network_theory": "-",
        "mathematical_foundation_of_computer_science": "-",
        "electronic_devices": "-",
        "engineering_drawing": "-",
        "object_oriented_programming_in_c++": "-"
    },
    "21125140": {
        "engineering_mathematics_ii": "-",
        "network_theory": "F",
        "mathematical_foundation_of_computer_science": "-",
        "electronic_devices": "-",
        "engineering_drawing": "-",
        "object_oriented_programming_in_c++": "-"
    },
    "21125142": {
        "engineering_mathematics_ii": "-",
        "network_theory": "-",
        "mathematical_foundation_of_computer_science": "F",
        "electronic_devices": "-",
        "engineering_drawing": "-",
        "object_oriented_programming_in_c++": "-"
    },
    "21125144": {
        "engineering_mathematics_ii": "Abs",
        "network_theory": "-",
        "mathematical_foundation_of_computer_science": "-",
        "electronic_devices": "-",
        "engineering_drawing": "-",
        "object_oriented_programming_in_c++": "-"
    },
    "21125145": {
        "engineering_mathematics_ii": "-",
        "network_theory": "C-",
        "mathematical_foundation_of_computer_science": "-",
        "electronic_devices": "-",
        "engineering_drawing": "-",
        "object_oriented_programming_in_c++": "-"
    },
    "21125147": {
        "engineering_mathematics_ii": "-",
        "network_theory": "B-",
        "mathematical_foundation_of_computer_science": "-",
        "electronic_devices": "-",
        "engineering_drawing": "-",
        "object_oriented_programming_in_c++": "-"
    },
    "21125148": {
        "engineering_mathematics_ii": "-",
        "network_theory": "-",
        "mathematical_foundation_of_computer_science": "C",
        "electronic_devices": "-",
        "engineering_drawing": "-",
        "object_oriented_programming_in_c++": "-"
    },
    "21125152": {
        "engineering_mathematics_ii": "-",
        "network_theory": "B-",
        "mathematical_foundation_of_computer_science": "-",
        "electronic_devices": "-",
        "engineering_drawing": "-",
        "object_oriented_programming_in_c++": "-"
    },
    "21125153": {
        "engineering_mathematics_ii": "-",
        "network_theory": "-",
        "mathematical_foundation_of_computer_science": "-",
        "electronic_devices": "F",
        "engineering_drawing": "-",
        "object_oriented_programming_in_c++": "-"
    },
    "21125155": {
        "engineering_mathematics_ii": "-",
        "network_theory": "-",
        "mathematical_foundation_of_computer_science": "F",
        "electronic_devices": "-",
        "engineering_drawing": "-",
        "object_oriented_programming_in_c++": "-"
    },
    "21125156": {
        "engineering_mathematics_ii": "-",
        "network_theory": "F",
        "mathematical_foundation_of_computer_science": "-",
        "electronic_devices": "-",
        "engineering_drawing": "-",
        "object_oriented_programming_in_c++": "-"
    },
    "21125157": {
        "engineering_mathematics_ii": "F",
        "network_theory": "-",
        "mathematical_foundation_of_computer_science": "-",
        "electronic_devices": "-",
        "engineering_drawing": "D+",
        "object_oriented_programming_in_c++": "-"
    },
    "21125158": {
        "engineering_mathematics_ii": "-",
        "network_theory": "F",
        "mathematical_foundation_of_computer_science": "-",
        "electronic_devices": "-",
        "engineering_drawing": "-",
        "object_oriented_programming_in_c++": "-"
    },
    "21125160": {
        "engineering_mathematics_ii": "-",
        "network_theory": "-",
        "mathematical_foundation_of_computer_science": "-",
        "electronic_devices": "-",
        "engineering_drawing": "Abs",
        "object_oriented_programming_in_c++": "-"
    },
    "21125164": {
        "engineering_mathematics_ii": "-",
        "network_theory": "-",
        "mathematical_foundation_of_computer_science": "F",
        "electronic_devices": "-",
        "engineering_drawing": "-",
        "object_oriented_programming_in_c++": "-"
    },
    "21125168": {
        "engineering_mathematics_ii": "Abs",
        "network_theory": "-",
        "mathematical_foundation_of_computer_science": "-",
        "electronic_devices": "-",
        "engineering_drawing": "-",
        "object_oriented_programming_in_c++": "-"
    },
    "21125173": {
        "engineering_mathematics_ii": "F",
        "network_theory": "F",
        "mathematical_foundation_of_computer_science": "-",
        "electronic_devices": "-",
        "engineering_drawing": "-",
        "object_oriented_programming_in_c++": "-"
    },
    "21125178": {
        "engineering_mathematics_ii": "F",
        "network_theory": "F",
        "mathematical_foundation_of_computer_science": "-",
        "electronic_devices": "-",
        "engineering_drawing": "-",
        "object_oriented_programming_in_c++": "-"
    },
    "21125179": {
        "engineering_mathematics_ii": "-",
        "network_theory": "F",
        "mathematical_foundation_of_computer_science": "-",
        "electronic_devices": "-",
        "engineering_drawing": "-",
        "object_oriented_programming_in_c++": "-"
    },
    "21125181": {
        "engineering_mathematics_ii": "-",
        "network_theory": "-",
        "mathematical_foundation_of_computer_science": "F",
        "electronic_devices": "-",
        "engineering_drawing": "-",
        "object_oriented_programming_in_c++": "-"
    },
    "21125184": {
        "engineering_mathematics_ii": "-",
        "network_theory": "F",
        "mathematical_foundation_of_computer_science": "-",
        "electronic_devices": "-",
        "engineering_drawing": "-",
        "object_oriented_programming_in_c++": "-"
    },
    "21125185": {
        "engineering_mathematics_ii": "F",
        "network_theory": "-",
        "mathematical_foundation_of_computer_science": "-",
        "electronic_devices": "-",
        "engineering_drawing": "D+",
        "object_oriented_programming_in_c++": "-"
    }
}