{
    "nan": {
        "applied_physics": "-",
        "basic_electrical_engineering": "-",
        "calculus_i": "-",
        "electronics_devices_and_circuits": "-",
        "problem_solving_techniques": "-",
        "programming_in_c": "-",
        "sgpa": "-"
    },
    "22120001": {
        "applied_physics": "F",
        "basic_electrical_engineering": "-",
        "calculus_i": "F",
        "electronics_devices_and_circuits": "-",
        "problem_solving_techniques": "-",
        "programming_in_c": "-",
        "sgpa": "-"
    },
    "22120003": {
        "applied_physics": "-",
        "basic_electrical_engineering": "B",
        "calculus_i": "F",
        "electronics_devices_and_circuits": "-",
        "problem_solving_techniques": "-",
        "programming_in_c": "-",
        "sgpa": "-"
    },
    "22120004": {
        "applied_physics": "F",
        "basic_electrical_engineering": "-",
        "calculus_i": "Abs",
        "electronics_devices_and_circuits": "-",
        "problem_solving_techniques": "F",
        "programming_in_c": "-",
        "sgpa": "-"
    },
    "22120006": {
        "applied_physics": "-",
        "basic_electrical_engineering": "B",
        "calculus_i": "B-",
        "electronics_devices_and_circuits": "C+",
        "problem_solving_techniques": "-",
        "programming_in_c": "-",
        "sgpa": "-"
    },
    "22120009": {
        "applied_physics": "-",
        "basic_electrical_engineering": "Abs",
        "calculus_i": "Abs",
        "electronics_devices_and_circuits": "Abs",
        "problem_solving_techniques": "-",
        "programming_in_c": "-",
        "sgpa": "-"
    },
    "22120010": {
        "applied_physics": "F",
        "basic_electrical_engineering": "F",
        "calculus_i": "F",
        "electronics_devices_and_circuits": "-",
        "problem_solving_techniques": "-",
        "programming_in_c": "-",
        "sgpa": "-"
    },
    "22120012": {
        "applied_physics": "-",
        "basic_electrical_engineering": "B-",
        "calculus_i": "C-",
        "electronics_devices_and_circuits": "-",
        "problem_solving_techniques": "-",
        "programming_in_c": "-",
        "sgpa": "-"
    },
    "22120013": {
        "applied_physics": "-",
        "basic_electrical_engineering": "F",
        "calculus_i": "F",
        "electronics_devices_and_circuits": "F",
        "problem_solving_techniques": "-",
        "programming_in_c": "-",
        "sgpa": "-"
    },
    "22120015": {
        "applied_physics": "F",
        "basic_electrical_engineering": "-",
        "calculus_i": "F",
        "electronics_devices_and_circuits": "-",
        "problem_solving_techniques": "F",
        "programming_in_c": "-",
        "sgpa": "-"
    },
    "22120016": {
        "applied_physics": "-",
        "basic_electrical_engineering": "A",
        "calculus_i": "-",
        "electronics_devices_and_circuits": "-",
        "problem_solving_techniques": "-",
        "programming_in_c": "-",
        "sgpa": "-"
    },
    "22120017": {
        "applied_physics": "-",
        "basic_electrical_engineering": "B-",
        "calculus_i": "-",
        "electronics_devices_and_circuits": "C",
        "problem_solving_techniques": "-",
        "programming_in_c": "-",
        "sgpa": "-"
    },
    "22120018": {
        "applied_physics": "-",
        "basic_electrical_engineering": "C+",
        "calculus_i": "-",
        "electronics_devices_and_circuits": "B-",
        "problem_solving_techniques": "-",
        "programming_in_c": "-",
        "sgpa": "-"
    },
    "22120019": {
        "applied_physics": "-",
        "basic_electrical_engineering": "F",
        "calculus_i": "-",
        "electronics_devices_and_circuits": "-",
        "problem_solving_techniques": "-",
        "programming_in_c": "C+",
        "sgpa": "-"
    },
    "22120020": {
        "applied_physics": "-",
        "basic_electrical_engineering": "C+",
        "calculus_i": "-",
        "electronics_devices_and_circuits": "-",
        "problem_solving_techniques": "-",
        "programming_in_c": "-",
        "sgpa": "-"
    },
    "22120022": {
        "applied_physics": "F",
        "basic_electrical_engineering": "-",
        "calculus_i": "F",
        "electronics_devices_and_circuits": "-",
        "problem_solving_techniques": "-",
        "programming_in_c": "F",
        "sgpa": "-"
    },
    "22120023": {
        "applied_physics": "F",
        "basic_electrical_engineering": "-",
        "calculus_i": "F",
        "electronics_devices_and_circuits": "-",
        "problem_solving_techniques": "-",
        "programming_in_c": "F",
        "sgpa": "-"
    },
    "22120024": {
        "applied_physics": "F",
        "basic_electrical_engineering": "-",
        "calculus_i": "F",
        "electronics_devices_and_circuits": "-",
        "problem_solving_techniques": "-",
        "programming_in_c": "F",
        "sgpa": "-"
    },
    "22120025": {
        "applied_physics": "F",
        "basic_electrical_engineering": "F",
        "calculus_i": "-",
        "electronics_devices_and_circuits": "Abs",
        "problem_solving_techniques": "-",
        "programming_in_c": "-",
        "sgpa": "-"
    },
    "22120026": {
        "applied_physics": "F",
        "basic_electrical_engineering": "-",
        "calculus_i": "-",
        "electronics_devices_and_circuits": "-",
        "problem_solving_techniques": "C",
        "programming_in_c": "F",
        "sgpa": "-"
    },
    "22120027": {
        "applied_physics": "F",
        "basic_electrical_engineering": "F",
        "calculus_i": "F",
        "electronics_devices_and_circuits": "-",
        "problem_solving_techniques": "F",
        "programming_in_c": "-",
        "sgpa": "-"
    },
    "22120028": {
        "applied_physics": "F",
        "basic_electrical_engineering": "F",
        "calculus_i": "Abs",
        "electronics_devices_and_circuits": "F",
        "problem_solving_techniques": "-",
        "programming_in_c": "-",
        "sgpa": "-"
    },
    "22120029": {
        "applied_physics": "F",
        "basic_electrical_engineering": "F",
        "calculus_i": "Abs",
        "electronics_devices_and_circuits": "F",
        "problem_solving_techniques": "-",
        "programming_in_c": "-",
        "sgpa": "-"
    },
    "22120030": {
        "applied_physics": "-",
        "basic_electrical_engineering": "-",
        "calculus_i": "-",
        "electronics_devices_and_circuits": "-",
        "problem_solving_techniques": "F",
        "programming_in_c": "F",
        "sgpa": "-"
    },
    "22120031": {
        "applied_physics": "F",
        "basic_electrical_engineering": "F",
        "calculus_i": "F",
        "electronics_devices_and_circuits": "-",
        "problem_solving_techniques": "-",
        "programming_in_c": "-",
        "sgpa": "-"
    },
    "22120032": {
        "applied_physics": "F",
        "basic_electrical_engineering": "Abs",
        "calculus_i": "F",
        "electronics_devices_and_circuits": "-",
        "problem_solving_techniques": "Abs",
        "programming_in_c": "-",
        "sgpa": "-"
    },
    "22120033": {
        "applied_physics": "Abs",
        "basic_electrical_engineering": "-",
        "calculus_i": "-",
        "electronics_devices_and_circuits": "C+",
        "problem_solving_techniques": "-",
        "programming_in_c": "-",
        "sgpa": "-"
    },
    "22120034": {
        "applied_physics": "-",
        "basic_electrical_engineering": "Withheld",
        "calculus_i": "Abs",
        "electronics_devices_and_circuits": "Abs",
        "problem_solving_techniques": "Abs",
        "programming_in_c": "Abs",
        "sgpa": "-"
    },
    "22120036": {
        "applied_physics": "F",
        "basic_electrical_engineering": "F",
        "calculus_i": "-",
        "electronics_devices_and_circuits": "-",
        "problem_solving_techniques": "-",
        "programming_in_c": "C",
        "sgpa": "-"
    },
    "22120037": {
        "applied_physics": "F",
        "basic_electrical_engineering": "Abs",
        "calculus_i": "F",
        "electronics_devices_and_circuits": "-",
        "problem_solving_techniques": "-",
        "programming_in_c": "-",
        "sgpa": "-"
    },
    "22120038": {
        "applied_physics": "-",
        "basic_electrical_engineering": "F",
        "calculus_i": "F",
        "electronics_devices_and_circuits": "-",
        "problem_solving_techniques": "-",
        "programming_in_c": "F",
        "sgpa": "-"
    },
    "22120040": {
        "applied_physics": "-",
        "basic_electrical_engineering": "F",
        "calculus_i": "F",
        "electronics_devices_and_circuits": "-",
        "problem_solving_techniques": "F",
        "programming_in_c": "-",
        "sgpa": "-"
    },
    "22120041": {
        "applied_physics": "-",
        "basic_electrical_engineering": "F",
        "calculus_i": "F",
        "electronics_devices_and_circuits": "-",
        "problem_solving_techniques": "F",
        "programming_in_c": "-",
        "sgpa": "-"
    },
    "22120042": {
        "applied_physics": "-",
        "basic_electrical_engineering": "F",
        "calculus_i": "-",
        "electronics_devices_and_circuits": "-",
        "problem_solving_techniques": "-",
        "programming_in_c": "-",
        "sgpa": "-"
    },
    "22120043": {
        "applied_physics": "-",
        "basic_electrical_engineering": "-",
        "calculus_i": "C-",
        "electronics_devices_and_circuits": "F",
        "problem_solving_techniques": "-",
        "programming_in_c": "-",
        "sgpa": "-"
    },
    "22120044": {
        "applied_physics": "F",
        "basic_electrical_engineering": "-",
        "calculus_i": "F",
        "electronics_devices_and_circuits": "-",
        "problem_solving_techniques": "C",
        "programming_in_c": "-",
        "sgpa": "-"
    },
    "22120045": {
        "applied_physics": "F",
        "basic_electrical_engineering": "F",
        "calculus_i": "-",
        "electronics_devices_and_circuits": "-",
        "problem_solving_techniques": "Abs",
        "programming_in_c": "-",
        "sgpa": "-"
    },
    "22120046": {
        "applied_physics": "-",
        "basic_electrical_engineering": "Abs",
        "calculus_i": "F",
        "electronics_devices_and_circuits": "F",
        "problem_solving_techniques": "-",
        "programming_in_c": "-",
        "sgpa": "-"
    },
    "22120047": {
        "applied_physics": "-",
        "basic_electrical_engineering": "B-",
        "calculus_i": "-",
        "electronics_devices_and_circuits": "-",
        "problem_solving_techniques": "-",
        "programming_in_c": "-",
        "sgpa": "-"
    },
    "22120049": {
        "applied_physics": "F",
        "basic_electrical_engineering": "Abs",
        "calculus_i": "-",
        "electronics_devices_and_circuits": "F",
        "problem_solving_techniques": "-",
        "programming_in_c": "-",
        "sgpa": "-"
    },
    "22120051": {
        "applied_physics": "F",
        "basic_electrical_engineering": "F",
        "calculus_i": "F",
        "electronics_devices_and_circuits": "F",
        "problem_solving_techniques": "-",
        "programming_in_c": "-",
        "sgpa": "-"
    },
    "22120052": {
        "applied_physics": "F",
        "basic_electrical_engineering": "F",
        "calculus_i": "F",
        "electronics_devices_and_circuits": "-",
        "problem_solving_techniques": "F",
        "programming_in_c": "F",
        "sgpa": "-"
    },
    "22120053": {
        "applied_physics": "F",
        "basic_electrical_engineering": "F",
        "calculus_i": "F",
        "electronics_devices_and_circuits": "-",
        "problem_solving_techniques": "-",
        "programming_in_c": "Abs",
        "sgpa": "-"
    },
    "22120056": {
        "applied_physics": "-",
        "basic_electrical_engineering": "-",
        "calculus_i": "F",
        "electronics_devices_and_circuits": "-",
        "problem_solving_techniques": "F",
        "programming_in_c": "-",
        "sgpa": "-"
    },
    "22120057": {
        "applied_physics": "Abs",
        "basic_electrical_engineering": "F",
        "calculus_i": "Abs",
        "electronics_devices_and_circuits": "-",
        "problem_solving_techniques": "F",
        "programming_in_c": "F",
        "sgpa": "-"
    },
    "22120058": {
        "applied_physics": "-",
        "basic_electrical_engineering": "-",
        "calculus_i": "Expelled",
        "electronics_devices_and_circuits": "-",
        "problem_solving_techniques": "-",
        "programming_in_c": "-",
        "sgpa": "-"
    },
    "22120059": {
        "applied_physics": "F",
        "basic_electrical_engineering": "F",
        "calculus_i": "F",
        "electronics_devices_and_circuits": "-",
        "problem_solving_techniques": "-",
        "programming_in_c": "-",
        "sgpa": "-"
    },
    "22120060": {
        "applied_physics": "Abs",
        "basic_electrical_engineering": "-",
        "calculus_i": "F",
        "electronics_devices_and_circuits": "-",
        "problem_solving_techniques": "-",
        "programming_in_c": "-",
        "sgpa": "-"
    },
    "22120061": {
        "applied_physics": "Abs",
        "basic_electrical_engineering": "B-",
        "calculus_i": "Abs",
        "electronics_devices_and_circuits": "-",
        "problem_solving_techniques": "F",
        "programming_in_c": "Abs",
        "sgpa": "-"
    },
    "22120062": {
        "applied_physics": "-",
        "basic_electrical_engineering": "-",
        "calculus_i": "C+",
        "electronics_devices_and_circuits": "-",
        "problem_solving_techniques": "-",
        "programming_in_c": "C",
        "sgpa": "-"
    },
    "22120063": {
        "applied_physics": "Abs",
        "basic_electrical_engineering": "-",
        "calculus_i": "-",
        "electronics_devices_and_circuits": "-",
        "problem_solving_techniques": "-",
        "programming_in_c": "Abs",
        "sgpa": "-"
    },
    "22120066": {
        "applied_physics": "Abs",
        "basic_electrical_engineering": "Abs",
        "calculus_i": "Expelled",
        "electronics_devices_and_circuits": "-",
        "problem_solving_techniques": "-",
        "programming_in_c": "-",
        "sgpa": "-"
    },
    "22120070": {
        "applied_physics": "F",
        "basic_electrical_engineering": "F",
        "calculus_i": "F",
        "electronics_devices_and_circuits": "-",
        "problem_solving_techniques": "F",
        "programming_in_c": "C",
        "sgpa": "-"
    },
    "22120071": {
        "applied_physics": "-",
        "basic_electrical_engineering": "-",
        "calculus_i": "-",
        "electronics_devices_and_circuits": "-",
        "problem_solving_techniques": "Abs",
        "programming_in_c": "F",
        "sgpa": "-"
    },
    "22120073": {
        "applied_physics": "F",
        "basic_electrical_engineering": "-",
        "calculus_i": "-",
        "electronics_devices_and_circuits": "F",
        "problem_solving_techniques": "Abs",
        "programming_in_c": "F",
        "sgpa": "-"
    },
    "22120074": {
        "applied_physics": "F",
        "basic_electrical_engineering": "-",
        "calculus_i": "-",
        "electronics_devices_and_circuits": "-",
        "problem_solving_techniques": "Abs",
        "programming_in_c": "-",
        "sgpa": "-"
    },
    "22120075": {
        "applied_physics": "Abs",
        "basic_electrical_engineering": "F",
        "calculus_i": "F",
        "electronics_devices_and_circuits": "F",
        "problem_solving_techniques": "-",
        "programming_in_c": "F",
        "sgpa": "-"
    },
    "22120077": {
        "applied_physics": "-",
        "basic_electrical_engineering": "Abs",
        "calculus_i": "-",
        "electronics_devices_and_circuits": "-",
        "problem_solving_techniques": "-",
        "programming_in_c": "-",
        "sgpa": "-"
    },
    "22120078": {
        "applied_physics": "F",
        "basic_electrical_engineering": "-",
        "calculus_i": "F",
        "electronics_devices_and_circuits": "-",
        "problem_solving_techniques": "-",
        "programming_in_c": "-",
        "sgpa": "-"
    },
    "22120080": {
        "applied_physics": "-",
        "basic_electrical_engineering": "-",
        "calculus_i": "-",
        "electronics_devices_and_circuits": "-",
        "problem_solving_techniques": "-",
        "programming_in_c": "C+",
        "sgpa": "-"
    },
    "22120082": {
        "applied_physics": "-",
        "basic_electrical_engineering": "-",
        "calculus_i": "F",
        "electronics_devices_and_circuits": "C",
        "problem_solving_techniques": "-",
        "programming_in_c": "-",
        "sgpa": "-"
    },
    "22120083": {
        "applied_physics": "Abs",
        "basic_electrical_engineering": "Abs",
        "calculus_i": "Abs",
        "electronics_devices_and_circuits": "F",
        "problem_solving_techniques": "F",
        "programming_in_c": "-",
        "sgpa": "-"
    },
    "22120084": {
        "applied_physics": "-",
        "basic_electrical_engineering": "Abs",
        "calculus_i": "F",
        "electronics_devices_and_circuits": "F",
        "problem_solving_techniques": "-",
        "programming_in_c": "-",
        "sgpa": "-"
    },
    "22120085": {
        "applied_physics": "F",
        "basic_electrical_engineering": "F",
        "calculus_i": "F",
        "electronics_devices_and_circuits": "F",
        "problem_solving_techniques": "-",
        "programming_in_c": "-",
        "sgpa": "-"
    },
    "22120086": {
        "applied_physics": "-",
        "basic_electrical_engineering": "F",
        "calculus_i": "-",
        "electronics_devices_and_circuits": "-",
        "problem_solving_techniques": "-",
        "programming_in_c": "-",
        "sgpa": "-"
    },
    "22120087": {
        "applied_physics": "-",
        "basic_electrical_engineering": "F",
        "calculus_i": "F",
        "electronics_devices_and_circuits": "Abs",
        "problem_solving_techniques": "-",
        "programming_in_c": "-",
        "sgpa": "-"
    },
    "22120088": {
        "applied_physics": "-",
        "basic_electrical_engineering": "F",
        "calculus_i": "F",
        "electronics_devices_and_circuits": "-",
        "problem_solving_techniques": "F",
        "programming_in_c": "F",
        "sgpa": "-"
    },
    "22120089": {
        "applied_physics": "-",
        "basic_electrical_engineering": "-",
        "calculus_i": "F",
        "electronics_devices_and_circuits": "Abs",
        "problem_solving_techniques": "-",
        "programming_in_c": "F",
        "sgpa": "-"
    },
    "22120091": {
        "applied_physics": "Abs",
        "basic_electrical_engineering": "Abs",
        "calculus_i": "Abs",
        "electronics_devices_and_circuits": "-",
        "problem_solving_techniques": "Abs",
        "programming_in_c": "-",
        "sgpa": "-"
    },
    "22120092": {
        "applied_physics": "Abs",
        "basic_electrical_engineering": "B-",
        "calculus_i": "Abs",
        "electronics_devices_and_circuits": "Abs",
        "problem_solving_techniques": "-",
        "programming_in_c": "Abs",
        "sgpa": "-"
    },
    "22120094": {
        "applied_physics": "F",
        "basic_electrical_engineering": "F",
        "calculus_i": "F",
        "electronics_devices_and_circuits": "-",
        "problem_solving_techniques": "F",
        "programming_in_c": "-",
        "sgpa": "-"
    },
    "22120095": {
        "applied_physics": "-",
        "basic_electrical_engineering": "-",
        "calculus_i": "F",
        "electronics_devices_and_circuits": "-",
        "problem_solving_techniques": "-",
        "programming_in_c": "-",
        "sgpa": "-"
    },
    "22120096": {
        "applied_physics": "F",
        "basic_electrical_engineering": "F",
        "calculus_i": "F",
        "electronics_devices_and_circuits": "-",
        "problem_solving_techniques": "-",
        "programming_in_c": "-",
        "sgpa": "-"
    },
    "22120097": {
        "applied_physics": "-",
        "basic_electrical_engineering": "F",
        "calculus_i": "-",
        "electronics_devices_and_circuits": "-",
        "problem_solving_techniques": "-",
        "programming_in_c": "-",
        "sgpa": "-"
    },
    "22120098": {
        "applied_physics": "F",
        "basic_electrical_engineering": "F",
        "calculus_i": "-",
        "electronics_devices_and_circuits": "-",
        "problem_solving_techniques": "-",
        "programming_in_c": "Abs",
        "sgpa": "-"
    },
    "22120099": {
        "applied_physics": "-",
        "basic_electrical_engineering": "-",
        "calculus_i": "-",
        "electronics_devices_and_circuits": "-",
        "problem_solving_techniques": "-",
        "programming_in_c": "Abs",
        "sgpa": "-"
    },
    "22120102": {
        "applied_physics": "-",
        "basic_electrical_engineering": "F",
        "calculus_i": "C",
        "electronics_devices_and_circuits": "-",
        "problem_solving_techniques": "-",
        "programming_in_c": "-",
        "sgpa": "-"
    },
    "22120103": {
        "applied_physics": "-",
        "basic_electrical_engineering": "-",
        "calculus_i": "-",
        "electronics_devices_and_circuits": "-",
        "problem_solving_techniques": "-",
        "programming_in_c": "F",
        "sgpa": "-"
    },
    "22120104": {
        "applied_physics": "-",
        "basic_electrical_engineering": "C+",
        "calculus_i": "-",
        "electronics_devices_and_circuits": "-",
        "problem_solving_techniques": "-",
        "programming_in_c": "-",
        "sgpa": "-"
    },
    "22120105": {
        "applied_physics": "-",
        "basic_electrical_engineering": "F",
        "calculus_i": "C",
        "electronics_devices_and_circuits": "-",
        "problem_solving_techniques": "-",
        "programming_in_c": "-",
        "sgpa": "-"
    },
    "22120106": {
        "applied_physics": "F",
        "basic_electrical_engineering": "-",
        "calculus_i": "F",
        "electronics_devices_and_circuits": "-",
        "problem_solving_techniques": "-",
        "programming_in_c": "-",
        "sgpa": "-"
    },
    "22120107": {
        "applied_physics": "F",
        "basic_electrical_engineering": "-",
        "calculus_i": "-",
        "electronics_devices_and_circuits": "-",
        "problem_solving_techniques": "-",
        "programming_in_c": "F",
        "sgpa": "-"
    },
    "22120109": {
        "applied_physics": "-",
        "basic_electrical_engineering": "F",
        "calculus_i": "C+",
        "electronics_devices_and_circuits": "-",
        "problem_solving_techniques": "-",
        "programming_in_c": "-",
        "sgpa": "-"
    },
    "22120110": {
        "applied_physics": "-",
        "basic_electrical_engineering": "-",
        "calculus_i": "F",
        "electronics_devices_and_circuits": "F",
        "problem_solving_techniques": "-",
        "programming_in_c": "F",
        "sgpa": "-"
    },
    "22120111": {
        "applied_physics": "F",
        "basic_electrical_engineering": "Abs",
        "calculus_i": "Abs",
        "electronics_devices_and_circuits": "Abs",
        "problem_solving_techniques": "-",
        "programming_in_c": "C-",
        "sgpa": "-"
    },
    "22120112": {
        "applied_physics": "-",
        "basic_electrical_engineering": "F",
        "calculus_i": "Abs",
        "electronics_devices_and_circuits": "Abs",
        "problem_solving_techniques": "-",
        "programming_in_c": "Abs",
        "sgpa": "-"
    },
    "22120113": {
        "applied_physics": "-",
        "basic_electrical_engineering": "Abs",
        "calculus_i": "Abs",
        "electronics_devices_and_circuits": "-",
        "problem_solving_techniques": "-",
        "programming_in_c": "-",
        "sgpa": "-"
    },
    "22120114": {
        "applied_physics": "F",
        "basic_electrical_engineering": "-",
        "calculus_i": "-",
        "electronics_devices_and_circuits": "Abs",
        "problem_solving_techniques": "Abs",
        "programming_in_c": "F",
        "sgpa": "-"
    },
    "22120115": {
        "applied_physics": "Abs",
        "basic_electrical_engineering": "F",
        "calculus_i": "-",
        "electronics_devices_and_circuits": "Abs",
        "problem_solving_techniques": "-",
        "programming_in_c": "-",
        "sgpa": "-"
    },
    "22120118": {
        "applied_physics": "Abs",
        "basic_electrical_engineering": "Abs",
        "calculus_i": "Abs",
        "electronics_devices_and_circuits": "-",
        "problem_solving_techniques": "F",
        "programming_in_c": "Abs",
        "sgpa": "-"
    },
    "22120119": {
        "applied_physics": "Abs",
        "basic_electrical_engineering": "Abs",
        "calculus_i": "-",
        "electronics_devices_and_circuits": "-",
        "problem_solving_techniques": "Abs",
        "programming_in_c": "C-",
        "sgpa": "-"
    },
    "22120120": {
        "applied_physics": "F",
        "basic_electrical_engineering": "F",
        "calculus_i": "-",
        "electronics_devices_and_circuits": "F",
        "problem_solving_techniques": "F",
        "programming_in_c": "C-",
        "sgpa": "-"
    },
    "22120121": {
        "applied_physics": "-",
        "basic_electrical_engineering": "F",
        "calculus_i": "-",
        "electronics_devices_and_circuits": "Abs",
        "problem_solving_techniques": "-",
        "programming_in_c": "-",
        "sgpa": "-"
    },
    "22120122": {
        "applied_physics": "-",
        "basic_electrical_engineering": "Abs",
        "calculus_i": "Abs",
        "electronics_devices_and_circuits": "-",
        "problem_solving_techniques": "-",
        "programming_in_c": "Abs",
        "sgpa": "-"
    },
    "22120123": {
        "applied_physics": "-",
        "basic_electrical_engineering": "-",
        "calculus_i": "-",
        "electronics_devices_and_circuits": "F",
        "problem_solving_techniques": "-",
        "programming_in_c": "C",
        "sgpa": "-"
    },
    "22120125": {
        "applied_physics": "-",
        "basic_electrical_engineering": "F",
        "calculus_i": "Abs",
        "electronics_devices_and_circuits": "-",
        "problem_solving_techniques": "-",
        "programming_in_c": "C",
        "sgpa": "-"
    },
    "22120126": {
        "applied_physics": "-",
        "basic_electrical_engineering": "F",
        "calculus_i": "Abs",
        "electronics_devices_and_circuits": "Abs",
        "problem_solving_techniques": "-",
        "programming_in_c": "C-",
        "sgpa": "-"
    },
    "22120127": {
        "applied_physics": "F",
        "basic_electrical_engineering": "-",
        "calculus_i": "F",
        "electronics_devices_and_circuits": "-",
        "problem_solving_techniques": "-",
        "programming_in_c": "C",
        "sgpa": "-"
    },
    "22120129": {
        "applied_physics": "-",
        "basic_electrical_engineering": "-",
        "calculus_i": "-",
        "electronics_devices_and_circuits": "F",
        "problem_solving_techniques": "C+",
        "programming_in_c": "C-",
        "sgpa": "-"
    },
    "22120130": {
        "applied_physics": "F",
        "basic_electrical_engineering": "-",
        "calculus_i": "Abs",
        "electronics_devices_and_circuits": "F",
        "problem_solving_techniques": "F",
        "programming_in_c": "F",
        "sgpa": "-"
    },
    "22120131": {
        "applied_physics": "Abs",
        "basic_electrical_engineering": "-",
        "calculus_i": "-",
        "electronics_devices_and_circuits": "F",
        "problem_solving_techniques": "-",
        "programming_in_c": "F",
        "sgpa": "-"
    },
    "22120132": {
        "applied_physics": "-",
        "basic_electrical_engineering": "F",
        "calculus_i": "Abs",
        "electronics_devices_and_circuits": "Abs",
        "problem_solving_techniques": "-",
        "programming_in_c": "-",
        "sgpa": "-"
    },
    "22120133": {
        "applied_physics": "F",
        "basic_electrical_engineering": "Abs",
        "calculus_i": "Abs",
        "electronics_devices_and_circuits": "F",
        "problem_solving_techniques": "-",
        "programming_in_c": "F",
        "sgpa": "-"
    },
    "22120136": {
        "applied_physics": "F",
        "basic_electrical_engineering": "-",
        "calculus_i": "-",
        "electronics_devices_and_circuits": "-",
        "problem_solving_techniques": "Abs",
        "programming_in_c": "F",
        "sgpa": "-"
    },
    "22120137": {
        "applied_physics": "Abs",
        "basic_electrical_engineering": "-",
        "calculus_i": "Abs",
        "electronics_devices_and_circuits": "Abs",
        "problem_solving_techniques": "-",
        "programming_in_c": "F",
        "sgpa": "-"
    },
    "22120138": {
        "applied_physics": "-",
        "basic_electrical_engineering": "Abs",
        "calculus_i": "Abs",
        "electronics_devices_and_circuits": "F",
        "problem_solving_techniques": "-",
        "programming_in_c": "-",
        "sgpa": "-"
    },
    "22120139": {
        "applied_physics": "F",
        "basic_electrical_engineering": "-",
        "calculus_i": "Abs",
        "electronics_devices_and_circuits": "F",
        "problem_solving_techniques": "F",
        "programming_in_c": "C-",
        "sgpa": "-"
    },
    "22120140": {
        "applied_physics": "F",
        "basic_electrical_engineering": "F",
        "calculus_i": "-",
        "electronics_devices_and_circuits": "-",
        "problem_solving_techniques": "-",
        "programming_in_c": "F",
        "sgpa": "-"
    },
    "22120141": {
        "applied_physics": "Abs",
        "basic_electrical_engineering": "-",
        "calculus_i": "-",
        "electronics_devices_and_circuits": "-",
        "problem_solving_techniques": "-",
        "programming_in_c": "C-",
        "sgpa": "-"
    },
    "22120142": {
        "applied_physics": "F",
        "basic_electrical_engineering": "-",
        "calculus_i": "Abs",
        "electronics_devices_and_circuits": "F",
        "problem_solving_techniques": "F",
        "programming_in_c": "F",
        "sgpa": "-"
    },
    "22120143": {
        "applied_physics": "Abs",
        "basic_electrical_engineering": "-",
        "calculus_i": "-",
        "electronics_devices_and_circuits": "Abs",
        "problem_solving_techniques": "F",
        "programming_in_c": "-",
        "sgpa": "-"
    },
    "22120145": {
        "applied_physics": "-",
        "basic_electrical_engineering": "-",
        "calculus_i": "-",
        "electronics_devices_and_circuits": "F",
        "problem_solving_techniques": "C",
        "programming_in_c": "C+",
        "sgpa": "-"
    },
    "22120147": {
        "applied_physics": "-",
        "basic_electrical_engineering": "C+",
        "calculus_i": "-",
        "electronics_devices_and_circuits": "-",
        "problem_solving_techniques": "-",
        "programming_in_c": "-",
        "sgpa": "-"
    },
    "22120148": {
        "applied_physics": "-",
        "basic_electrical_engineering": "-",
        "calculus_i": "F",
        "electronics_devices_and_circuits": "-",
        "problem_solving_techniques": "F",
        "programming_in_c": "-",
        "sgpa": "-"
    },
    "22120149": {
        "applied_physics": "-",
        "basic_electrical_engineering": "F",
        "calculus_i": "-",
        "electronics_devices_and_circuits": "C",
        "problem_solving_techniques": "F",
        "programming_in_c": "-",
        "sgpa": "-"
    },
    "22120150": {
        "applied_physics": "F",
        "basic_electrical_engineering": "F",
        "calculus_i": "F",
        "electronics_devices_and_circuits": "F",
        "problem_solving_techniques": "F",
        "programming_in_c": "-",
        "sgpa": "-"
    },
    "22120151": {
        "applied_physics": "-",
        "basic_electrical_engineering": "-",
        "calculus_i": "-",
        "electronics_devices_and_circuits": "-",
        "problem_solving_techniques": "B",
        "programming_in_c": "-",
        "sgpa": "-"
    },
    "22120152": {
        "applied_physics": "-",
        "basic_electrical_engineering": "-",
        "calculus_i": "C",
        "electronics_devices_and_circuits": "-",
        "problem_solving_techniques": "B",
        "programming_in_c": "-",
        "sgpa": "-"
    },
    "22120153": {
        "applied_physics": "Expelled",
        "basic_electrical_engineering": "F",
        "calculus_i": "F",
        "electronics_devices_and_circuits": "F",
        "problem_solving_techniques": "F",
        "programming_in_c": "-",
        "sgpa": "-"
    },
    "22120154": {
        "applied_physics": "-",
        "basic_electrical_engineering": "C-",
        "calculus_i": "F",
        "electronics_devices_and_circuits": "C",
        "problem_solving_techniques": "C+",
        "programming_in_c": "-",
        "sgpa": "-"
    },
    "22120156": {
        "applied_physics": "F",
        "basic_electrical_engineering": "F",
        "calculus_i": "F",
        "electronics_devices_and_circuits": "F",
        "problem_solving_techniques": "F",
        "programming_in_c": "-",
        "sgpa": "-"
    },
    "22120157": {
        "applied_physics": "F",
        "basic_electrical_engineering": "F",
        "calculus_i": "F",
        "electronics_devices_and_circuits": "F",
        "problem_solving_techniques": "F",
        "programming_in_c": "-",
        "sgpa": "-"
    },
    "22120158": {
        "applied_physics": "F",
        "basic_electrical_engineering": "F",
        "calculus_i": "F",
        "electronics_devices_and_circuits": "C",
        "problem_solving_techniques": "F",
        "programming_in_c": "-",
        "sgpa": "-"
    },
    "23120001": {
        "applied_physics": "B",
        "basic_electrical_engineering": "F",
        "calculus_i": "C+",
        "electronics_devices_and_circuits": "C+",
        "problem_solving_techniques": "C",
        "programming_in_c": "B-",
        "sgpa": "-"
    },
    "23120002": {
        "applied_physics": "F",
        "basic_electrical_engineering": "F",
        "calculus_i": "F",
        "electronics_devices_and_circuits": "F",
        "problem_solving_techniques": "F",
        "programming_in_c": "F",
        "sgpa": "-"
    },
    "23120003": {
        "applied_physics": "B+",
        "basic_electrical_engineering": "F",
        "calculus_i": "A-",
        "electronics_devices_and_circuits": "A-",
        "problem_solving_techniques": "B",
        "programming_in_c": "B-",
        "sgpa": "-"
    },
    "23120004": {
        "applied_physics": "F",
        "basic_electrical_engineering": "F",
        "calculus_i": "F",
        "electronics_devices_and_circuits": "F",
        "problem_solving_techniques": "F",
        "programming_in_c": "F",
        "sgpa": "-"
    },
    "23120005": {
        "applied_physics": "F",
        "basic_electrical_engineering": "F",
        "calculus_i": "F",
        "electronics_devices_and_circuits": "F",
        "problem_solving_techniques": "F",
        "programming_in_c": "F",
        "sgpa": "-"
    },
    "23120006": {
        "applied_physics": "F",
        "basic_electrical_engineering": "F",
        "calculus_i": "F",
        "electronics_devices_and_circuits": "F",
        "problem_solving_techniques": "F",
        "programming_in_c": "F",
        "sgpa": "-"
    },
    "23120007": {
        "applied_physics": "B+",
        "basic_electrical_engineering": "F",
        "calculus_i": "C",
        "electronics_devices_and_circuits": "C+",
        "problem_solving_techniques": "C+",
        "programming_in_c": "C",
        "sgpa": "-"
    },
    "23120008": {
        "applied_physics": "C",
        "basic_electrical_engineering": "F",
        "calculus_i": "F",
        "electronics_devices_and_circuits": "F",
        "problem_solving_techniques": "F",
        "programming_in_c": "C+",
        "sgpa": "-"
    },
    "23120009": {
        "applied_physics": "F",
        "basic_electrical_engineering": "F",
        "calculus_i": "F",
        "electronics_devices_and_circuits": "F",
        "problem_solving_techniques": "F",
        "programming_in_c": "F",
        "sgpa": "-"
    },
    "23120010": {
        "applied_physics": "F",
        "basic_electrical_engineering": "F",
        "calculus_i": "F",
        "electronics_devices_and_circuits": "C",
        "problem_solving_techniques": "F",
        "programming_in_c": "C+",
        "sgpa": "-"
    },
    "23120011": {
        "applied_physics": "F",
        "basic_electrical_engineering": "F",
        "calculus_i": "C",
        "electronics_devices_and_circuits": "B+",
        "problem_solving_techniques": "B-",
        "programming_in_c": "C+",
        "sgpa": "-"
    },
    "23120012": {
        "applied_physics": "F",
        "basic_electrical_engineering": "B",
        "calculus_i": "C+",
        "electronics_devices_and_circuits": "A",
        "problem_solving_techniques": "B",
        "programming_in_c": "C+",
        "sgpa": "-"
    },
    "23120013": {
        "applied_physics": "F",
        "basic_electrical_engineering": "F",
        "calculus_i": "F",
        "electronics_devices_and_circuits": "C+",
        "problem_solving_techniques": "C-",
        "programming_in_c": "F",
        "sgpa": "-"
    },
    "23120014": {
        "applied_physics": "F",
        "basic_electrical_engineering": "F",
        "calculus_i": "C",
        "electronics_devices_and_circuits": "A-",
        "problem_solving_techniques": "B+",
        "programming_in_c": "C+",
        "sgpa": "-"
    },
    "23120015": {
        "applied_physics": "F",
        "basic_electrical_engineering": "F",
        "calculus_i": "F",
        "electronics_devices_and_circuits": "B",
        "problem_solving_techniques": "C+",
        "programming_in_c": "C+",
        "sgpa": "-"
    },
    "23120016": {
        "applied_physics": "NQ",
        "basic_electrical_engineering": "NQ",
        "calculus_i": "NQ",
        "electronics_devices_and_circuits": "NQ",
        "problem_solving_techniques": "NQ",
        "programming_in_c": "NQ",
        "sgpa": "-"
    },
    "23120017": {
        "applied_physics": "F",
        "basic_electrical_engineering": "F",
        "calculus_i": "C",
        "electronics_devices_and_circuits": "C",
        "problem_solving_techniques": "B",
        "programming_in_c": "F",
        "sgpa": "-"
    },
    "23120018": {
        "applied_physics": "F",
        "basic_electrical_engineering": "F",
        "calculus_i": "F",
        "electronics_devices_and_circuits": "A-",
        "problem_solving_techniques": "B",
        "programming_in_c": "F",
        "sgpa": "-"
    },
    "23120019": {
        "applied_physics": "F",
        "basic_electrical_engineering": "F",
        "calculus_i": "F",
        "electronics_devices_and_circuits": "F",
        "problem_solving_techniques": "F",
        "programming_in_c": "F",
        "sgpa": "-"
    },
    "23120020": {
        "applied_physics": "C+",
        "basic_electrical_engineering": "C+",
        "calculus_i": "A-",
        "electronics_devices_and_circuits": "A",
        "problem_solving_techniques": "A-",
        "programming_in_c": "B-",
        "sgpa": "3.12"
    },
    "23120021": {
        "applied_physics": "Abs",
        "basic_electrical_engineering": "F",
        "calculus_i": "F",
        "electronics_devices_and_circuits": "Abs",
        "problem_solving_techniques": "F",
        "programming_in_c": "F",
        "sgpa": "-"
    },
    "23120022": {
        "applied_physics": "F",
        "basic_electrical_engineering": "F",
        "calculus_i": "F",
        "electronics_devices_and_circuits": "F",
        "problem_solving_techniques": "F",
        "programming_in_c": "F",
        "sgpa": "-"
    },
    "23120023": {
        "applied_physics": "B-",
        "basic_electrical_engineering": "F",
        "calculus_i": "B+",
        "electronics_devices_and_circuits": "A",
        "problem_solving_techniques": "A",
        "programming_in_c": "C+",
        "sgpa": "-"
    },
    "23120024": {
        "applied_physics": "B",
        "basic_electrical_engineering": "B-",
        "calculus_i": "B+",
        "electronics_devices_and_circuits": "A",
        "problem_solving_techniques": "A",
        "programming_in_c": "B-",
        "sgpa": "3.28"
    },
    "23120025": {
        "applied_physics": "C",
        "basic_electrical_engineering": "F",
        "calculus_i": "F",
        "electronics_devices_and_circuits": "C",
        "problem_solving_techniques": "C+",
        "programming_in_c": "C-",
        "sgpa": "-"
    },
    "23120026": {
        "applied_physics": "B+",
        "basic_electrical_engineering": "B",
        "calculus_i": "B+",
        "electronics_devices_and_circuits": "A",
        "problem_solving_techniques": "A",
        "programming_in_c": "F",
        "sgpa": "-"
    },
    "23120027": {
        "applied_physics": "F",
        "basic_electrical_engineering": "F",
        "calculus_i": "F",
        "electronics_devices_and_circuits": "F",
        "problem_solving_techniques": "F",
        "programming_in_c": "F",
        "sgpa": "-"
    },
    "23120028": {
        "applied_physics": "F",
        "basic_electrical_engineering": "F",
        "calculus_i": "F",
        "electronics_devices_and_circuits": "B-",
        "problem_solving_techniques": "B+",
        "programming_in_c": "C",
        "sgpa": "-"
    },
    "23120029": {
        "applied_physics": "F",
        "basic_electrical_engineering": "F",
        "calculus_i": "F",
        "electronics_devices_and_circuits": "C",
        "problem_solving_techniques": "F",
        "programming_in_c": "F",
        "sgpa": "-"
    },
    "23120030": {
        "applied_physics": "F",
        "basic_electrical_engineering": "F",
        "calculus_i": "F",
        "electronics_devices_and_circuits": "B-",
        "problem_solving_techniques": "C-",
        "programming_in_c": "F",
        "sgpa": "-"
    },
    "23120031": {
        "applied_physics": "F",
        "basic_electrical_engineering": "F",
        "calculus_i": "F",
        "electronics_devices_and_circuits": "B",
        "problem_solving_techniques": "B",
        "programming_in_c": "F",
        "sgpa": "-"
    },
    "23120032": {
        "applied_physics": "F",
        "basic_electrical_engineering": "B-",
        "calculus_i": "C",
        "electronics_devices_and_circuits": "B-",
        "problem_solving_techniques": "B+",
        "programming_in_c": "B",
        "sgpa": "-"
    },
    "23120033": {
        "applied_physics": "F",
        "basic_electrical_engineering": "F",
        "calculus_i": "F",
        "electronics_devices_and_circuits": "F",
        "problem_solving_techniques": "F",
        "programming_in_c": "F",
        "sgpa": "-"
    },
    "23120034": {
        "applied_physics": "Abs",
        "basic_electrical_engineering": "Abs",
        "calculus_i": "F",
        "electronics_devices_and_circuits": "F",
        "problem_solving_techniques": "F",
        "programming_in_c": "F",
        "sgpa": "-"
    },
    "23120035": {
        "applied_physics": "A-",
        "basic_electrical_engineering": "C-",
        "calculus_i": "C+",
        "electronics_devices_and_circuits": "A",
        "problem_solving_techniques": "B+",
        "programming_in_c": "C+",
        "sgpa": "2.88"
    },
    "23120036": {
        "applied_physics": "F",
        "basic_electrical_engineering": "F",
        "calculus_i": "F",
        "electronics_devices_and_circuits": "C",
        "problem_solving_techniques": "C-",
        "programming_in_c": "F",
        "sgpa": "-"
    },
    "23120037": {
        "applied_physics": "F",
        "basic_electrical_engineering": "F",
        "calculus_i": "F",
        "electronics_devices_and_circuits": "F",
        "problem_solving_techniques": "F",
        "programming_in_c": "F",
        "sgpa": "-"
    },
    "23120038": {
        "applied_physics": "B",
        "basic_electrical_engineering": "B-",
        "calculus_i": "B+",
        "electronics_devices_and_circuits": "A",
        "problem_solving_techniques": "A",
        "programming_in_c": "C+",
        "sgpa": "3.22"
    },
    "23120039": {
        "applied_physics": "F",
        "basic_electrical_engineering": "F",
        "calculus_i": "F",
        "electronics_devices_and_circuits": "F",
        "problem_solving_techniques": "F",
        "programming_in_c": "F",
        "sgpa": "-"
    },
    "23120040": {
        "applied_physics": "F",
        "basic_electrical_engineering": "F",
        "calculus_i": "F",
        "electronics_devices_and_circuits": "C",
        "problem_solving_techniques": "B-",
        "programming_in_c": "F",
        "sgpa": "-"
    },
    "23120041": {
        "applied_physics": "F",
        "basic_electrical_engineering": "F",
        "calculus_i": "F",
        "electronics_devices_and_circuits": "F",
        "problem_solving_techniques": "C-",
        "programming_in_c": "F",
        "sgpa": "-"
    },
    "23120042": {
        "applied_physics": "C",
        "basic_electrical_engineering": "C",
        "calculus_i": "C+",
        "electronics_devices_and_circuits": "B+",
        "problem_solving_techniques": "B+",
        "programming_in_c": "C+",
        "sgpa": "2.53"
    },
    "23120043": {
        "applied_physics": "F",
        "basic_electrical_engineering": "F",
        "calculus_i": "F",
        "electronics_devices_and_circuits": "C-",
        "problem_solving_techniques": "C-",
        "programming_in_c": "F",
        "sgpa": "-"
    },
    "23120044": {
        "applied_physics": "F",
        "basic_electrical_engineering": "B-",
        "calculus_i": "F",
        "electronics_devices_and_circuits": "C",
        "problem_solving_techniques": "B",
        "programming_in_c": "A-",
        "sgpa": "-"
    },
    "23120045": {
        "applied_physics": "A",
        "basic_electrical_engineering": "A",
        "calculus_i": "A-",
        "electronics_devices_and_circuits": "A-",
        "problem_solving_techniques": "A-",
        "programming_in_c": "A-",
        "sgpa": "3.80"
    },
    "23120046": {
        "applied_physics": "B",
        "basic_electrical_engineering": "A-",
        "calculus_i": "B",
        "electronics_devices_and_circuits": "A-",
        "problem_solving_techniques": "A-",
        "programming_in_c": "B",
        "sgpa": "3.35"
    },
    "23120047": {
        "applied_physics": "F",
        "basic_electrical_engineering": "F",
        "calculus_i": "F",
        "electronics_devices_and_circuits": "F",
        "problem_solving_techniques": "F",
        "programming_in_c": "F",
        "sgpa": "-"
    },
    "23120048": {
        "applied_physics": "A-",
        "basic_electrical_engineering": "A",
        "calculus_i": "A",
        "electronics_devices_and_circuits": "A",
        "problem_solving_techniques": "B+",
        "programming_in_c": "A-",
        "sgpa": "3.78"
    },
    "23120049": {
        "applied_physics": "F",
        "basic_electrical_engineering": "F",
        "calculus_i": "F",
        "electronics_devices_and_circuits": "C",
        "problem_solving_techniques": "C-",
        "programming_in_c": "F",
        "sgpa": "-"
    },
    "23120050": {
        "applied_physics": "F",
        "basic_electrical_engineering": "F",
        "calculus_i": "F",
        "electronics_devices_and_circuits": "F",
        "problem_solving_techniques": "C-",
        "programming_in_c": "B+",
        "sgpa": "-"
    },
    "23120051": {
        "applied_physics": "F",
        "basic_electrical_engineering": "F",
        "calculus_i": "F",
        "electronics_devices_and_circuits": "F",
        "problem_solving_techniques": "C",
        "programming_in_c": "A-",
        "sgpa": "-"
    },
    "23120052": {
        "applied_physics": "C",
        "basic_electrical_engineering": "C-",
        "calculus_i": "C",
        "electronics_devices_and_circuits": "A-",
        "problem_solving_techniques": "B+",
        "programming_in_c": "A",
        "sgpa": "2.78"
    },
    "23120053": {
        "applied_physics": "F",
        "basic_electrical_engineering": "F",
        "calculus_i": "F",
        "electronics_devices_and_circuits": "C+",
        "problem_solving_techniques": "C",
        "programming_in_c": "B+",
        "sgpa": "-"
    },
    "23120054": {
        "applied_physics": "F",
        "basic_electrical_engineering": "F",
        "calculus_i": "F",
        "electronics_devices_and_circuits": "F",
        "problem_solving_techniques": "F",
        "programming_in_c": "F",
        "sgpa": "-"
    },
    "23120055": {
        "applied_physics": "A",
        "basic_electrical_engineering": "A",
        "calculus_i": "A",
        "electronics_devices_and_circuits": "A",
        "problem_solving_techniques": "A",
        "programming_in_c": "A",
        "sgpa": "4.00"
    },
    "23120056": {
        "applied_physics": "F",
        "basic_electrical_engineering": "C+",
        "calculus_i": "F",
        "electronics_devices_and_circuits": "F",
        "problem_solving_techniques": "B-",
        "programming_in_c": "C+",
        "sgpa": "-"
    },
    "23120057": {
        "applied_physics": "F",
        "basic_electrical_engineering": "F",
        "calculus_i": "F",
        "electronics_devices_and_circuits": "F",
        "problem_solving_techniques": "C+",
        "programming_in_c": "C",
        "sgpa": "-"
    },
    "23120058": {
        "applied_physics": "F",
        "basic_electrical_engineering": "C",
        "calculus_i": "C",
        "electronics_devices_and_circuits": "B",
        "problem_solving_techniques": "B-",
        "programming_in_c": "B-",
        "sgpa": "-"
    },
    "23120059": {
        "applied_physics": "Abs",
        "basic_electrical_engineering": "Abs",
        "calculus_i": "Abs",
        "electronics_devices_and_circuits": "F",
        "problem_solving_techniques": "Abs",
        "programming_in_c": "Abs",
        "sgpa": "-"
    },
    "23120060": {
        "applied_physics": "F",
        "basic_electrical_engineering": "F",
        "calculus_i": "F",
        "electronics_devices_and_circuits": "F",
        "problem_solving_techniques": "C",
        "programming_in_c": "B",
        "sgpa": "-"
    },
    "23120061": {
        "applied_physics": "A",
        "basic_electrical_engineering": "A",
        "calculus_i": "A",
        "electronics_devices_and_circuits": "A",
        "problem_solving_techniques": "A",
        "programming_in_c": "A-",
        "sgpa": "3.95"
    },
    "23120062": {
        "applied_physics": "C-",
        "basic_electrical_engineering": "C-",
        "calculus_i": "C",
        "electronics_devices_and_circuits": "B-",
        "problem_solving_techniques": "B",
        "programming_in_c": "A",
        "sgpa": "2.52"
    },
    "23120063": {
        "applied_physics": "F",
        "basic_electrical_engineering": "F",
        "calculus_i": "F",
        "electronics_devices_and_circuits": "C+",
        "problem_solving_techniques": "B",
        "programming_in_c": "B-",
        "sgpa": "-"
    },
    "23120064": {
        "applied_physics": "B-",
        "basic_electrical_engineering": "C+",
        "calculus_i": "C",
        "electronics_devices_and_circuits": "A-",
        "problem_solving_techniques": "B-",
        "programming_in_c": "A-",
        "sgpa": "2.85"
    },
    "23120065": {
        "applied_physics": "B+",
        "basic_electrical_engineering": "B",
        "calculus_i": "B",
        "electronics_devices_and_circuits": "A-",
        "problem_solving_techniques": "A",
        "programming_in_c": "A",
        "sgpa": "3.50"
    },
    "23120066": {
        "applied_physics": "F",
        "basic_electrical_engineering": "F",
        "calculus_i": "F",
        "electronics_devices_and_circuits": "F",
        "problem_solving_techniques": "F",
        "programming_in_c": "C-",
        "sgpa": "-"
    },
    "23120067": {
        "applied_physics": "F",
        "basic_electrical_engineering": "F",
        "calculus_i": "F",
        "electronics_devices_and_circuits": "F",
        "problem_solving_techniques": "C+",
        "programming_in_c": "C+",
        "sgpa": "-"
    },
    "23120068": {
        "applied_physics": "F",
        "basic_electrical_engineering": "F",
        "calculus_i": "F",
        "electronics_devices_and_circuits": "F",
        "problem_solving_techniques": "C",
        "programming_in_c": "F",
        "sgpa": "-"
    },
    "23120069": {
        "applied_physics": "F",
        "basic_electrical_engineering": "F",
        "calculus_i": "F",
        "electronics_devices_and_circuits": "F",
        "problem_solving_techniques": "F",
        "programming_in_c": "C",
        "sgpa": "-"
    },
    "23120070": {
        "applied_physics": "Abs",
        "basic_electrical_engineering": "Abs",
        "calculus_i": "C+",
        "electronics_devices_and_circuits": "C+",
        "problem_solving_techniques": "B-",
        "programming_in_c": "Abs",
        "sgpa": "-"
    },
    "23120071": {
        "applied_physics": "F",
        "basic_electrical_engineering": "F",
        "calculus_i": "F",
        "electronics_devices_and_circuits": "F",
        "problem_solving_techniques": "C",
        "programming_in_c": "C+",
        "sgpa": "-"
    },
    "23120072": {
        "applied_physics": "F",
        "basic_electrical_engineering": "F",
        "calculus_i": "F",
        "electronics_devices_and_circuits": "F",
        "problem_solving_techniques": "F",
        "programming_in_c": "B-",
        "sgpa": "-"
    },
    "23120073": {
        "applied_physics": "F",
        "basic_electrical_engineering": "F",
        "calculus_i": "F",
        "electronics_devices_and_circuits": "F",
        "problem_solving_techniques": "F",
        "programming_in_c": "C",
        "sgpa": "-"
    },
    "23120074": {
        "applied_physics": "B",
        "basic_electrical_engineering": "B",
        "calculus_i": "C+",
        "electronics_devices_and_circuits": "B+",
        "problem_solving_techniques": "A",
        "programming_in_c": "B-",
        "sgpa": "3.05"
    },
    "23120075": {
        "applied_physics": "Abs",
        "basic_electrical_engineering": "F",
        "calculus_i": "F",
        "electronics_devices_and_circuits": "F",
        "problem_solving_techniques": "F",
        "programming_in_c": "F",
        "sgpa": "-"
    },
    "23120076": {
        "applied_physics": "B",
        "basic_electrical_engineering": "A-",
        "calculus_i": "A-",
        "electronics_devices_and_circuits": "A",
        "problem_solving_techniques": "A",
        "programming_in_c": "A-",
        "sgpa": "3.68"
    },
    "23120077": {
        "applied_physics": "F",
        "basic_electrical_engineering": "F",
        "calculus_i": "F",
        "electronics_devices_and_circuits": "B-",
        "problem_solving_techniques": "C+",
        "programming_in_c": "B+",
        "sgpa": "-"
    },
    "23120078": {
        "applied_physics": "A",
        "basic_electrical_engineering": "A",
        "calculus_i": "A",
        "electronics_devices_and_circuits": "A",
        "problem_solving_techniques": "A",
        "programming_in_c": "A",
        "sgpa": "4.00"
    },
    "23120079": {
        "applied_physics": "F",
        "basic_electrical_engineering": "F",
        "calculus_i": "F",
        "electronics_devices_and_circuits": "F",
        "problem_solving_techniques": "F",
        "programming_in_c": "F",
        "sgpa": "-"
    },
    "23120080": {
        "applied_physics": "A",
        "basic_electrical_engineering": "A-",
        "calculus_i": "A-",
        "electronics_devices_and_circuits": "A",
        "problem_solving_techniques": "A",
        "programming_in_c": "A",
        "sgpa": "3.90"
    },
    "23120081": {
        "applied_physics": "F",
        "basic_electrical_engineering": "F",
        "calculus_i": "F",
        "electronics_devices_and_circuits": "F",
        "problem_solving_techniques": "F",
        "programming_in_c": "C",
        "sgpa": "-"
    },
    "23120082": {
        "applied_physics": "F",
        "basic_electrical_engineering": "F",
        "calculus_i": "F",
        "electronics_devices_and_circuits": "F",
        "problem_solving_techniques": "C-",
        "programming_in_c": "F",
        "sgpa": "-"
    },
    "23120083": {
        "applied_physics": "F",
        "basic_electrical_engineering": "F",
        "calculus_i": "F",
        "electronics_devices_and_circuits": "F",
        "problem_solving_techniques": "F",
        "programming_in_c": "F",
        "sgpa": "-"
    },
    "23120084": {
        "applied_physics": "F",
        "basic_electrical_engineering": "F",
        "calculus_i": "F",
        "electronics_devices_and_circuits": "F",
        "problem_solving_techniques": "C",
        "programming_in_c": "C+",
        "sgpa": "-"
    },
    "23120085": {
        "applied_physics": "F",
        "basic_electrical_engineering": "F",
        "calculus_i": "F",
        "electronics_devices_and_circuits": "F",
        "problem_solving_techniques": "C",
        "programming_in_c": "B",
        "sgpa": "-"
    },
    "23120086": {
        "applied_physics": "C",
        "basic_electrical_engineering": "C+",
        "calculus_i": "F",
        "electronics_devices_and_circuits": "B-",
        "problem_solving_techniques": "B+",
        "programming_in_c": "A",
        "sgpa": "-"
    },
    "23120087": {
        "applied_physics": "F",
        "basic_electrical_engineering": "F",
        "calculus_i": "F",
        "electronics_devices_and_circuits": "F",
        "problem_solving_techniques": "F",
        "programming_in_c": "B-",
        "sgpa": "-"
    },
    "23120088": {
        "applied_physics": "F",
        "basic_electrical_engineering": "F",
        "calculus_i": "C",
        "electronics_devices_and_circuits": "B",
        "problem_solving_techniques": "C+",
        "programming_in_c": "C+",
        "sgpa": "-"
    },
    "23120089": {
        "applied_physics": "C",
        "basic_electrical_engineering": "F",
        "calculus_i": "F",
        "electronics_devices_and_circuits": "B+",
        "problem_solving_techniques": "A-",
        "programming_in_c": "A-",
        "sgpa": "-"
    },
    "23120090": {
        "applied_physics": "F",
        "basic_electrical_engineering": "F",
        "calculus_i": "F",
        "electronics_devices_and_circuits": "F",
        "problem_solving_techniques": "C-",
        "programming_in_c": "F",
        "sgpa": "-"
    },
    "23120091": {
        "applied_physics": "C",
        "basic_electrical_engineering": "F",
        "calculus_i": "B-",
        "electronics_devices_and_circuits": "B+",
        "problem_solving_techniques": "B+",
        "programming_in_c": "A-",
        "sgpa": "-"
    },
    "23120092": {
        "applied_physics": "F",
        "basic_electrical_engineering": "Abs",
        "calculus_i": "F",
        "electronics_devices_and_circuits": "C",
        "problem_solving_techniques": "B",
        "programming_in_c": "A",
        "sgpa": "-"
    },
    "23120093": {
        "applied_physics": "C+",
        "basic_electrical_engineering": "B",
        "calculus_i": "B",
        "electronics_devices_and_circuits": "B",
        "problem_solving_techniques": "A",
        "programming_in_c": "B",
        "sgpa": "3.05"
    },
    "23120094": {
        "applied_physics": "F",
        "basic_electrical_engineering": "F",
        "calculus_i": "F",
        "electronics_devices_and_circuits": "F",
        "problem_solving_techniques": "C",
        "programming_in_c": "Expelled",
        "sgpa": "-"
    },
    "23120095": {
        "applied_physics": "B",
        "basic_electrical_engineering": "F",
        "calculus_i": "C",
        "electronics_devices_and_circuits": "B+",
        "problem_solving_techniques": "B",
        "programming_in_c": "A-",
        "sgpa": "-"
    },
    "23120096": {
        "applied_physics": "B+",
        "basic_electrical_engineering": "F",
        "calculus_i": "B",
        "electronics_devices_and_circuits": "C+",
        "problem_solving_techniques": "A-",
        "programming_in_c": "B",
        "sgpa": "-"
    },
    "23120097": {
        "applied_physics": "C",
        "basic_electrical_engineering": "F",
        "calculus_i": "F",
        "electronics_devices_and_circuits": "F",
        "problem_solving_techniques": "B-",
        "programming_in_c": "C+",
        "sgpa": "-"
    },
    "23120098": {
        "applied_physics": "F",
        "basic_electrical_engineering": "F",
        "calculus_i": "F",
        "electronics_devices_and_circuits": "F",
        "problem_solving_techniques": "F",
        "programming_in_c": "F",
        "sgpa": "-"
    },
    "23120099": {
        "applied_physics": "F",
        "basic_electrical_engineering": "F",
        "calculus_i": "F",
        "electronics_devices_and_circuits": "F",
        "problem_solving_techniques": "F",
        "programming_in_c": "B",
        "sgpa": "-"
    },
    "23120100": {
        "applied_physics": "C",
        "basic_electrical_engineering": "F",
        "calculus_i": "F",
        "electronics_devices_and_circuits": "B-",
        "problem_solving_techniques": "C+",
        "programming_in_c": "A-",
        "sgpa": "-"
    },
    "23120101": {
        "applied_physics": "F",
        "basic_electrical_engineering": "F",
        "calculus_i": "F",
        "electronics_devices_and_circuits": "F",
        "problem_solving_techniques": "C",
        "programming_in_c": "C-",
        "sgpa": "-"
    },
    "23120102": {
        "applied_physics": "F",
        "basic_electrical_engineering": "F",
        "calculus_i": "F",
        "electronics_devices_and_circuits": "F",
        "problem_solving_techniques": "F",
        "programming_in_c": "C-",
        "sgpa": "-"
    },
    "23120103": {
        "applied_physics": "F",
        "basic_electrical_engineering": "F",
        "calculus_i": "F",
        "electronics_devices_and_circuits": "F",
        "problem_solving_techniques": "F",
        "programming_in_c": "Abs",
        "sgpa": "-"
    },
    "23120104": {
        "applied_physics": "B-",
        "basic_electrical_engineering": "C+",
        "calculus_i": "B",
        "electronics_devices_and_circuits": "B+",
        "problem_solving_techniques": "B+",
        "programming_in_c": "B+",
        "sgpa": "2.98"
    },
    "23120105": {
        "applied_physics": "F",
        "basic_electrical_engineering": "F",
        "calculus_i": "F",
        "electronics_devices_and_circuits": "F",
        "problem_solving_techniques": "F",
        "programming_in_c": "B+",
        "sgpa": "-"
    },
    "23120106": {
        "applied_physics": "C+",
        "basic_electrical_engineering": "C+",
        "calculus_i": "C",
        "electronics_devices_and_circuits": "A",
        "problem_solving_techniques": "B",
        "programming_in_c": "A",
        "sgpa": "2.93"
    },
    "23120107": {
        "applied_physics": "F",
        "basic_electrical_engineering": "F",
        "calculus_i": "F",
        "electronics_devices_and_circuits": "C+",
        "problem_solving_techniques": "C",
        "programming_in_c": "C",
        "sgpa": "-"
    },
    "23120108": {
        "applied_physics": "F",
        "basic_electrical_engineering": "F",
        "calculus_i": "F",
        "electronics_devices_and_circuits": "B-",
        "problem_solving_techniques": "C",
        "programming_in_c": "C",
        "sgpa": "-"
    },
    "23120109": {
        "applied_physics": "B-",
        "basic_electrical_engineering": "F",
        "calculus_i": "B-",
        "electronics_devices_and_circuits": "A",
        "problem_solving_techniques": "A-",
        "programming_in_c": "A",
        "sgpa": "-"
    },
    "23120110": {
        "applied_physics": "F",
        "basic_electrical_engineering": "F",
        "calculus_i": "B-",
        "electronics_devices_and_circuits": "B-",
        "problem_solving_techniques": "B",
        "programming_in_c": "B-",
        "sgpa": "-"
    },
    "23120111": {
        "applied_physics": "F",
        "basic_electrical_engineering": "F",
        "calculus_i": "F",
        "electronics_devices_and_circuits": "F",
        "problem_solving_techniques": "C",
        "programming_in_c": "F",
        "sgpa": "-"
    },
    "23120112": {
        "applied_physics": "F",
        "basic_electrical_engineering": "F",
        "calculus_i": "Expelled",
        "electronics_devices_and_circuits": "F",
        "problem_solving_techniques": "F",
        "programming_in_c": "F",
        "sgpa": "-"
    },
    "23120113": {
        "applied_physics": "F",
        "basic_electrical_engineering": "F",
        "calculus_i": "F",
        "electronics_devices_and_circuits": "Abs",
        "problem_solving_techniques": "C+",
        "programming_in_c": "C",
        "sgpa": "-"
    },
    "23120114": {
        "applied_physics": "A",
        "basic_electrical_engineering": "A-",
        "calculus_i": "A",
        "electronics_devices_and_circuits": "A",
        "problem_solving_techniques": "A",
        "programming_in_c": "A-",
        "sgpa": "3.90"
    },
    "23120115": {
        "applied_physics": "F",
        "basic_electrical_engineering": "F",
        "calculus_i": "F",
        "electronics_devices_and_circuits": "F",
        "problem_solving_techniques": "C",
        "programming_in_c": "C+",
        "sgpa": "-"
    },
    "23120116": {
        "applied_physics": "B+",
        "basic_electrical_engineering": "F",
        "calculus_i": "F",
        "electronics_devices_and_circuits": "B+",
        "problem_solving_techniques": "A",
        "programming_in_c": "C+",
        "sgpa": "-"
    },
    "23120117": {
        "applied_physics": "F",
        "basic_electrical_engineering": "F",
        "calculus_i": "F",
        "electronics_devices_and_circuits": "C",
        "problem_solving_techniques": "C",
        "programming_in_c": "B+",
        "sgpa": "-"
    },
    "23120118": {
        "applied_physics": "F",
        "basic_electrical_engineering": "F",
        "calculus_i": "F",
        "electronics_devices_and_circuits": "F",
        "problem_solving_techniques": "F",
        "programming_in_c": "F",
        "sgpa": "-"
    },
    "23120119": {
        "applied_physics": "C",
        "basic_electrical_engineering": "F",
        "calculus_i": "F",
        "electronics_devices_and_circuits": "B",
        "problem_solving_techniques": "A-",
        "programming_in_c": "B-",
        "sgpa": "-"
    },
    "23120120": {
        "applied_physics": "F",
        "basic_electrical_engineering": "F",
        "calculus_i": "F",
        "electronics_devices_and_circuits": "F",
        "problem_solving_techniques": "F",
        "programming_in_c": "B-",
        "sgpa": "-"
    },
    "23120121": {
        "applied_physics": "F",
        "basic_electrical_engineering": "F",
        "calculus_i": "F",
        "electronics_devices_and_circuits": "F",
        "problem_solving_techniques": "F",
        "programming_in_c": "F",
        "sgpa": "-"
    },
    "23120122": {
        "applied_physics": "F",
        "basic_electrical_engineering": "F",
        "calculus_i": "F",
        "electronics_devices_and_circuits": "F",
        "problem_solving_techniques": "F",
        "programming_in_c": "F",
        "sgpa": "-"
    },
    "23120123": {
        "applied_physics": "F",
        "basic_electrical_engineering": "F",
        "calculus_i": "F",
        "electronics_devices_and_circuits": "C+",
        "problem_solving_techniques": "C+",
        "programming_in_c": "B+",
        "sgpa": "-"
    },
    "23120124": {
        "applied_physics": "F",
        "basic_electrical_engineering": "F",
        "calculus_i": "F",
        "electronics_devices_and_circuits": "F",
        "problem_solving_techniques": "C",
        "programming_in_c": "A-",
        "sgpa": "-"
    },
    "23120125": {
        "applied_physics": "F",
        "basic_electrical_engineering": "F",
        "calculus_i": "F",
        "electronics_devices_and_circuits": "F",
        "problem_solving_techniques": "F",
        "programming_in_c": "F",
        "sgpa": "-"
    },
    "23120126": {
        "applied_physics": "F",
        "basic_electrical_engineering": "F",
        "calculus_i": "F",
        "electronics_devices_and_circuits": "B-",
        "problem_solving_techniques": "C",
        "programming_in_c": "C+",
        "sgpa": "-"
    },
    "23120127": {
        "applied_physics": "B+",
        "basic_electrical_engineering": "C+",
        "calculus_i": "B",
        "electronics_devices_and_circuits": "A",
        "problem_solving_techniques": "A-",
        "programming_in_c": "A",
        "sgpa": "3.38"
    },
    "23120128": {
        "applied_physics": "F",
        "basic_electrical_engineering": "F",
        "calculus_i": "F",
        "electronics_devices_and_circuits": "F",
        "problem_solving_techniques": "C",
        "programming_in_c": "B+",
        "sgpa": "-"
    },
    "23120129": {
        "applied_physics": "B-",
        "basic_electrical_engineering": "F",
        "calculus_i": "B-",
        "electronics_devices_and_circuits": "A-",
        "problem_solving_techniques": "A-",
        "programming_in_c": "A",
        "sgpa": "-"
    },
    "23120130": {
        "applied_physics": "A-",
        "basic_electrical_engineering": "B",
        "calculus_i": "B",
        "electronics_devices_and_circuits": "A",
        "problem_solving_techniques": "B+",
        "programming_in_c": "A-",
        "sgpa": "3.45"
    },
    "23120131": {
        "applied_physics": "Abs",
        "basic_electrical_engineering": "Abs",
        "calculus_i": "F",
        "electronics_devices_and_circuits": "F",
        "problem_solving_techniques": "F",
        "programming_in_c": "C",
        "sgpa": "-"
    },
    "23120132": {
        "applied_physics": "F",
        "basic_electrical_engineering": "F",
        "calculus_i": "F",
        "electronics_devices_and_circuits": "C",
        "problem_solving_techniques": "C+",
        "programming_in_c": "F",
        "sgpa": "-"
    },
    "23120133": {
        "applied_physics": "B",
        "basic_electrical_engineering": "F",
        "calculus_i": "B-",
        "electronics_devices_and_circuits": "B",
        "problem_solving_techniques": "B",
        "programming_in_c": "A",
        "sgpa": "-"
    },
    "23120134": {
        "applied_physics": "A",
        "basic_electrical_engineering": "F",
        "calculus_i": "A-",
        "electronics_devices_and_circuits": "A-",
        "problem_solving_techniques": "B+",
        "programming_in_c": "A-",
        "sgpa": "-"
    },
    "23120135": {
        "applied_physics": "F",
        "basic_electrical_engineering": "F",
        "calculus_i": "F",
        "electronics_devices_and_circuits": "F",
        "problem_solving_techniques": "F",
        "programming_in_c": "F",
        "sgpa": "-"
    },
    "23120136": {
        "applied_physics": "B+",
        "basic_electrical_engineering": "F",
        "calculus_i": "B",
        "electronics_devices_and_circuits": "A-",
        "problem_solving_techniques": "A",
        "programming_in_c": "A",
        "sgpa": "-"
    },
    "23120137": {
        "applied_physics": "F",
        "basic_electrical_engineering": "F",
        "calculus_i": "F",
        "electronics_devices_and_circuits": "F",
        "problem_solving_techniques": "C-",
        "programming_in_c": "C",
        "sgpa": "-"
    },
    "23120138": {
        "applied_physics": "F",
        "basic_electrical_engineering": "F",
        "calculus_i": "F",
        "electronics_devices_and_circuits": "F",
        "problem_solving_techniques": "B",
        "programming_in_c": "F",
        "sgpa": "-"
    },
    "23120139": {
        "applied_physics": "C",
        "basic_electrical_engineering": "F",
        "calculus_i": "F",
        "electronics_devices_and_circuits": "F",
        "problem_solving_techniques": "B-",
        "programming_in_c": "A-",
        "sgpa": "-"
    },
    "23120140": {
        "applied_physics": "Abs",
        "basic_electrical_engineering": "F",
        "calculus_i": "F",
        "electronics_devices_and_circuits": "F",
        "problem_solving_techniques": "F",
        "programming_in_c": "F",
        "sgpa": "-"
    },
    "23120141": {
        "applied_physics": "F",
        "basic_electrical_engineering": "F",
        "calculus_i": "F",
        "electronics_devices_and_circuits": "C",
        "problem_solving_techniques": "C-",
        "programming_in_c": "C+",
        "sgpa": "-"
    },
    "23120142": {
        "applied_physics": "F",
        "basic_electrical_engineering": "F",
        "calculus_i": "Expelled",
        "electronics_devices_and_circuits": "C",
        "problem_solving_techniques": "C+",
        "programming_in_c": "B",
        "sgpa": "-"
    },
    "23120143": {
        "applied_physics": "F",
        "basic_electrical_engineering": "F",
        "calculus_i": "C",
        "electronics_devices_and_circuits": "C+",
        "problem_solving_techniques": "C",
        "programming_in_c": "A-",
        "sgpa": "-"
    },
    "23120144": {
        "applied_physics": "A",
        "basic_electrical_engineering": "C+",
        "calculus_i": "A-",
        "electronics_devices_and_circuits": "A",
        "problem_solving_techniques": "A",
        "programming_in_c": "A",
        "sgpa": "3.67"
    },
    "23120145": {
        "applied_physics": "C+",
        "basic_electrical_engineering": "F",
        "calculus_i": "C",
        "electronics_devices_and_circuits": "A-",
        "problem_solving_techniques": "C+",
        "programming_in_c": "A-",
        "sgpa": "-"
    },
    "23120146": {
        "applied_physics": "A",
        "basic_electrical_engineering": "B",
        "calculus_i": "A",
        "electronics_devices_and_circuits": "B+",
        "problem_solving_techniques": "A",
        "programming_in_c": "A",
        "sgpa": "3.72"
    },
    "23120147": {
        "applied_physics": "C",
        "basic_electrical_engineering": "F",
        "calculus_i": "C",
        "electronics_devices_and_circuits": "A",
        "problem_solving_techniques": "A-",
        "programming_in_c": "B-",
        "sgpa": "-"
    },
    "23120148": {
        "applied_physics": "A-",
        "basic_electrical_engineering": "B",
        "calculus_i": "B-",
        "electronics_devices_and_circuits": "A",
        "problem_solving_techniques": "A",
        "programming_in_c": "A",
        "sgpa": "3.57"
    },
    "23120149": {
        "applied_physics": "F",
        "basic_electrical_engineering": "F",
        "calculus_i": "F",
        "electronics_devices_and_circuits": "B-",
        "problem_solving_techniques": "A",
        "programming_in_c": "C+",
        "sgpa": "-"
    },
    "23120150": {
        "applied_physics": "F",
        "basic_electrical_engineering": "F",
        "calculus_i": "B-",
        "electronics_devices_and_circuits": "F",
        "problem_solving_techniques": "C-",
        "programming_in_c": "B",
        "sgpa": "-"
    },
    "23120151": {
        "applied_physics": "F",
        "basic_electrical_engineering": "F",
        "calculus_i": "C+",
        "electronics_devices_and_circuits": "F",
        "problem_solving_techniques": "C-",
        "programming_in_c": "B",
        "sgpa": "-"
    },
    "23120152": {
        "applied_physics": "F",
        "basic_electrical_engineering": "C",
        "calculus_i": "F",
        "electronics_devices_and_circuits": "C-",
        "problem_solving_techniques": "C",
        "programming_in_c": "A-",
        "sgpa": "-"
    },
    "23120153": {
        "applied_physics": "A",
        "basic_electrical_engineering": "B+",
        "calculus_i": "A",
        "electronics_devices_and_circuits": "A",
        "problem_solving_techniques": "A",
        "programming_in_c": "A",
        "sgpa": "3.88"
    },
    "23120154": {
        "applied_physics": "Abs",
        "basic_electrical_engineering": "Abs",
        "calculus_i": "Abs",
        "electronics_devices_and_circuits": "Abs",
        "problem_solving_techniques": "Abs",
        "programming_in_c": "Abs",
        "sgpa": "-"
    },
    "23120155": {
        "applied_physics": "Abs",
        "basic_electrical_engineering": "Abs",
        "calculus_i": "F",
        "electronics_devices_and_circuits": "F",
        "problem_solving_techniques": "Abs",
        "programming_in_c": "F",
        "sgpa": "-"
    },
    "23120156": {
        "applied_physics": "C",
        "basic_electrical_engineering": "F",
        "calculus_i": "F",
        "electronics_devices_and_circuits": "F",
        "problem_solving_techniques": "C",
        "programming_in_c": "B-",
        "sgpa": "-"
    },
    "23120157": {
        "applied_physics": "B",
        "basic_electrical_engineering": "C+",
        "calculus_i": "F",
        "electronics_devices_and_circuits": "F",
        "problem_solving_techniques": "B-",
        "programming_in_c": "A-",
        "sgpa": "-"
    },
    "23120158": {
        "applied_physics": "C",
        "basic_electrical_engineering": "F",
        "calculus_i": "F",
        "electronics_devices_and_circuits": "F",
        "problem_solving_techniques": "C",
        "programming_in_c": "B",
        "sgpa": "-"
    },
    "23120159": {
        "applied_physics": "F",
        "basic_electrical_engineering": "F",
        "calculus_i": "F",
        "electronics_devices_and_circuits": "F",
        "problem_solving_techniques": "F",
        "programming_in_c": "F",
        "sgpa": "-"
    },
    "23120160": {
        "applied_physics": "F",
        "basic_electrical_engineering": "F",
        "calculus_i": "F",
        "electronics_devices_and_circuits": "F",
        "problem_solving_techniques": "C+",
        "programming_in_c": "A-",
        "sgpa": "-"
    },
    "23120161": {
        "applied_physics": "C",
        "basic_electrical_engineering": "F",
        "calculus_i": "F",
        "electronics_devices_and_circuits": "F",
        "problem_solving_techniques": "C",
        "programming_in_c": "B-",
        "sgpa": "-"
    },
    "23120162": {
        "applied_physics": "A",
        "basic_electrical_engineering": "A-",
        "calculus_i": "B",
        "electronics_devices_and_circuits": "F",
        "problem_solving_techniques": "A-",
        "programming_in_c": "F",
        "sgpa": "-"
    },
    "23120163": {
        "applied_physics": "F",
        "basic_electrical_engineering": "F",
        "calculus_i": "F",
        "electronics_devices_and_circuits": "F",
        "problem_solving_techniques": "F",
        "programming_in_c": "F",
        "sgpa": "-"
    },
    "23120164": {
        "applied_physics": "F",
        "basic_electrical_engineering": "F",
        "calculus_i": "F",
        "electronics_devices_and_circuits": "F",
        "problem_solving_techniques": "F",
        "programming_in_c": "F",
        "sgpa": "-"
    },
    "23120165": {
        "applied_physics": "F",
        "basic_electrical_engineering": "F",
        "calculus_i": "F",
        "electronics_devices_and_circuits": "F",
        "problem_solving_techniques": "F",
        "programming_in_c": "F",
        "sgpa": "-"
    },
    "23120166": {
        "applied_physics": "F",
        "basic_electrical_engineering": "F",
        "calculus_i": "F",
        "electronics_devices_and_circuits": "F",
        "problem_solving_techniques": "F",
        "programming_in_c": "F",
        "sgpa": "-"
    },
    "23120167": {
        "applied_physics": "F",
        "basic_electrical_engineering": "C+",
        "calculus_i": "F",
        "electronics_devices_and_circuits": "F",
        "problem_solving_techniques": "C",
        "programming_in_c": "A",
        "sgpa": "-"
    },
    "23120168": {
        "applied_physics": "B-",
        "basic_electrical_engineering": "C",
        "calculus_i": "F",
        "electronics_devices_and_circuits": "B",
        "problem_solving_techniques": "B-",
        "programming_in_c": "A-",
        "sgpa": "-"
    },
    "23120169": {
        "applied_physics": "F",
        "basic_electrical_engineering": "F",
        "calculus_i": "F",
        "electronics_devices_and_circuits": "F",
        "problem_solving_techniques": "F",
        "programming_in_c": "F",
        "sgpa": "-"
    },
    "23120170": {
        "applied_physics": "C+",
        "basic_electrical_engineering": "C",
        "calculus_i": "F",
        "electronics_devices_and_circuits": "F",
        "problem_solving_techniques": "C",
        "programming_in_c": "F",
        "sgpa": "-"
    },
    "23120171": {
        "applied_physics": "C+",
        "basic_electrical_engineering": "C+",
        "calculus_i": "F",
        "electronics_devices_and_circuits": "B-",
        "problem_solving_techniques": "B+",
        "programming_in_c": "A",
        "sgpa": "-"
    },
    "23120172": {
        "applied_physics": "B",
        "basic_electrical_engineering": "F",
        "calculus_i": "F",
        "electronics_devices_and_circuits": "F",
        "problem_solving_techniques": "C",
        "programming_in_c": "C+",
        "sgpa": "-"
    },
    "23120173": {
        "applied_physics": "A",
        "basic_electrical_engineering": "B-",
        "calculus_i": "C+",
        "electronics_devices_and_circuits": "B",
        "problem_solving_techniques": "B+",
        "programming_in_c": "A",
        "sgpa": "3.22"
    },
    "23120174": {
        "applied_physics": "B-",
        "basic_electrical_engineering": "B",
        "calculus_i": "B-",
        "electronics_devices_and_circuits": "C+",
        "problem_solving_techniques": "C+",
        "programming_in_c": "A",
        "sgpa": "2.83"
    },
    "23120175": {
        "applied_physics": "B+",
        "basic_electrical_engineering": "C+",
        "calculus_i": "F",
        "electronics_devices_and_circuits": "Expelled",
        "problem_solving_techniques": "B",
        "programming_in_c": "A",
        "sgpa": "-"
    },
    "23120176": {
        "applied_physics": "F",
        "basic_electrical_engineering": "F",
        "calculus_i": "F",
        "electronics_devices_and_circuits": "F",
        "problem_solving_techniques": "F",
        "programming_in_c": "F",
        "sgpa": "-"
    },
    "23120177": {
        "applied_physics": "A",
        "basic_electrical_engineering": "B+",
        "calculus_i": "A",
        "electronics_devices_and_circuits": "B-",
        "problem_solving_techniques": "B+",
        "programming_in_c": "A",
        "sgpa": "3.55"
    },
    "23120178": {
        "applied_physics": "Abs",
        "basic_electrical_engineering": "F",
        "calculus_i": "Abs",
        "electronics_devices_and_circuits": "F",
        "problem_solving_techniques": "F",
        "programming_in_c": "Abs",
        "sgpa": "-"
    },
    "23120179": {
        "applied_physics": "F",
        "basic_electrical_engineering": "F",
        "calculus_i": "F",
        "electronics_devices_and_circuits": "Expelled",
        "problem_solving_techniques": "F",
        "programming_in_c": "F",
        "sgpa": "-"
    },
    "23120180": {
        "applied_physics": "B-",
        "basic_electrical_engineering": "F",
        "calculus_i": "B-",
        "electronics_devices_and_circuits": "B",
        "problem_solving_techniques": "B",
        "programming_in_c": "C+",
        "sgpa": "-"
    },
    "23120181": {
        "applied_physics": "F",
        "basic_electrical_engineering": "F",
        "calculus_i": "F",
        "electronics_devices_and_circuits": "F",
        "problem_solving_techniques": "F",
        "programming_in_c": "F",
        "sgpa": "-"
    },
    "23120182": {
        "applied_physics": "F",
        "basic_electrical_engineering": "F",
        "calculus_i": "F",
        "electronics_devices_and_circuits": "F",
        "problem_solving_techniques": "F",
        "programming_in_c": "F",
        "sgpa": "-"
    },
    "23120183": {
        "applied_physics": "F",
        "basic_electrical_engineering": "F",
        "calculus_i": "F",
        "electronics_devices_and_circuits": "F",
        "problem_solving_techniques": "F",
        "programming_in_c": "F",
        "sgpa": "-"
    },
    "23120184": {
        "applied_physics": "F",
        "basic_electrical_engineering": "F",
        "calculus_i": "F",
        "electronics_devices_and_circuits": "F",
        "problem_solving_techniques": "F",
        "programming_in_c": "F",
        "sgpa": "-"
    },
    "23120185": {
        "applied_physics": "A",
        "basic_electrical_engineering": "B+",
        "calculus_i": "A-",
        "electronics_devices_and_circuits": "B",
        "problem_solving_techniques": "A-",
        "programming_in_c": "A",
        "sgpa": "3.62"
    },
    "23120186": {
        "applied_physics": "F",
        "basic_electrical_engineering": "F",
        "calculus_i": "F",
        "electronics_devices_and_circuits": "F",
        "problem_solving_techniques": "C",
        "programming_in_c": "F",
        "sgpa": "-"
    },
    "23120187": {
        "applied_physics": "F",
        "basic_electrical_engineering": "F",
        "calculus_i": "F",
        "electronics_devices_and_circuits": "F",
        "problem_solving_techniques": "C-",
        "programming_in_c": "C+",
        "sgpa": "-"
    },
    "23120188": {
        "applied_physics": "C-",
        "basic_electrical_engineering": "F",
        "calculus_i": "F",
        "electronics_devices_and_circuits": "F",
        "problem_solving_techniques": "C-",
        "programming_in_c": "B",
        "sgpa": "-"
    },
    "23120189": {
        "applied_physics": "C-",
        "basic_electrical_engineering": "F",
        "calculus_i": "F",
        "electronics_devices_and_circuits": "Expelled",
        "problem_solving_techniques": "F",
        "programming_in_c": "F",
        "sgpa": "-"
    },
    "23120190": {
        "applied_physics": "C+",
        "basic_electrical_engineering": "F",
        "calculus_i": "F",
        "electronics_devices_and_circuits": "F",
        "problem_solving_techniques": "C",
        "programming_in_c": "C",
        "sgpa": "-"
    },
    "23120191": {
        "applied_physics": "B-",
        "basic_electrical_engineering": "B-",
        "calculus_i": "F",
        "electronics_devices_and_circuits": "F",
        "problem_solving_techniques": "C+",
        "programming_in_c": "A",
        "sgpa": "-"
    },
    "23120192": {
        "applied_physics": "F",
        "basic_electrical_engineering": "F",
        "calculus_i": "F",
        "electronics_devices_and_circuits": "F",
        "problem_solving_techniques": "C-",
        "programming_in_c": "F",
        "sgpa": "-"
    },
    "23120193": {
        "applied_physics": "F",
        "basic_electrical_engineering": "F",
        "calculus_i": "F",
        "electronics_devices_and_circuits": "F",
        "problem_solving_techniques": "F",
        "programming_in_c": "D+",
        "sgpa": "-"
    },
    "23120194": {
        "applied_physics": "C",
        "basic_electrical_engineering": "F",
        "calculus_i": "F",
        "electronics_devices_and_circuits": "Expelled",
        "problem_solving_techniques": "F",
        "programming_in_c": "B-",
        "sgpa": "-"
    },
    "23120195": {
        "applied_physics": "C+",
        "basic_electrical_engineering": "F",
        "calculus_i": "C-",
        "electronics_devices_and_circuits": "F",
        "problem_solving_techniques": "C-",
        "programming_in_c": "B-",
        "sgpa": "-"
    },
    "23120196": {
        "applied_physics": "F",
        "basic_electrical_engineering": "F",
        "calculus_i": "F",
        "electronics_devices_and_circuits": "F",
        "problem_solving_techniques": "C",
        "programming_in_c": "B+",
        "sgpa": "-"
    },
    "23120197": {
        "applied_physics": "F",
        "basic_electrical_engineering": "F",
        "calculus_i": "F",
        "electronics_devices_and_circuits": "F",
        "problem_solving_techniques": "F",
        "programming_in_c": "F",
        "sgpa": "-"
    }
}