{
    "nan": {
        "engineering_mathematics_ii": "-",
        "logic_circuits": "-",
        "mathematical_foundation_of_computer_science": "-",
        "engineering_drawing": "-",
        "object_oriented_programming_in_c++": "-",
        "web_technology": "-"
    },
    "16180055": {
        "engineering_mathematics_ii": "-",
        "logic_circuits": "C",
        "mathematical_foundation_of_computer_science": "F",
        "engineering_drawing": "-",
        "object_oriented_programming_in_c++": "-",
        "web_technology": "-"
    },
    "16180076": {
        "engineering_mathematics_ii": "-",
        "logic_circuits": "-",
        "mathematical_foundation_of_computer_science": "-",
        "engineering_drawing": "A-",
        "object_oriented_programming_in_c++": "-",
        "web_technology": "-"
    },
    "16180091": {
        "engineering_mathematics_ii": "F",
        "logic_circuits": "-",
        "mathematical_foundation_of_computer_science": "F",
        "engineering_drawing": "-",
        "object_oriented_programming_in_c++": "-",
        "web_technology": "-"
    },
    "16180108": {
        "engineering_mathematics_ii": "F",
        "logic_circuits": "-",
        "mathematical_foundation_of_computer_science": "-",
        "engineering_drawing": "-",
        "object_oriented_programming_in_c++": "-",
        "web_technology": "-"
    },
    "16180128": {
        "engineering_mathematics_ii": "Abs",
        "logic_circuits": "-",
        "mathematical_foundation_of_computer_science": "-",
        "engineering_drawing": "Abs",
        "object_oriented_programming_in_c++": "Abs",
        "web_technology": "-"
    },
    "16180134": {
        "engineering_mathematics_ii": "B",
        "logic_circuits": "-",
        "mathematical_foundation_of_computer_science": "-",
        "engineering_drawing": "-",
        "object_oriented_programming_in_c++": "-",
        "web_technology": "-"
    },
    "17180021": {
        "engineering_mathematics_ii": "-",
        "logic_circuits": "-",
        "mathematical_foundation_of_computer_science": "-",
        "engineering_drawing": "-",
        "object_oriented_programming_in_c++": "-",
        "web_technology": "C-"
    },
    "17180034": {
        "engineering_mathematics_ii": "-",
        "logic_circuits": "-",
        "mathematical_foundation_of_computer_science": "Abs",
        "engineering_drawing": "Abs",
        "object_oriented_programming_in_c++": "-",
        "web_technology": "-"
    },
    "17180078": {
        "engineering_mathematics_ii": "-",
        "logic_circuits": "-",
        "mathematical_foundation_of_computer_science": "-",
        "engineering_drawing": "-",
        "object_oriented_programming_in_c++": "-",
        "web_technology": "Abs"
    },
    "17180082": {
        "engineering_mathematics_ii": "-",
        "logic_circuits": "-",
        "mathematical_foundation_of_computer_science": "-",
        "engineering_drawing": "-",
        "object_oriented_programming_in_c++": "-",
        "web_technology": "F"
    },
    "17180091": {
        "engineering_mathematics_ii": "-",
        "logic_circuits": "-",
        "mathematical_foundation_of_computer_science": "-",
        "engineering_drawing": "B+",
        "object_oriented_programming_in_c++": "-",
        "web_technology": "-"
    },
    "17180101": {
        "engineering_mathematics_ii": "F",
        "logic_circuits": "-",
        "mathematical_foundation_of_computer_science": "-",
        "engineering_drawing": "-",
        "object_oriented_programming_in_c++": "-",
        "web_technology": "-"
    },
    "17180132": {
        "engineering_mathematics_ii": "-",
        "logic_circuits": "C+",
        "mathematical_foundation_of_computer_science": "-",
        "engineering_drawing": "-",
        "object_oriented_programming_in_c++": "-",
        "web_technology": "-"
    },
    "17180136": {
        "engineering_mathematics_ii": "-",
        "logic_circuits": "Abs",
        "mathematical_foundation_of_computer_science": "-",
        "engineering_drawing": "-",
        "object_oriented_programming_in_c++": "-",
        "web_technology": "Abs"
    },
    "18180048": {
        "engineering_mathematics_ii": "F",
        "logic_circuits": "F",
        "mathematical_foundation_of_computer_science": "F",
        "engineering_drawing": "-",
        "object_oriented_programming_in_c++": "-",
        "web_technology": "-"
    },
    "18180054": {
        "engineering_mathematics_ii": "-",
        "logic_circuits": "-",
        "mathematical_foundation_of_computer_science": "-",
        "engineering_drawing": "-",
        "object_oriented_programming_in_c++": "Abs",
        "web_technology": "Abs"
    },
    "18180068": {
        "engineering_mathematics_ii": "-",
        "logic_circuits": "-",
        "mathematical_foundation_of_computer_science": "-",
        "engineering_drawing": "B-",
        "object_oriented_programming_in_c++": "-",
        "web_technology": "-"
    },
    "18180069": {
        "engineering_mathematics_ii": "-",
        "logic_circuits": "-",
        "mathematical_foundation_of_computer_science": "-",
        "engineering_drawing": "F",
        "object_oriented_programming_in_c++": "-",
        "web_technology": "-"
    },
    "18180072": {
        "engineering_mathematics_ii": "F",
        "logic_circuits": "-",
        "mathematical_foundation_of_computer_science": "-",
        "engineering_drawing": "-",
        "object_oriented_programming_in_c++": "-",
        "web_technology": "-"
    },
    "18180074": {
        "engineering_mathematics_ii": "-",
        "logic_circuits": "Abs",
        "mathematical_foundation_of_computer_science": "-",
        "engineering_drawing": "-",
        "object_oriented_programming_in_c++": "-",
        "web_technology": "-"
    },
    "18180081": {
        "engineering_mathematics_ii": "-",
        "logic_circuits": "Abs",
        "mathematical_foundation_of_computer_science": "-",
        "engineering_drawing": "-",
        "object_oriented_programming_in_c++": "-",
        "web_technology": "Abs"
    },
    "18180082": {
        "engineering_mathematics_ii": "Abs",
        "logic_circuits": "-",
        "mathematical_foundation_of_computer_science": "-",
        "engineering_drawing": "-",
        "object_oriented_programming_in_c++": "-",
        "web_technology": "-"
    },
    "18180083": {
        "engineering_mathematics_ii": "-",
        "logic_circuits": "-",
        "mathematical_foundation_of_computer_science": "Abs",
        "engineering_drawing": "-",
        "object_oriented_programming_in_c++": "-",
        "web_technology": "Abs"
    },
    "18180091": {
        "engineering_mathematics_ii": "Abs",
        "logic_circuits": "Abs",
        "mathematical_foundation_of_computer_science": "Abs",
        "engineering_drawing": "-",
        "object_oriented_programming_in_c++": "Abs",
        "web_technology": "-"
    },
    "18180096": {
        "engineering_mathematics_ii": "-",
        "logic_circuits": "Abs",
        "mathematical_foundation_of_computer_science": "Abs",
        "engineering_drawing": "-",
        "object_oriented_programming_in_c++": "-",
        "web_technology": "-"
    },
    "18180097": {
        "engineering_mathematics_ii": "-",
        "logic_circuits": "-",
        "mathematical_foundation_of_computer_science": "-",
        "engineering_drawing": "-",
        "object_oriented_programming_in_c++": "-",
        "web_technology": "Abs"
    },
    "18180101": {
        "engineering_mathematics_ii": "-",
        "logic_circuits": "-",
        "mathematical_foundation_of_computer_science": "Abs",
        "engineering_drawing": "-",
        "object_oriented_programming_in_c++": "-",
        "web_technology": "-"
    },
    "18180108": {
        "engineering_mathematics_ii": "-",
        "logic_circuits": "-",
        "mathematical_foundation_of_computer_science": "Abs",
        "engineering_drawing": "-",
        "object_oriented_programming_in_c++": "Abs",
        "web_technology": "Abs"
    },
    "18180117": {
        "engineering_mathematics_ii": "-",
        "logic_circuits": "Abs",
        "mathematical_foundation_of_computer_science": "-",
        "engineering_drawing": "-",
        "object_oriented_programming_in_c++": "-",
        "web_technology": "Abs"
    },
    "18180126": {
        "engineering_mathematics_ii": "-",
        "logic_circuits": "Abs",
        "mathematical_foundation_of_computer_science": "-",
        "engineering_drawing": "-",
        "object_oriented_programming_in_c++": "-",
        "web_technology": "-"
    },
    "18180129": {
        "engineering_mathematics_ii": "-",
        "logic_circuits": "C+",
        "mathematical_foundation_of_computer_science": "-",
        "engineering_drawing": "Abs",
        "object_oriented_programming_in_c++": "Abs",
        "web_technology": "Abs"
    },
    "18180137": {
        "engineering_mathematics_ii": "-",
        "logic_circuits": "-",
        "mathematical_foundation_of_computer_science": "F",
        "engineering_drawing": "-",
        "object_oriented_programming_in_c++": "-",
        "web_technology": "Abs"
    },
    "18180140": {
        "engineering_mathematics_ii": "-",
        "logic_circuits": "-",
        "mathematical_foundation_of_computer_science": "-",
        "engineering_drawing": "F",
        "object_oriented_programming_in_c++": "-",
        "web_technology": "-"
    },
    "18180141": {
        "engineering_mathematics_ii": "-",
        "logic_circuits": "-",
        "mathematical_foundation_of_computer_science": "F",
        "engineering_drawing": "-",
        "object_oriented_programming_in_c++": "-",
        "web_technology": "-"
    },
    "18180143": {
        "engineering_mathematics_ii": "-",
        "logic_circuits": "-",
        "mathematical_foundation_of_computer_science": "Abs",
        "engineering_drawing": "-",
        "object_oriented_programming_in_c++": "-",
        "web_technology": "-"
    },
    "19180001": {
        "engineering_mathematics_ii": "-",
        "logic_circuits": "-",
        "mathematical_foundation_of_computer_science": "B-",
        "engineering_drawing": "-",
        "object_oriented_programming_in_c++": "-",
        "web_technology": "-"
    },
    "19180009": {
        "engineering_mathematics_ii": "-",
        "logic_circuits": "-",
        "mathematical_foundation_of_computer_science": "-",
        "engineering_drawing": "-",
        "object_oriented_programming_in_c++": "Abs",
        "web_technology": "-"
    },
    "19180014": {
        "engineering_mathematics_ii": "-",
        "logic_circuits": "-",
        "mathematical_foundation_of_computer_science": "B+",
        "engineering_drawing": "-",
        "object_oriented_programming_in_c++": "-",
        "web_technology": "-"
    },
    "19180017": {
        "engineering_mathematics_ii": "-",
        "logic_circuits": "-",
        "mathematical_foundation_of_computer_science": "-",
        "engineering_drawing": "-",
        "object_oriented_programming_in_c++": "-",
        "web_technology": "F"
    },
    "19180018": {
        "engineering_mathematics_ii": "-",
        "logic_circuits": "-",
        "mathematical_foundation_of_computer_science": "F",
        "engineering_drawing": "-",
        "object_oriented_programming_in_c++": "-",
        "web_technology": "C"
    },
    "19180020": {
        "engineering_mathematics_ii": "D+",
        "logic_circuits": "-",
        "mathematical_foundation_of_computer_science": "-",
        "engineering_drawing": "-",
        "object_oriented_programming_in_c++": "-",
        "web_technology": "-"
    },
    "19180029": {
        "engineering_mathematics_ii": "C+",
        "logic_circuits": "-",
        "mathematical_foundation_of_computer_science": "-",
        "engineering_drawing": "-",
        "object_oriented_programming_in_c++": "-",
        "web_technology": "-"
    },
    "19180033": {
        "engineering_mathematics_ii": "-",
        "logic_circuits": "-",
        "mathematical_foundation_of_computer_science": "-",
        "engineering_drawing": "Abs",
        "object_oriented_programming_in_c++": "-",
        "web_technology": "-"
    },
    "19180034": {
        "engineering_mathematics_ii": "-",
        "logic_circuits": "-",
        "mathematical_foundation_of_computer_science": "-",
        "engineering_drawing": "Abs",
        "object_oriented_programming_in_c++": "-",
        "web_technology": "Abs"
    },
    "19180039": {
        "engineering_mathematics_ii": "-",
        "logic_circuits": "-",
        "mathematical_foundation_of_computer_science": "Abs",
        "engineering_drawing": "-",
        "object_oriented_programming_in_c++": "Abs",
        "web_technology": "C"
    },
    "19180052": {
        "engineering_mathematics_ii": "F",
        "logic_circuits": "F",
        "mathematical_foundation_of_computer_science": "-",
        "engineering_drawing": "Abs",
        "object_oriented_programming_in_c++": "-",
        "web_technology": "-"
    },
    "19180053": {
        "engineering_mathematics_ii": "-",
        "logic_circuits": "-",
        "mathematical_foundation_of_computer_science": "-",
        "engineering_drawing": "-",
        "object_oriented_programming_in_c++": "-",
        "web_technology": "A"
    },
    "19180055": {
        "engineering_mathematics_ii": "F",
        "logic_circuits": "-",
        "mathematical_foundation_of_computer_science": "C",
        "engineering_drawing": "NQ",
        "object_oriented_programming_in_c++": "F",
        "web_technology": "-"
    },
    "19180057": {
        "engineering_mathematics_ii": "F",
        "logic_circuits": "D",
        "mathematical_foundation_of_computer_science": "C-",
        "engineering_drawing": "-",
        "object_oriented_programming_in_c++": "-",
        "web_technology": "-"
    },
    "19180064": {
        "engineering_mathematics_ii": "-",
        "logic_circuits": "-",
        "mathematical_foundation_of_computer_science": "-",
        "engineering_drawing": "B-",
        "object_oriented_programming_in_c++": "-",
        "web_technology": "-"
    },
    "19180067": {
        "engineering_mathematics_ii": "-",
        "logic_circuits": "-",
        "mathematical_foundation_of_computer_science": "-",
        "engineering_drawing": "-",
        "object_oriented_programming_in_c++": "-",
        "web_technology": "B"
    },
    "19180083": {
        "engineering_mathematics_ii": "-",
        "logic_circuits": "-",
        "mathematical_foundation_of_computer_science": "-",
        "engineering_drawing": "-",
        "object_oriented_programming_in_c++": "-",
        "web_technology": "B+"
    },
    "19180085": {
        "engineering_mathematics_ii": "-",
        "logic_circuits": "Abs",
        "mathematical_foundation_of_computer_science": "-",
        "engineering_drawing": "-",
        "object_oriented_programming_in_c++": "-",
        "web_technology": "F"
    },
    "19180086": {
        "engineering_mathematics_ii": "-",
        "logic_circuits": "C",
        "mathematical_foundation_of_computer_science": "-",
        "engineering_drawing": "A",
        "object_oriented_programming_in_c++": "-",
        "web_technology": "-"
    },
    "19180097": {
        "engineering_mathematics_ii": "B",
        "logic_circuits": "-",
        "mathematical_foundation_of_computer_science": "-",
        "engineering_drawing": "C+",
        "object_oriented_programming_in_c++": "-",
        "web_technology": "A"
    },
    "19180103": {
        "engineering_mathematics_ii": "-",
        "logic_circuits": "-",
        "mathematical_foundation_of_computer_science": "F",
        "engineering_drawing": "-",
        "object_oriented_programming_in_c++": "Abs",
        "web_technology": "-"
    },
    "19180107": {
        "engineering_mathematics_ii": "-",
        "logic_circuits": "-",
        "mathematical_foundation_of_computer_science": "-",
        "engineering_drawing": "-",
        "object_oriented_programming_in_c++": "-",
        "web_technology": "Abs"
    },
    "19180111": {
        "engineering_mathematics_ii": "-",
        "logic_circuits": "-",
        "mathematical_foundation_of_computer_science": "-",
        "engineering_drawing": "-",
        "object_oriented_programming_in_c++": "-",
        "web_technology": "Abs"
    },
    "19180112": {
        "engineering_mathematics_ii": "-",
        "logic_circuits": "-",
        "mathematical_foundation_of_computer_science": "Abs",
        "engineering_drawing": "-",
        "object_oriented_programming_in_c++": "-",
        "web_technology": "-"
    },
    "19180114": {
        "engineering_mathematics_ii": "-",
        "logic_circuits": "-",
        "mathematical_foundation_of_computer_science": "F",
        "engineering_drawing": "C+",
        "object_oriented_programming_in_c++": "-",
        "web_technology": "-"
    },
    "19180116": {
        "engineering_mathematics_ii": "-",
        "logic_circuits": "-",
        "mathematical_foundation_of_computer_science": "-",
        "engineering_drawing": "-",
        "object_oriented_programming_in_c++": "F",
        "web_technology": "F"
    },
    "19180117": {
        "engineering_mathematics_ii": "-",
        "logic_circuits": "-",
        "mathematical_foundation_of_computer_science": "-",
        "engineering_drawing": "-",
        "object_oriented_programming_in_c++": "B-",
        "web_technology": "B+"
    },
    "19180118": {
        "engineering_mathematics_ii": "Abs",
        "logic_circuits": "-",
        "mathematical_foundation_of_computer_science": "-",
        "engineering_drawing": "-",
        "object_oriented_programming_in_c++": "Abs",
        "web_technology": "-"
    },
    "19180123": {
        "engineering_mathematics_ii": "-",
        "logic_circuits": "-",
        "mathematical_foundation_of_computer_science": "-",
        "engineering_drawing": "-",
        "object_oriented_programming_in_c++": "-",
        "web_technology": "C+"
    },
    "19180124": {
        "engineering_mathematics_ii": "-",
        "logic_circuits": "-",
        "mathematical_foundation_of_computer_science": "-",
        "engineering_drawing": "-",
        "object_oriented_programming_in_c++": "-",
        "web_technology": "F"
    },
    "19180129": {
        "engineering_mathematics_ii": "-",
        "logic_circuits": "-",
        "mathematical_foundation_of_computer_science": "F",
        "engineering_drawing": "-",
        "object_oriented_programming_in_c++": "F",
        "web_technology": "-"
    },
    "19180130": {
        "engineering_mathematics_ii": "-",
        "logic_circuits": "-",
        "mathematical_foundation_of_computer_science": "-",
        "engineering_drawing": "-",
        "object_oriented_programming_in_c++": "-",
        "web_technology": "C"
    },
    "19180145": {
        "engineering_mathematics_ii": "-",
        "logic_circuits": "-",
        "mathematical_foundation_of_computer_science": "F",
        "engineering_drawing": "-",
        "object_oriented_programming_in_c++": "-",
        "web_technology": "-"
    },
    "19180151": {
        "engineering_mathematics_ii": "F",
        "logic_circuits": "-",
        "mathematical_foundation_of_computer_science": "-",
        "engineering_drawing": "-",
        "object_oriented_programming_in_c++": "-",
        "web_technology": "-"
    },
    "19180152": {
        "engineering_mathematics_ii": "-",
        "logic_circuits": "-",
        "mathematical_foundation_of_computer_science": "A",
        "engineering_drawing": "-",
        "object_oriented_programming_in_c++": "-",
        "web_technology": "A"
    },
    "19180157": {
        "engineering_mathematics_ii": "-",
        "logic_circuits": "-",
        "mathematical_foundation_of_computer_science": "F",
        "engineering_drawing": "-",
        "object_oriented_programming_in_c++": "-",
        "web_technology": "-"
    },
    "19180161": {
        "engineering_mathematics_ii": "Abs",
        "logic_circuits": "-",
        "mathematical_foundation_of_computer_science": "-",
        "engineering_drawing": "-",
        "object_oriented_programming_in_c++": "Abs",
        "web_technology": "Abs"
    },
    "19180167": {
        "engineering_mathematics_ii": "-",
        "logic_circuits": "-",
        "mathematical_foundation_of_computer_science": "-",
        "engineering_drawing": "Abs",
        "object_oriented_programming_in_c++": "-",
        "web_technology": "-"
    },
    "19180172": {
        "engineering_mathematics_ii": "F",
        "logic_circuits": "-",
        "mathematical_foundation_of_computer_science": "F",
        "engineering_drawing": "-",
        "object_oriented_programming_in_c++": "-",
        "web_technology": "-"
    },
    "19180173": {
        "engineering_mathematics_ii": "-",
        "logic_circuits": "-",
        "mathematical_foundation_of_computer_science": "-",
        "engineering_drawing": "Abs",
        "object_oriented_programming_in_c++": "-",
        "web_technology": "-"
    },
    "19180185": {
        "engineering_mathematics_ii": "F",
        "logic_circuits": "-",
        "mathematical_foundation_of_computer_science": "-",
        "engineering_drawing": "-",
        "object_oriented_programming_in_c++": "-",
        "web_technology": "-"
    },
    "20180005": {
        "engineering_mathematics_ii": "-",
        "logic_circuits": "-",
        "mathematical_foundation_of_computer_science": "-",
        "engineering_drawing": "-",
        "object_oriented_programming_in_c++": "-",
        "web_technology": "C+"
    },
    "20180010": {
        "engineering_mathematics_ii": "-",
        "logic_circuits": "-",
        "mathematical_foundation_of_computer_science": "-",
        "engineering_drawing": "B-",
        "object_oriented_programming_in_c++": "-",
        "web_technology": "-"
    },
    "20180011": {
        "engineering_mathematics_ii": "-",
        "logic_circuits": "-",
        "mathematical_foundation_of_computer_science": "C",
        "engineering_drawing": "-",
        "object_oriented_programming_in_c++": "-",
        "web_technology": "-"
    },
    "20180018": {
        "engineering_mathematics_ii": "-",
        "logic_circuits": "Abs",
        "mathematical_foundation_of_computer_science": "-",
        "engineering_drawing": "-",
        "object_oriented_programming_in_c++": "-",
        "web_technology": "-"
    },
    "20180022": {
        "engineering_mathematics_ii": "-",
        "logic_circuits": "-",
        "mathematical_foundation_of_computer_science": "-",
        "engineering_drawing": "-",
        "object_oriented_programming_in_c++": "-",
        "web_technology": "C+"
    },
    "20180026": {
        "engineering_mathematics_ii": "-",
        "logic_circuits": "-",
        "mathematical_foundation_of_computer_science": "-",
        "engineering_drawing": "A-",
        "object_oriented_programming_in_c++": "-",
        "web_technology": "-"
    },
    "20180028": {
        "engineering_mathematics_ii": "-",
        "logic_circuits": "-",
        "mathematical_foundation_of_computer_science": "-",
        "engineering_drawing": "-",
        "object_oriented_programming_in_c++": "-",
        "web_technology": "A"
    },
    "20180062": {
        "engineering_mathematics_ii": "-",
        "logic_circuits": "-",
        "mathematical_foundation_of_computer_science": "-",
        "engineering_drawing": "-",
        "object_oriented_programming_in_c++": "-",
        "web_technology": "A"
    },
    "20180093": {
        "engineering_mathematics_ii": "-",
        "logic_circuits": "-",
        "mathematical_foundation_of_computer_science": "-",
        "engineering_drawing": "-",
        "object_oriented_programming_in_c++": "-",
        "web_technology": "Abs"
    },
    "20180099": {
        "engineering_mathematics_ii": "-",
        "logic_circuits": "-",
        "mathematical_foundation_of_computer_science": "-",
        "engineering_drawing": "-",
        "object_oriented_programming_in_c++": "B-",
        "web_technology": "-"
    },
    "20180106": {
        "engineering_mathematics_ii": "-",
        "logic_circuits": "-",
        "mathematical_foundation_of_computer_science": "-",
        "engineering_drawing": "C-",
        "object_oriented_programming_in_c++": "F",
        "web_technology": "-"
    },
    "20180111": {
        "engineering_mathematics_ii": "-",
        "logic_circuits": "-",
        "mathematical_foundation_of_computer_science": "-",
        "engineering_drawing": "F",
        "object_oriented_programming_in_c++": "-",
        "web_technology": "-"
    },
    "20180114": {
        "engineering_mathematics_ii": "-",
        "logic_circuits": "-",
        "mathematical_foundation_of_computer_science": "-",
        "engineering_drawing": "-",
        "object_oriented_programming_in_c++": "-",
        "web_technology": "A-"
    },
    "20180116": {
        "engineering_mathematics_ii": "-",
        "logic_circuits": "-",
        "mathematical_foundation_of_computer_science": "-",
        "engineering_drawing": "C-",
        "object_oriented_programming_in_c++": "-",
        "web_technology": "-"
    },
    "20180148": {
        "engineering_mathematics_ii": "-",
        "logic_circuits": "-",
        "mathematical_foundation_of_computer_science": "-",
        "engineering_drawing": "-",
        "object_oriented_programming_in_c++": "B-",
        "web_technology": "-"
    },
    "20180150": {
        "engineering_mathematics_ii": "-",
        "logic_circuits": "-",
        "mathematical_foundation_of_computer_science": "-",
        "engineering_drawing": "-",
        "object_oriented_programming_in_c++": "-",
        "web_technology": "B-"
    },
    "20180155": {
        "engineering_mathematics_ii": "-",
        "logic_circuits": "-",
        "mathematical_foundation_of_computer_science": "-",
        "engineering_drawing": "Abs",
        "object_oriented_programming_in_c++": "-",
        "web_technology": "-"
    },
    "20180165": {
        "engineering_mathematics_ii": "-",
        "logic_circuits": "-",
        "mathematical_foundation_of_computer_science": "-",
        "engineering_drawing": "Abs",
        "object_oriented_programming_in_c++": "A",
        "web_technology": "-"
    },
    "20180170": {
        "engineering_mathematics_ii": "-",
        "logic_circuits": "-",
        "mathematical_foundation_of_computer_science": "-",
        "engineering_drawing": "-",
        "object_oriented_programming_in_c++": "Abs",
        "web_technology": "-"
    },
    "20180175": {
        "engineering_mathematics_ii": "-",
        "logic_circuits": "-",
        "mathematical_foundation_of_computer_science": "-",
        "engineering_drawing": "Withheld",
        "object_oriented_programming_in_c++": "-",
        "web_technology": "-"
    },
    "20180178": {
        "engineering_mathematics_ii": "-",
        "logic_circuits": "-",
        "mathematical_foundation_of_computer_science": "-",
        "engineering_drawing": "-",
        "object_oriented_programming_in_c++": "F",
        "web_technology": "-"
    },
    "21180003": {
        "engineering_mathematics_ii": "-",
        "logic_circuits": "F",
        "mathematical_foundation_of_computer_science": "-",
        "engineering_drawing": "-",
        "object_oriented_programming_in_c++": "-",
        "web_technology": "-"
    },
    "21180004": {
        "engineering_mathematics_ii": "-",
        "logic_circuits": "C",
        "mathematical_foundation_of_computer_science": "-",
        "engineering_drawing": "-",
        "object_oriented_programming_in_c++": "-",
        "web_technology": "-"
    },
    "21180005": {
        "engineering_mathematics_ii": "-",
        "logic_circuits": "F",
        "mathematical_foundation_of_computer_science": "-",
        "engineering_drawing": "-",
        "object_oriented_programming_in_c++": "-",
        "web_technology": "-"
    },
    "21180006": {
        "engineering_mathematics_ii": "-",
        "logic_circuits": "F",
        "mathematical_foundation_of_computer_science": "F",
        "engineering_drawing": "-",
        "object_oriented_programming_in_c++": "-",
        "web_technology": "-"
    },
    "21180007": {
        "engineering_mathematics_ii": "-",
        "logic_circuits": "F",
        "mathematical_foundation_of_computer_science": "F",
        "engineering_drawing": "-",
        "object_oriented_programming_in_c++": "-",
        "web_technology": "-"
    },
    "21180010": {
        "engineering_mathematics_ii": "-",
        "logic_circuits": "B-",
        "mathematical_foundation_of_computer_science": "-",
        "engineering_drawing": "-",
        "object_oriented_programming_in_c++": "-",
        "web_technology": "-"
    },
    "21180013": {
        "engineering_mathematics_ii": "-",
        "logic_circuits": "Abs",
        "mathematical_foundation_of_computer_science": "-",
        "engineering_drawing": "-",
        "object_oriented_programming_in_c++": "-",
        "web_technology": "-"
    },
    "21180015": {
        "engineering_mathematics_ii": "-",
        "logic_circuits": "F",
        "mathematical_foundation_of_computer_science": "-",
        "engineering_drawing": "-",
        "object_oriented_programming_in_c++": "-",
        "web_technology": "-"
    },
    "21180018": {
        "engineering_mathematics_ii": "-",
        "logic_circuits": "F",
        "mathematical_foundation_of_computer_science": "F",
        "engineering_drawing": "-",
        "object_oriented_programming_in_c++": "-",
        "web_technology": "-"
    },
    "21180019": {
        "engineering_mathematics_ii": "-",
        "logic_circuits": "F",
        "mathematical_foundation_of_computer_science": "-",
        "engineering_drawing": "-",
        "object_oriented_programming_in_c++": "-",
        "web_technology": "-"
    },
    "21180020": {
        "engineering_mathematics_ii": "-",
        "logic_circuits": "B-",
        "mathematical_foundation_of_computer_science": "-",
        "engineering_drawing": "-",
        "object_oriented_programming_in_c++": "-",
        "web_technology": "-"
    },
    "21180021": {
        "engineering_mathematics_ii": "-",
        "logic_circuits": "C+",
        "mathematical_foundation_of_computer_science": "-",
        "engineering_drawing": "-",
        "object_oriented_programming_in_c++": "-",
        "web_technology": "-"
    },
    "21180022": {
        "engineering_mathematics_ii": "-",
        "logic_circuits": "F",
        "mathematical_foundation_of_computer_science": "-",
        "engineering_drawing": "C+",
        "object_oriented_programming_in_c++": "-",
        "web_technology": "-"
    },
    "21180024": {
        "engineering_mathematics_ii": "-",
        "logic_circuits": "C",
        "mathematical_foundation_of_computer_science": "B",
        "engineering_drawing": "-",
        "object_oriented_programming_in_c++": "-",
        "web_technology": "-"
    },
    "21180025": {
        "engineering_mathematics_ii": "-",
        "logic_circuits": "-",
        "mathematical_foundation_of_computer_science": "-",
        "engineering_drawing": "A-",
        "object_oriented_programming_in_c++": "-",
        "web_technology": "-"
    },
    "21180026": {
        "engineering_mathematics_ii": "-",
        "logic_circuits": "C-",
        "mathematical_foundation_of_computer_science": "-",
        "engineering_drawing": "A-",
        "object_oriented_programming_in_c++": "-",
        "web_technology": "-"
    },
    "21180030": {
        "engineering_mathematics_ii": "-",
        "logic_circuits": "Abs",
        "mathematical_foundation_of_computer_science": "Abs",
        "engineering_drawing": "-",
        "object_oriented_programming_in_c++": "-",
        "web_technology": "-"
    },
    "21180031": {
        "engineering_mathematics_ii": "-",
        "logic_circuits": "F",
        "mathematical_foundation_of_computer_science": "-",
        "engineering_drawing": "-",
        "object_oriented_programming_in_c++": "-",
        "web_technology": "-"
    },
    "21180032": {
        "engineering_mathematics_ii": "-",
        "logic_circuits": "C-",
        "mathematical_foundation_of_computer_science": "F",
        "engineering_drawing": "A-",
        "object_oriented_programming_in_c++": "-",
        "web_technology": "-"
    },
    "21180033": {
        "engineering_mathematics_ii": "-",
        "logic_circuits": "-",
        "mathematical_foundation_of_computer_science": "-",
        "engineering_drawing": "-",
        "object_oriented_programming_in_c++": "-",
        "web_technology": "Abs"
    },
    "21180034": {
        "engineering_mathematics_ii": "-",
        "logic_circuits": "F",
        "mathematical_foundation_of_computer_science": "-",
        "engineering_drawing": "B-",
        "object_oriented_programming_in_c++": "-",
        "web_technology": "-"
    },
    "21180036": {
        "engineering_mathematics_ii": "-",
        "logic_circuits": "C-",
        "mathematical_foundation_of_computer_science": "-",
        "engineering_drawing": "B+",
        "object_oriented_programming_in_c++": "-",
        "web_technology": "-"
    },
    "21180037": {
        "engineering_mathematics_ii": "-",
        "logic_circuits": "-",
        "mathematical_foundation_of_computer_science": "F",
        "engineering_drawing": "-",
        "object_oriented_programming_in_c++": "-",
        "web_technology": "-"
    },
    "21180039": {
        "engineering_mathematics_ii": "-",
        "logic_circuits": "Abs",
        "mathematical_foundation_of_computer_science": "F",
        "engineering_drawing": "-",
        "object_oriented_programming_in_c++": "-",
        "web_technology": "-"
    },
    "21180043": {
        "engineering_mathematics_ii": "-",
        "logic_circuits": "F",
        "mathematical_foundation_of_computer_science": "F",
        "engineering_drawing": "-",
        "object_oriented_programming_in_c++": "-",
        "web_technology": "-"
    },
    "21180046": {
        "engineering_mathematics_ii": "F",
        "logic_circuits": "C-",
        "mathematical_foundation_of_computer_science": "-",
        "engineering_drawing": "-",
        "object_oriented_programming_in_c++": "-",
        "web_technology": "-"
    },
    "21180047": {
        "engineering_mathematics_ii": "-",
        "logic_circuits": "F",
        "mathematical_foundation_of_computer_science": "-",
        "engineering_drawing": "-",
        "object_oriented_programming_in_c++": "-",
        "web_technology": "-"
    },
    "21180048": {
        "engineering_mathematics_ii": "-",
        "logic_circuits": "-",
        "mathematical_foundation_of_computer_science": "-",
        "engineering_drawing": "B-",
        "object_oriented_programming_in_c++": "-",
        "web_technology": "-"
    },
    "21180055": {
        "engineering_mathematics_ii": "-",
        "logic_circuits": "Abs",
        "mathematical_foundation_of_computer_science": "-",
        "engineering_drawing": "-",
        "object_oriented_programming_in_c++": "-",
        "web_technology": "-"
    },
    "21180056": {
        "engineering_mathematics_ii": "-",
        "logic_circuits": "-",
        "mathematical_foundation_of_computer_science": "F",
        "engineering_drawing": "-",
        "object_oriented_programming_in_c++": "-",
        "web_technology": "-"
    },
    "21180057": {
        "engineering_mathematics_ii": "-",
        "logic_circuits": "F",
        "mathematical_foundation_of_computer_science": "-",
        "engineering_drawing": "-",
        "object_oriented_programming_in_c++": "-",
        "web_technology": "-"
    },
    "21180065": {
        "engineering_mathematics_ii": "-",
        "logic_circuits": "C",
        "mathematical_foundation_of_computer_science": "-",
        "engineering_drawing": "-",
        "object_oriented_programming_in_c++": "-",
        "web_technology": "-"
    },
    "21180068": {
        "engineering_mathematics_ii": "-",
        "logic_circuits": "-",
        "mathematical_foundation_of_computer_science": "B-",
        "engineering_drawing": "-",
        "object_oriented_programming_in_c++": "-",
        "web_technology": "-"
    },
    "21180075": {
        "engineering_mathematics_ii": "-",
        "logic_circuits": "Abs",
        "mathematical_foundation_of_computer_science": "-",
        "engineering_drawing": "-",
        "object_oriented_programming_in_c++": "-",
        "web_technology": "-"
    },
    "21180081": {
        "engineering_mathematics_ii": "F",
        "logic_circuits": "-",
        "mathematical_foundation_of_computer_science": "-",
        "engineering_drawing": "-",
        "object_oriented_programming_in_c++": "-",
        "web_technology": "-"
    },
    "21180082": {
        "engineering_mathematics_ii": "-",
        "logic_circuits": "Abs",
        "mathematical_foundation_of_computer_science": "-",
        "engineering_drawing": "-",
        "object_oriented_programming_in_c++": "-",
        "web_technology": "-"
    },
    "21180084": {
        "engineering_mathematics_ii": "-",
        "logic_circuits": "Abs",
        "mathematical_foundation_of_computer_science": "-",
        "engineering_drawing": "-",
        "object_oriented_programming_in_c++": "-",
        "web_technology": "-"
    },
    "21180086": {
        "engineering_mathematics_ii": "-",
        "logic_circuits": "C+",
        "mathematical_foundation_of_computer_science": "F",
        "engineering_drawing": "-",
        "object_oriented_programming_in_c++": "-",
        "web_technology": "-"
    },
    "21180095": {
        "engineering_mathematics_ii": "-",
        "logic_circuits": "-",
        "mathematical_foundation_of_computer_science": "F",
        "engineering_drawing": "-",
        "object_oriented_programming_in_c++": "-",
        "web_technology": "-"
    },
    "21180103": {
        "engineering_mathematics_ii": "-",
        "logic_circuits": "-",
        "mathematical_foundation_of_computer_science": "B+",
        "engineering_drawing": "-",
        "object_oriented_programming_in_c++": "-",
        "web_technology": "-"
    },
    "21180104": {
        "engineering_mathematics_ii": "-",
        "logic_circuits": "-",
        "mathematical_foundation_of_computer_science": "-",
        "engineering_drawing": "-",
        "object_oriented_programming_in_c++": "F",
        "web_technology": "-"
    },
    "21180108": {
        "engineering_mathematics_ii": "-",
        "logic_circuits": "C+",
        "mathematical_foundation_of_computer_science": "-",
        "engineering_drawing": "-",
        "object_oriented_programming_in_c++": "-",
        "web_technology": "-"
    },
    "21180109": {
        "engineering_mathematics_ii": "-",
        "logic_circuits": "-",
        "mathematical_foundation_of_computer_science": "Abs",
        "engineering_drawing": "-",
        "object_oriented_programming_in_c++": "-",
        "web_technology": "-"
    },
    "21180113": {
        "engineering_mathematics_ii": "-",
        "logic_circuits": "Abs",
        "mathematical_foundation_of_computer_science": "-",
        "engineering_drawing": "-",
        "object_oriented_programming_in_c++": "-",
        "web_technology": "-"
    },
    "21180119": {
        "engineering_mathematics_ii": "-",
        "logic_circuits": "-",
        "mathematical_foundation_of_computer_science": "-",
        "engineering_drawing": "F",
        "object_oriented_programming_in_c++": "-",
        "web_technology": "-"
    },
    "21180122": {
        "engineering_mathematics_ii": "-",
        "logic_circuits": "Abs",
        "mathematical_foundation_of_computer_science": "-",
        "engineering_drawing": "-",
        "object_oriented_programming_in_c++": "-",
        "web_technology": "-"
    },
    "21180125": {
        "engineering_mathematics_ii": "-",
        "logic_circuits": "F",
        "mathematical_foundation_of_computer_science": "-",
        "engineering_drawing": "-",
        "object_oriented_programming_in_c++": "-",
        "web_technology": "-"
    },
    "21180130": {
        "engineering_mathematics_ii": "-",
        "logic_circuits": "F",
        "mathematical_foundation_of_computer_science": "-",
        "engineering_drawing": "-",
        "object_oriented_programming_in_c++": "-",
        "web_technology": "-"
    },
    "21180131": {
        "engineering_mathematics_ii": "-",
        "logic_circuits": "-",
        "mathematical_foundation_of_computer_science": "-",
        "engineering_drawing": "Abs",
        "object_oriented_programming_in_c++": "-",
        "web_technology": "-"
    },
    "21180132": {
        "engineering_mathematics_ii": "B",
        "logic_circuits": "-",
        "mathematical_foundation_of_computer_science": "-",
        "engineering_drawing": "-",
        "object_oriented_programming_in_c++": "-",
        "web_technology": "-"
    },
    "21180138": {
        "engineering_mathematics_ii": "-",
        "logic_circuits": "-",
        "mathematical_foundation_of_computer_science": "-",
        "engineering_drawing": "B-",
        "object_oriented_programming_in_c++": "-",
        "web_technology": "-"
    },
    "21180140": {
        "engineering_mathematics_ii": "-",
        "logic_circuits": "Abs",
        "mathematical_foundation_of_computer_science": "-",
        "engineering_drawing": "-",
        "object_oriented_programming_in_c++": "-",
        "web_technology": "-"
    },
    "21180143": {
        "engineering_mathematics_ii": "-",
        "logic_circuits": "B-",
        "mathematical_foundation_of_computer_science": "-",
        "engineering_drawing": "-",
        "object_oriented_programming_in_c++": "-",
        "web_technology": "-"
    },
    "21180147": {
        "engineering_mathematics_ii": "F",
        "logic_circuits": "-",
        "mathematical_foundation_of_computer_science": "-",
        "engineering_drawing": "-",
        "object_oriented_programming_in_c++": "-",
        "web_technology": "-"
    },
    "21180158": {
        "engineering_mathematics_ii": "Abs",
        "logic_circuits": "-",
        "mathematical_foundation_of_computer_science": "-",
        "engineering_drawing": "-",
        "object_oriented_programming_in_c++": "-",
        "web_technology": "-"
    },
    "21180162": {
        "engineering_mathematics_ii": "-",
        "logic_circuits": "F",
        "mathematical_foundation_of_computer_science": "-",
        "engineering_drawing": "-",
        "object_oriented_programming_in_c++": "-",
        "web_technology": "-"
    },
    "21180163": {
        "engineering_mathematics_ii": "-",
        "logic_circuits": "-",
        "mathematical_foundation_of_computer_science": "C+",
        "engineering_drawing": "-",
        "object_oriented_programming_in_c++": "-",
        "web_technology": "-"
    },
    "21180172": {
        "engineering_mathematics_ii": "-",
        "logic_circuits": "-",
        "mathematical_foundation_of_computer_science": "-",
        "engineering_drawing": "-",
        "object_oriented_programming_in_c++": "-",
        "web_technology": "Withheld"
    },
    "21180177": {
        "engineering_mathematics_ii": "Abs",
        "logic_circuits": "-",
        "mathematical_foundation_of_computer_science": "-",
        "engineering_drawing": "-",
        "object_oriented_programming_in_c++": "-",
        "web_technology": "-"
    },
    "21180184": {
        "engineering_mathematics_ii": "-",
        "logic_circuits": "Withheld",
        "mathematical_foundation_of_computer_science": "-",
        "engineering_drawing": "Withheld",
        "object_oriented_programming_in_c++": "-",
        "web_technology": "-"
    },
    "21185002": {
        "engineering_mathematics_ii": "-",
        "logic_circuits": "-",
        "mathematical_foundation_of_computer_science": "-",
        "engineering_drawing": "-",
        "object_oriented_programming_in_c++": "-",
        "web_technology": "B+"
    },
    "21185005": {
        "engineering_mathematics_ii": "-",
        "logic_circuits": "F",
        "mathematical_foundation_of_computer_science": "-",
        "engineering_drawing": "C-",
        "object_oriented_programming_in_c++": "-",
        "web_technology": "-"
    },
    "21185007": {
        "engineering_mathematics_ii": "C-",
        "logic_circuits": "B-",
        "mathematical_foundation_of_computer_science": "-",
        "engineering_drawing": "-",
        "object_oriented_programming_in_c++": "-",
        "web_technology": "-"
    },
    "21185009": {
        "engineering_mathematics_ii": "-",
        "logic_circuits": "B",
        "mathematical_foundation_of_computer_science": "-",
        "engineering_drawing": "-",
        "object_oriented_programming_in_c++": "-",
        "web_technology": "-"
    },
    "21185013": {
        "engineering_mathematics_ii": "-",
        "logic_circuits": "F",
        "mathematical_foundation_of_computer_science": "F",
        "engineering_drawing": "-",
        "object_oriented_programming_in_c++": "-",
        "web_technology": "-"
    },
    "21185014": {
        "engineering_mathematics_ii": "F",
        "logic_circuits": "F",
        "mathematical_foundation_of_computer_science": "F",
        "engineering_drawing": "-",
        "object_oriented_programming_in_c++": "-",
        "web_technology": "-"
    },
    "21185017": {
        "engineering_mathematics_ii": "-",
        "logic_circuits": "C",
        "mathematical_foundation_of_computer_science": "-",
        "engineering_drawing": "-",
        "object_oriented_programming_in_c++": "-",
        "web_technology": "F"
    },
    "21185019": {
        "engineering_mathematics_ii": "-",
        "logic_circuits": "C+",
        "mathematical_foundation_of_computer_science": "B",
        "engineering_drawing": "-",
        "object_oriented_programming_in_c++": "-",
        "web_technology": "-"
    },
    "21185021": {
        "engineering_mathematics_ii": "-",
        "logic_circuits": "C",
        "mathematical_foundation_of_computer_science": "-",
        "engineering_drawing": "-",
        "object_oriented_programming_in_c++": "-",
        "web_technology": "-"
    },
    "21185025": {
        "engineering_mathematics_ii": "-",
        "logic_circuits": "F",
        "mathematical_foundation_of_computer_science": "-",
        "engineering_drawing": "-",
        "object_oriented_programming_in_c++": "-",
        "web_technology": "-"
    },
    "21185026": {
        "engineering_mathematics_ii": "-",
        "logic_circuits": "F",
        "mathematical_foundation_of_computer_science": "C+",
        "engineering_drawing": "-",
        "object_oriented_programming_in_c++": "-",
        "web_technology": "F"
    },
    "21185029": {
        "engineering_mathematics_ii": "-",
        "logic_circuits": "B+",
        "mathematical_foundation_of_computer_science": "-",
        "engineering_drawing": "Abs",
        "object_oriented_programming_in_c++": "-",
        "web_technology": "-"
    },
    "21185030": {
        "engineering_mathematics_ii": "-",
        "logic_circuits": "-",
        "mathematical_foundation_of_computer_science": "-",
        "engineering_drawing": "B-",
        "object_oriented_programming_in_c++": "-",
        "web_technology": "-"
    },
    "21185031": {
        "engineering_mathematics_ii": "-",
        "logic_circuits": "F",
        "mathematical_foundation_of_computer_science": "-",
        "engineering_drawing": "Abs",
        "object_oriented_programming_in_c++": "-",
        "web_technology": "-"
    },
    "21185033": {
        "engineering_mathematics_ii": "-",
        "logic_circuits": "-",
        "mathematical_foundation_of_computer_science": "A-",
        "engineering_drawing": "-",
        "object_oriented_programming_in_c++": "-",
        "web_technology": "C"
    },
    "21185034": {
        "engineering_mathematics_ii": "-",
        "logic_circuits": "-",
        "mathematical_foundation_of_computer_science": "C+",
        "engineering_drawing": "-",
        "object_oriented_programming_in_c++": "-",
        "web_technology": "F"
    },
    "21185036": {
        "engineering_mathematics_ii": "-",
        "logic_circuits": "F",
        "mathematical_foundation_of_computer_science": "F",
        "engineering_drawing": "Abs",
        "object_oriented_programming_in_c++": "-",
        "web_technology": "-"
    },
    "21185039": {
        "engineering_mathematics_ii": "B+",
        "logic_circuits": "-",
        "mathematical_foundation_of_computer_science": "-",
        "engineering_drawing": "-",
        "object_oriented_programming_in_c++": "-",
        "web_technology": "-"
    },
    "21185042": {
        "engineering_mathematics_ii": "F",
        "logic_circuits": "B+",
        "mathematical_foundation_of_computer_science": "-",
        "engineering_drawing": "-",
        "object_oriented_programming_in_c++": "-",
        "web_technology": "-"
    },
    "21185044": {
        "engineering_mathematics_ii": "-",
        "logic_circuits": "-",
        "mathematical_foundation_of_computer_science": "B",
        "engineering_drawing": "-",
        "object_oriented_programming_in_c++": "-",
        "web_technology": "-"
    },
    "21185047": {
        "engineering_mathematics_ii": "B-",
        "logic_circuits": "-",
        "mathematical_foundation_of_computer_science": "-",
        "engineering_drawing": "-",
        "object_oriented_programming_in_c++": "-",
        "web_technology": "-"
    },
    "21185048": {
        "engineering_mathematics_ii": "-",
        "logic_circuits": "C+",
        "mathematical_foundation_of_computer_science": "-",
        "engineering_drawing": "-",
        "object_oriented_programming_in_c++": "-",
        "web_technology": "-"
    },
    "21185049": {
        "engineering_mathematics_ii": "C",
        "logic_circuits": "C",
        "mathematical_foundation_of_computer_science": "-",
        "engineering_drawing": "-",
        "object_oriented_programming_in_c++": "-",
        "web_technology": "-"
    },
    "21185051": {
        "engineering_mathematics_ii": "C+",
        "logic_circuits": "-",
        "mathematical_foundation_of_computer_science": "-",
        "engineering_drawing": "-",
        "object_oriented_programming_in_c++": "-",
        "web_technology": "-"
    },
    "21185052": {
        "engineering_mathematics_ii": "-",
        "logic_circuits": "-",
        "mathematical_foundation_of_computer_science": "-",
        "engineering_drawing": "C-",
        "object_oriented_programming_in_c++": "-",
        "web_technology": "-"
    },
    "21185053": {
        "engineering_mathematics_ii": "-",
        "logic_circuits": "B-",
        "mathematical_foundation_of_computer_science": "F",
        "engineering_drawing": "-",
        "object_oriented_programming_in_c++": "-",
        "web_technology": "-"
    },
    "21185054": {
        "engineering_mathematics_ii": "-",
        "logic_circuits": "F",
        "mathematical_foundation_of_computer_science": "-",
        "engineering_drawing": "-",
        "object_oriented_programming_in_c++": "-",
        "web_technology": "-"
    },
    "21185056": {
        "engineering_mathematics_ii": "-",
        "logic_circuits": "F",
        "mathematical_foundation_of_computer_science": "-",
        "engineering_drawing": "-",
        "object_oriented_programming_in_c++": "-",
        "web_technology": "-"
    },
    "21185061": {
        "engineering_mathematics_ii": "-",
        "logic_circuits": "F",
        "mathematical_foundation_of_computer_science": "-",
        "engineering_drawing": "-",
        "object_oriented_programming_in_c++": "F",
        "web_technology": "-"
    },
    "21185063": {
        "engineering_mathematics_ii": "-",
        "logic_circuits": "C+",
        "mathematical_foundation_of_computer_science": "B-",
        "engineering_drawing": "-",
        "object_oriented_programming_in_c++": "-",
        "web_technology": "-"
    },
    "21185064": {
        "engineering_mathematics_ii": "-",
        "logic_circuits": "C+",
        "mathematical_foundation_of_computer_science": "-",
        "engineering_drawing": "-",
        "object_oriented_programming_in_c++": "-",
        "web_technology": "-"
    },
    "21185065": {
        "engineering_mathematics_ii": "-",
        "logic_circuits": "F",
        "mathematical_foundation_of_computer_science": "Abs",
        "engineering_drawing": "-",
        "object_oriented_programming_in_c++": "-",
        "web_technology": "-"
    },
    "21185070": {
        "engineering_mathematics_ii": "F",
        "logic_circuits": "B-",
        "mathematical_foundation_of_computer_science": "-",
        "engineering_drawing": "-",
        "object_oriented_programming_in_c++": "-",
        "web_technology": "F"
    },
    "21185072": {
        "engineering_mathematics_ii": "-",
        "logic_circuits": "C+",
        "mathematical_foundation_of_computer_science": "-",
        "engineering_drawing": "-",
        "object_oriented_programming_in_c++": "-",
        "web_technology": "-"
    },
    "21185076": {
        "engineering_mathematics_ii": "-",
        "logic_circuits": "C",
        "mathematical_foundation_of_computer_science": "-",
        "engineering_drawing": "-",
        "object_oriented_programming_in_c++": "-",
        "web_technology": "-"
    },
    "21185077": {
        "engineering_mathematics_ii": "-",
        "logic_circuits": "C",
        "mathematical_foundation_of_computer_science": "-",
        "engineering_drawing": "-",
        "object_oriented_programming_in_c++": "-",
        "web_technology": "-"
    },
    "21185078": {
        "engineering_mathematics_ii": "-",
        "logic_circuits": "F",
        "mathematical_foundation_of_computer_science": "-",
        "engineering_drawing": "-",
        "object_oriented_programming_in_c++": "-",
        "web_technology": "-"
    },
    "21185081": {
        "engineering_mathematics_ii": "-",
        "logic_circuits": "C+",
        "mathematical_foundation_of_computer_science": "-",
        "engineering_drawing": "-",
        "object_oriented_programming_in_c++": "-",
        "web_technology": "-"
    },
    "21185082": {
        "engineering_mathematics_ii": "-",
        "logic_circuits": "C+",
        "mathematical_foundation_of_computer_science": "F",
        "engineering_drawing": "-",
        "object_oriented_programming_in_c++": "-",
        "web_technology": "-"
    },
    "21185084": {
        "engineering_mathematics_ii": "-",
        "logic_circuits": "-",
        "mathematical_foundation_of_computer_science": "-",
        "engineering_drawing": "Abs",
        "object_oriented_programming_in_c++": "-",
        "web_technology": "-"
    },
    "21185085": {
        "engineering_mathematics_ii": "-",
        "logic_circuits": "-",
        "mathematical_foundation_of_computer_science": "-",
        "engineering_drawing": "Abs",
        "object_oriented_programming_in_c++": "Abs",
        "web_technology": "-"
    },
    "21185088": {
        "engineering_mathematics_ii": "-",
        "logic_circuits": "C+",
        "mathematical_foundation_of_computer_science": "-",
        "engineering_drawing": "-",
        "object_oriented_programming_in_c++": "-",
        "web_technology": "-"
    },
    "21185089": {
        "engineering_mathematics_ii": "-",
        "logic_circuits": "F",
        "mathematical_foundation_of_computer_science": "F",
        "engineering_drawing": "-",
        "object_oriented_programming_in_c++": "-",
        "web_technology": "-"
    },
    "21185092": {
        "engineering_mathematics_ii": "-",
        "logic_circuits": "F",
        "mathematical_foundation_of_computer_science": "-",
        "engineering_drawing": "-",
        "object_oriented_programming_in_c++": "-",
        "web_technology": "-"
    },
    "21185095": {
        "engineering_mathematics_ii": "-",
        "logic_circuits": "Abs",
        "mathematical_foundation_of_computer_science": "-",
        "engineering_drawing": "-",
        "object_oriented_programming_in_c++": "-",
        "web_technology": "-"
    },
    "21185097": {
        "engineering_mathematics_ii": "-",
        "logic_circuits": "B",
        "mathematical_foundation_of_computer_science": "-",
        "engineering_drawing": "-",
        "object_oriented_programming_in_c++": "-",
        "web_technology": "-"
    },
    "21185099": {
        "engineering_mathematics_ii": "-",
        "logic_circuits": "F",
        "mathematical_foundation_of_computer_science": "-",
        "engineering_drawing": "F",
        "object_oriented_programming_in_c++": "-",
        "web_technology": "-"
    },
    "21185100": {
        "engineering_mathematics_ii": "Abs",
        "logic_circuits": "-",
        "mathematical_foundation_of_computer_science": "-",
        "engineering_drawing": "-",
        "object_oriented_programming_in_c++": "-",
        "web_technology": "-"
    },
    "21185102": {
        "engineering_mathematics_ii": "B+",
        "logic_circuits": "C+",
        "mathematical_foundation_of_computer_science": "-",
        "engineering_drawing": "-",
        "object_oriented_programming_in_c++": "-",
        "web_technology": "-"
    },
    "21185103": {
        "engineering_mathematics_ii": "-",
        "logic_circuits": "B",
        "mathematical_foundation_of_computer_science": "-",
        "engineering_drawing": "-",
        "object_oriented_programming_in_c++": "-",
        "web_technology": "-"
    },
    "21185107": {
        "engineering_mathematics_ii": "-",
        "logic_circuits": "F",
        "mathematical_foundation_of_computer_science": "-",
        "engineering_drawing": "-",
        "object_oriented_programming_in_c++": "-",
        "web_technology": "-"
    },
    "21185108": {
        "engineering_mathematics_ii": "-",
        "logic_circuits": "-",
        "mathematical_foundation_of_computer_science": "Abs",
        "engineering_drawing": "-",
        "object_oriented_programming_in_c++": "-",
        "web_technology": "-"
    },
    "21185113": {
        "engineering_mathematics_ii": "-",
        "logic_circuits": "-",
        "mathematical_foundation_of_computer_science": "-",
        "engineering_drawing": "C",
        "object_oriented_programming_in_c++": "-",
        "web_technology": "-"
    },
    "21185114": {
        "engineering_mathematics_ii": "-",
        "logic_circuits": "C+",
        "mathematical_foundation_of_computer_science": "B-",
        "engineering_drawing": "-",
        "object_oriented_programming_in_c++": "-",
        "web_technology": "-"
    },
    "21185119": {
        "engineering_mathematics_ii": "-",
        "logic_circuits": "F",
        "mathematical_foundation_of_computer_science": "F",
        "engineering_drawing": "-",
        "object_oriented_programming_in_c++": "-",
        "web_technology": "-"
    },
    "21185120": {
        "engineering_mathematics_ii": "A",
        "logic_circuits": "-",
        "mathematical_foundation_of_computer_science": "-",
        "engineering_drawing": "-",
        "object_oriented_programming_in_c++": "-",
        "web_technology": "-"
    },
    "21185121": {
        "engineering_mathematics_ii": "-",
        "logic_circuits": "-",
        "mathematical_foundation_of_computer_science": "C+",
        "engineering_drawing": "-",
        "object_oriented_programming_in_c++": "-",
        "web_technology": "-"
    },
    "21185130": {
        "engineering_mathematics_ii": "F",
        "logic_circuits": "-",
        "mathematical_foundation_of_computer_science": "-",
        "engineering_drawing": "-",
        "object_oriented_programming_in_c++": "-",
        "web_technology": "-"
    },
    "21185131": {
        "engineering_mathematics_ii": "-",
        "logic_circuits": "F",
        "mathematical_foundation_of_computer_science": "-",
        "engineering_drawing": "-",
        "object_oriented_programming_in_c++": "-",
        "web_technology": "Abs"
    },
    "21185134": {
        "engineering_mathematics_ii": "-",
        "logic_circuits": "F",
        "mathematical_foundation_of_computer_science": "-",
        "engineering_drawing": "-",
        "object_oriented_programming_in_c++": "-",
        "web_technology": "-"
    },
    "21185137": {
        "engineering_mathematics_ii": "-",
        "logic_circuits": "B-",
        "mathematical_foundation_of_computer_science": "-",
        "engineering_drawing": "-",
        "object_oriented_programming_in_c++": "-",
        "web_technology": "-"
    },
    "21185139": {
        "engineering_mathematics_ii": "F",
        "logic_circuits": "-",
        "mathematical_foundation_of_computer_science": "C+",
        "engineering_drawing": "-",
        "object_oriented_programming_in_c++": "-",
        "web_technology": "-"
    },
    "21185141": {
        "engineering_mathematics_ii": "C-",
        "logic_circuits": "Withheld",
        "mathematical_foundation_of_computer_science": "-",
        "engineering_drawing": "-",
        "object_oriented_programming_in_c++": "-",
        "web_technology": "-"
    },
    "21185143": {
        "engineering_mathematics_ii": "-",
        "logic_circuits": "-",
        "mathematical_foundation_of_computer_science": "-",
        "engineering_drawing": "-",
        "object_oriented_programming_in_c++": "Abs",
        "web_technology": "-"
    },
    "21185147": {
        "engineering_mathematics_ii": "-",
        "logic_circuits": "F",
        "mathematical_foundation_of_computer_science": "-",
        "engineering_drawing": "-",
        "object_oriented_programming_in_c++": "-",
        "web_technology": "-"
    },
    "21185151": {
        "engineering_mathematics_ii": "F",
        "logic_circuits": "F",
        "mathematical_foundation_of_computer_science": "-",
        "engineering_drawing": "-",
        "object_oriented_programming_in_c++": "-",
        "web_technology": "-"
    },
    "21185154": {
        "engineering_mathematics_ii": "-",
        "logic_circuits": "-",
        "mathematical_foundation_of_computer_science": "F",
        "engineering_drawing": "A-",
        "object_oriented_programming_in_c++": "F",
        "web_technology": "-"
    },
    "21185157": {
        "engineering_mathematics_ii": "-",
        "logic_circuits": "-",
        "mathematical_foundation_of_computer_science": "-",
        "engineering_drawing": "B",
        "object_oriented_programming_in_c++": "-",
        "web_technology": "-"
    },
    "21185159": {
        "engineering_mathematics_ii": "-",
        "logic_circuits": "-",
        "mathematical_foundation_of_computer_science": "F",
        "engineering_drawing": "-",
        "object_oriented_programming_in_c++": "-",
        "web_technology": "-"
    },
    "21185163": {
        "engineering_mathematics_ii": "-",
        "logic_circuits": "-",
        "mathematical_foundation_of_computer_science": "F",
        "engineering_drawing": "-",
        "object_oriented_programming_in_c++": "-",
        "web_technology": "-"
    },
    "21185164": {
        "engineering_mathematics_ii": "F",
        "logic_circuits": "B-",
        "mathematical_foundation_of_computer_science": "F",
        "engineering_drawing": "-",
        "object_oriented_programming_in_c++": "F",
        "web_technology": "-"
    },
    "21185167": {
        "engineering_mathematics_ii": "F",
        "logic_circuits": "-",
        "mathematical_foundation_of_computer_science": "-",
        "engineering_drawing": "-",
        "object_oriented_programming_in_c++": "-",
        "web_technology": "-"
    },
    "21185169": {
        "engineering_mathematics_ii": "F",
        "logic_circuits": "F",
        "mathematical_foundation_of_computer_science": "-",
        "engineering_drawing": "-",
        "object_oriented_programming_in_c++": "-",
        "web_technology": "-"
    },
    "21185171": {
        "engineering_mathematics_ii": "-",
        "logic_circuits": "-",
        "mathematical_foundation_of_computer_science": "-",
        "engineering_drawing": "D+",
        "object_oriented_programming_in_c++": "-",
        "web_technology": "-"
    },
    "21185175": {
        "engineering_mathematics_ii": "Abs",
        "logic_circuits": "-",
        "mathematical_foundation_of_computer_science": "-",
        "engineering_drawing": "-",
        "object_oriented_programming_in_c++": "-",
        "web_technology": "-"
    },
    "21185177": {
        "engineering_mathematics_ii": "B",
        "logic_circuits": "-",
        "mathematical_foundation_of_computer_science": "-",
        "engineering_drawing": "F",
        "object_oriented_programming_in_c++": "-",
        "web_technology": "-"
    },
    "21185179": {
        "engineering_mathematics_ii": "-",
        "logic_circuits": "-",
        "mathematical_foundation_of_computer_science": "F",
        "engineering_drawing": "-",
        "object_oriented_programming_in_c++": "-",
        "web_technology": "-"
    },
    "21185183": {
        "engineering_mathematics_ii": "F",
        "logic_circuits": "-",
        "mathematical_foundation_of_computer_science": "A",
        "engineering_drawing": "-",
        "object_oriented_programming_in_c++": "-",
        "web_technology": "-"
    },
    "21485090": {
        "engineering_mathematics_ii": "-",
        "logic_circuits": "-",
        "mathematical_foundation_of_computer_science": "Abs",
        "engineering_drawing": "-",
        "object_oriented_programming_in_c++": "-",
        "web_technology": "-"
    },
    "21485093": {
        "engineering_mathematics_ii": "-",
        "logic_circuits": "-",
        "mathematical_foundation_of_computer_science": "A-",
        "engineering_drawing": "-",
        "object_oriented_programming_in_c++": "-",
        "web_technology": "-"
    }
}