{
    "nan": {
        "basic_engineering_drawing": "-",
        "calculus_i": "-",
        "digital_logic": "-",
        "discrete_structure": "-",
        "problem_solving_techniques": "-",
        "programming_in_c": "-",
        "computer_workshop": "-",
        "sgpa": "-"
    },
    "22180004": {
        "basic_engineering_drawing": "-",
        "calculus_i": "F",
        "digital_logic": "-",
        "discrete_structure": "-",
        "problem_solving_techniques": "-",
        "programming_in_c": "-",
        "computer_workshop": "-",
        "sgpa": "-"
    },
    "22180005": {
        "basic_engineering_drawing": "-",
        "calculus_i": "Expelled",
        "digital_logic": "-",
        "discrete_structure": "-",
        "problem_solving_techniques": "-",
        "programming_in_c": "-",
        "computer_workshop": "-",
        "sgpa": "-"
    },
    "22180007": {
        "basic_engineering_drawing": "B+",
        "calculus_i": "F",
        "digital_logic": "-",
        "discrete_structure": "-",
        "problem_solving_techniques": "-",
        "programming_in_c": "-",
        "computer_workshop": "-",
        "sgpa": "-"
    },
    "22180008": {
        "basic_engineering_drawing": "-",
        "calculus_i": "F",
        "digital_logic": "F",
        "discrete_structure": "-",
        "problem_solving_techniques": "-",
        "programming_in_c": "C",
        "computer_workshop": "-",
        "sgpa": "-"
    },
    "22180010": {
        "basic_engineering_drawing": "-",
        "calculus_i": "F",
        "digital_logic": "-",
        "discrete_structure": "-",
        "problem_solving_techniques": "-",
        "programming_in_c": "-",
        "computer_workshop": "-",
        "sgpa": "-"
    },
    "22180011": {
        "basic_engineering_drawing": "-",
        "calculus_i": "F",
        "digital_logic": "-",
        "discrete_structure": "-",
        "problem_solving_techniques": "-",
        "programming_in_c": "-",
        "computer_workshop": "-",
        "sgpa": "-"
    },
    "22180016": {
        "basic_engineering_drawing": "-",
        "calculus_i": "F",
        "digital_logic": "-",
        "discrete_structure": "-",
        "problem_solving_techniques": "-",
        "programming_in_c": "-",
        "computer_workshop": "-",
        "sgpa": "-"
    },
    "22180017": {
        "basic_engineering_drawing": "B",
        "calculus_i": "-",
        "digital_logic": "-",
        "discrete_structure": "C+",
        "problem_solving_techniques": "-",
        "programming_in_c": "-",
        "computer_workshop": "-",
        "sgpa": "-"
    },
    "22180018": {
        "basic_engineering_drawing": "-",
        "calculus_i": "C",
        "digital_logic": "-",
        "discrete_structure": "-",
        "problem_solving_techniques": "-",
        "programming_in_c": "-",
        "computer_workshop": "-",
        "sgpa": "-"
    },
    "22180019": {
        "basic_engineering_drawing": "-",
        "calculus_i": "B-",
        "digital_logic": "-",
        "discrete_structure": "-",
        "problem_solving_techniques": "-",
        "programming_in_c": "-",
        "computer_workshop": "-",
        "sgpa": "-"
    },
    "22180020": {
        "basic_engineering_drawing": "C+",
        "calculus_i": "-",
        "digital_logic": "F",
        "discrete_structure": "F",
        "problem_solving_techniques": "-",
        "programming_in_c": "C",
        "computer_workshop": "-",
        "sgpa": "-"
    },
    "22180021": {
        "basic_engineering_drawing": "B-",
        "calculus_i": "Abs",
        "digital_logic": "-",
        "discrete_structure": "-",
        "problem_solving_techniques": "-",
        "programming_in_c": "-",
        "computer_workshop": "-",
        "sgpa": "-"
    },
    "22180022": {
        "basic_engineering_drawing": "-",
        "calculus_i": "B-",
        "digital_logic": "-",
        "discrete_structure": "-",
        "problem_solving_techniques": "-",
        "programming_in_c": "-",
        "computer_workshop": "-",
        "sgpa": "-"
    },
    "22180023": {
        "basic_engineering_drawing": "-",
        "calculus_i": "Abs",
        "digital_logic": "-",
        "discrete_structure": "-",
        "problem_solving_techniques": "-",
        "programming_in_c": "-",
        "computer_workshop": "-",
        "sgpa": "-"
    },
    "22180024": {
        "basic_engineering_drawing": "B",
        "calculus_i": "C+",
        "digital_logic": "-",
        "discrete_structure": "-",
        "problem_solving_techniques": "-",
        "programming_in_c": "-",
        "computer_workshop": "-",
        "sgpa": "-"
    },
    "22180025": {
        "basic_engineering_drawing": "-",
        "calculus_i": "C+",
        "digital_logic": "-",
        "discrete_structure": "-",
        "problem_solving_techniques": "-",
        "programming_in_c": "-",
        "computer_workshop": "-",
        "sgpa": "-"
    },
    "22180029": {
        "basic_engineering_drawing": "-",
        "calculus_i": "F",
        "digital_logic": "-",
        "discrete_structure": "-",
        "problem_solving_techniques": "-",
        "programming_in_c": "-",
        "computer_workshop": "-",
        "sgpa": "-"
    },
    "22180030": {
        "basic_engineering_drawing": "B",
        "calculus_i": "Abs",
        "digital_logic": "F",
        "discrete_structure": "F",
        "problem_solving_techniques": "-",
        "programming_in_c": "-",
        "computer_workshop": "-",
        "sgpa": "-"
    },
    "22180031": {
        "basic_engineering_drawing": "B",
        "calculus_i": "-",
        "digital_logic": "-",
        "discrete_structure": "-",
        "problem_solving_techniques": "-",
        "programming_in_c": "-",
        "computer_workshop": "-",
        "sgpa": "-"
    },
    "22180032": {
        "basic_engineering_drawing": "-",
        "calculus_i": "C-",
        "digital_logic": "-",
        "discrete_structure": "-",
        "problem_solving_techniques": "-",
        "programming_in_c": "-",
        "computer_workshop": "-",
        "sgpa": "-"
    },
    "22180034": {
        "basic_engineering_drawing": "-",
        "calculus_i": "F",
        "digital_logic": "F",
        "discrete_structure": "F",
        "problem_solving_techniques": "-",
        "programming_in_c": "Abs",
        "computer_workshop": "-",
        "sgpa": "-"
    },
    "22180035": {
        "basic_engineering_drawing": "-",
        "calculus_i": "-",
        "digital_logic": "F",
        "discrete_structure": "F",
        "problem_solving_techniques": "-",
        "programming_in_c": "F",
        "computer_workshop": "-",
        "sgpa": "-"
    },
    "22180036": {
        "basic_engineering_drawing": "F",
        "calculus_i": "B+",
        "digital_logic": "-",
        "discrete_structure": "-",
        "problem_solving_techniques": "-",
        "programming_in_c": "-",
        "computer_workshop": "-",
        "sgpa": "-"
    },
    "22180037": {
        "basic_engineering_drawing": "-",
        "calculus_i": "F",
        "digital_logic": "-",
        "discrete_structure": "F",
        "problem_solving_techniques": "-",
        "programming_in_c": "-",
        "computer_workshop": "-",
        "sgpa": "-"
    },
    "22180039": {
        "basic_engineering_drawing": "-",
        "calculus_i": "F",
        "digital_logic": "F",
        "discrete_structure": "-",
        "problem_solving_techniques": "-",
        "programming_in_c": "C",
        "computer_workshop": "-",
        "sgpa": "-"
    },
    "22180040": {
        "basic_engineering_drawing": "-",
        "calculus_i": "B-",
        "digital_logic": "-",
        "discrete_structure": "F",
        "problem_solving_techniques": "-",
        "programming_in_c": "-",
        "computer_workshop": "-",
        "sgpa": "-"
    },
    "22180041": {
        "basic_engineering_drawing": "-",
        "calculus_i": "C",
        "digital_logic": "F",
        "discrete_structure": "F",
        "problem_solving_techniques": "-",
        "programming_in_c": "-",
        "computer_workshop": "-",
        "sgpa": "-"
    },
    "22180042": {
        "basic_engineering_drawing": "-",
        "calculus_i": "F",
        "digital_logic": "-",
        "discrete_structure": "-",
        "problem_solving_techniques": "-",
        "programming_in_c": "-",
        "computer_workshop": "-",
        "sgpa": "-"
    },
    "22180044": {
        "basic_engineering_drawing": "-",
        "calculus_i": "F",
        "digital_logic": "-",
        "discrete_structure": "C+",
        "problem_solving_techniques": "-",
        "programming_in_c": "-",
        "computer_workshop": "-",
        "sgpa": "-"
    },
    "22180045": {
        "basic_engineering_drawing": "-",
        "calculus_i": "F",
        "digital_logic": "-",
        "discrete_structure": "-",
        "problem_solving_techniques": "-",
        "programming_in_c": "-",
        "computer_workshop": "-",
        "sgpa": "-"
    },
    "22180046": {
        "basic_engineering_drawing": "-",
        "calculus_i": "F",
        "digital_logic": "F",
        "discrete_structure": "F",
        "problem_solving_techniques": "-",
        "programming_in_c": "-",
        "computer_workshop": "-",
        "sgpa": "-"
    },
    "22180047": {
        "basic_engineering_drawing": "B",
        "calculus_i": "-",
        "digital_logic": "-",
        "discrete_structure": "-",
        "problem_solving_techniques": "-",
        "programming_in_c": "-",
        "computer_workshop": "-",
        "sgpa": "-"
    },
    "22180051": {
        "basic_engineering_drawing": "-",
        "calculus_i": "F",
        "digital_logic": "F",
        "discrete_structure": "C+",
        "problem_solving_techniques": "C+",
        "programming_in_c": "-",
        "computer_workshop": "-",
        "sgpa": "-"
    },
    "22180052": {
        "basic_engineering_drawing": "-",
        "calculus_i": "F",
        "digital_logic": "F",
        "discrete_structure": "F",
        "problem_solving_techniques": "-",
        "programming_in_c": "F",
        "computer_workshop": "-",
        "sgpa": "-"
    },
    "22180053": {
        "basic_engineering_drawing": "-",
        "calculus_i": "F",
        "digital_logic": "C",
        "discrete_structure": "-",
        "problem_solving_techniques": "-",
        "programming_in_c": "-",
        "computer_workshop": "-",
        "sgpa": "-"
    },
    "22180054": {
        "basic_engineering_drawing": "-",
        "calculus_i": "-",
        "digital_logic": "C",
        "discrete_structure": "-",
        "problem_solving_techniques": "-",
        "programming_in_c": "-",
        "computer_workshop": "-",
        "sgpa": "-"
    },
    "22180056": {
        "basic_engineering_drawing": "-",
        "calculus_i": "F",
        "digital_logic": "F",
        "discrete_structure": "F",
        "problem_solving_techniques": "C",
        "programming_in_c": "-",
        "computer_workshop": "-",
        "sgpa": "-"
    },
    "22180060": {
        "basic_engineering_drawing": "-",
        "calculus_i": "-",
        "digital_logic": "F",
        "discrete_structure": "-",
        "problem_solving_techniques": "-",
        "programming_in_c": "-",
        "computer_workshop": "-",
        "sgpa": "-"
    },
    "22180061": {
        "basic_engineering_drawing": "-",
        "calculus_i": "-",
        "digital_logic": "C+",
        "discrete_structure": "-",
        "problem_solving_techniques": "-",
        "programming_in_c": "-",
        "computer_workshop": "-",
        "sgpa": "-"
    },
    "22180065": {
        "basic_engineering_drawing": "-",
        "calculus_i": "F",
        "digital_logic": "B-",
        "discrete_structure": "F",
        "problem_solving_techniques": "-",
        "programming_in_c": "-",
        "computer_workshop": "-",
        "sgpa": "-"
    },
    "22180066": {
        "basic_engineering_drawing": "-",
        "calculus_i": "C-",
        "digital_logic": "B-",
        "discrete_structure": "-",
        "problem_solving_techniques": "-",
        "programming_in_c": "-",
        "computer_workshop": "-",
        "sgpa": "-"
    },
    "22180067": {
        "basic_engineering_drawing": "-",
        "calculus_i": "F",
        "digital_logic": "F",
        "discrete_structure": "F",
        "problem_solving_techniques": "-",
        "programming_in_c": "F",
        "computer_workshop": "-",
        "sgpa": "-"
    },
    "22180068": {
        "basic_engineering_drawing": "-",
        "calculus_i": "-",
        "digital_logic": "B-",
        "discrete_structure": "-",
        "problem_solving_techniques": "-",
        "programming_in_c": "B",
        "computer_workshop": "-",
        "sgpa": "-"
    },
    "22180070": {
        "basic_engineering_drawing": "-",
        "calculus_i": "F",
        "digital_logic": "C",
        "discrete_structure": "F",
        "problem_solving_techniques": "-",
        "programming_in_c": "-",
        "computer_workshop": "-",
        "sgpa": "-"
    },
    "22180071": {
        "basic_engineering_drawing": "-",
        "calculus_i": "F",
        "digital_logic": "F",
        "discrete_structure": "F",
        "problem_solving_techniques": "-",
        "programming_in_c": "F",
        "computer_workshop": "-",
        "sgpa": "-"
    },
    "22180074": {
        "basic_engineering_drawing": "-",
        "calculus_i": "F",
        "digital_logic": "C",
        "discrete_structure": "F",
        "problem_solving_techniques": "-",
        "programming_in_c": "C",
        "computer_workshop": "-",
        "sgpa": "-"
    },
    "22180075": {
        "basic_engineering_drawing": "-",
        "calculus_i": "F",
        "digital_logic": "-",
        "discrete_structure": "-",
        "problem_solving_techniques": "-",
        "programming_in_c": "-",
        "computer_workshop": "-",
        "sgpa": "-"
    },
    "22180078": {
        "basic_engineering_drawing": "-",
        "calculus_i": "C",
        "digital_logic": "C",
        "discrete_structure": "C",
        "problem_solving_techniques": "-",
        "programming_in_c": "C+",
        "computer_workshop": "-",
        "sgpa": "-"
    },
    "22180080": {
        "basic_engineering_drawing": "F",
        "calculus_i": "F",
        "digital_logic": "C-",
        "discrete_structure": "-",
        "problem_solving_techniques": "-",
        "programming_in_c": "B-",
        "computer_workshop": "-",
        "sgpa": "-"
    },
    "22180083": {
        "basic_engineering_drawing": "-",
        "calculus_i": "C",
        "digital_logic": "C",
        "discrete_structure": "C",
        "problem_solving_techniques": "-",
        "programming_in_c": "-",
        "computer_workshop": "-",
        "sgpa": "-"
    },
    "22180084": {
        "basic_engineering_drawing": "-",
        "calculus_i": "F",
        "digital_logic": "F",
        "discrete_structure": "F",
        "problem_solving_techniques": "-",
        "programming_in_c": "C-",
        "computer_workshop": "-",
        "sgpa": "-"
    },
    "22180085": {
        "basic_engineering_drawing": "-",
        "calculus_i": "F",
        "digital_logic": "F",
        "discrete_structure": "-",
        "problem_solving_techniques": "Abs",
        "programming_in_c": "F",
        "computer_workshop": "-",
        "sgpa": "-"
    },
    "22180090": {
        "basic_engineering_drawing": "-",
        "calculus_i": "D+",
        "digital_logic": "-",
        "discrete_structure": "-",
        "problem_solving_techniques": "-",
        "programming_in_c": "-",
        "computer_workshop": "-",
        "sgpa": "-"
    },
    "22180092": {
        "basic_engineering_drawing": "-",
        "calculus_i": "F",
        "digital_logic": "F",
        "discrete_structure": "F",
        "problem_solving_techniques": "-",
        "programming_in_c": "F",
        "computer_workshop": "-",
        "sgpa": "-"
    },
    "22180095": {
        "basic_engineering_drawing": "-",
        "calculus_i": "F",
        "digital_logic": "-",
        "discrete_structure": "F",
        "problem_solving_techniques": "-",
        "programming_in_c": "C-",
        "computer_workshop": "-",
        "sgpa": "-"
    },
    "22180096": {
        "basic_engineering_drawing": "Abs",
        "calculus_i": "-",
        "digital_logic": "Abs",
        "discrete_structure": "Abs",
        "problem_solving_techniques": "Abs",
        "programming_in_c": "-",
        "computer_workshop": "-",
        "sgpa": "-"
    },
    "22180097": {
        "basic_engineering_drawing": "-",
        "calculus_i": "-",
        "digital_logic": "-",
        "discrete_structure": "F",
        "problem_solving_techniques": "-",
        "programming_in_c": "-",
        "computer_workshop": "-",
        "sgpa": "-"
    },
    "22180100": {
        "basic_engineering_drawing": "-",
        "calculus_i": "-",
        "digital_logic": "-",
        "discrete_structure": "Abs",
        "problem_solving_techniques": "Abs",
        "programming_in_c": "B-",
        "computer_workshop": "-",
        "sgpa": "-"
    },
    "22180101": {
        "basic_engineering_drawing": "-",
        "calculus_i": "F",
        "digital_logic": "-",
        "discrete_structure": "F",
        "problem_solving_techniques": "-",
        "programming_in_c": "-",
        "computer_workshop": "-",
        "sgpa": "-"
    },
    "22180102": {
        "basic_engineering_drawing": "-",
        "calculus_i": "Abs",
        "digital_logic": "Abs",
        "discrete_structure": "-",
        "problem_solving_techniques": "-",
        "programming_in_c": "B",
        "computer_workshop": "-",
        "sgpa": "-"
    },
    "22180104": {
        "basic_engineering_drawing": "-",
        "calculus_i": "Abs",
        "digital_logic": "F",
        "discrete_structure": "F",
        "problem_solving_techniques": "-",
        "programming_in_c": "-",
        "computer_workshop": "-",
        "sgpa": "-"
    },
    "22180105": {
        "basic_engineering_drawing": "Abs",
        "calculus_i": "-",
        "digital_logic": "-",
        "discrete_structure": "Abs",
        "problem_solving_techniques": "-",
        "programming_in_c": "-",
        "computer_workshop": "-",
        "sgpa": "-"
    },
    "22180106": {
        "basic_engineering_drawing": "-",
        "calculus_i": "F",
        "digital_logic": "-",
        "discrete_structure": "B-",
        "problem_solving_techniques": "-",
        "programming_in_c": "-",
        "computer_workshop": "-",
        "sgpa": "-"
    },
    "22180108": {
        "basic_engineering_drawing": "-",
        "calculus_i": "F",
        "digital_logic": "-",
        "discrete_structure": "F",
        "problem_solving_techniques": "-",
        "programming_in_c": "-",
        "computer_workshop": "-",
        "sgpa": "-"
    },
    "22180109": {
        "basic_engineering_drawing": "-",
        "calculus_i": "F",
        "digital_logic": "F",
        "discrete_structure": "F",
        "problem_solving_techniques": "F",
        "programming_in_c": "F",
        "computer_workshop": "-",
        "sgpa": "-"
    },
    "22180110": {
        "basic_engineering_drawing": "-",
        "calculus_i": "-",
        "digital_logic": "-",
        "discrete_structure": "-",
        "problem_solving_techniques": "-",
        "programming_in_c": "Abs",
        "computer_workshop": "-",
        "sgpa": "-"
    },
    "22180112": {
        "basic_engineering_drawing": "-",
        "calculus_i": "B",
        "digital_logic": "-",
        "discrete_structure": "-",
        "problem_solving_techniques": "-",
        "programming_in_c": "-",
        "computer_workshop": "-",
        "sgpa": "-"
    },
    "22180114": {
        "basic_engineering_drawing": "-",
        "calculus_i": "F",
        "digital_logic": "F",
        "discrete_structure": "F",
        "problem_solving_techniques": "F",
        "programming_in_c": "F",
        "computer_workshop": "-",
        "sgpa": "-"
    },
    "22180115": {
        "basic_engineering_drawing": "-",
        "calculus_i": "-",
        "digital_logic": "-",
        "discrete_structure": "-",
        "problem_solving_techniques": "-",
        "programming_in_c": "A",
        "computer_workshop": "-",
        "sgpa": "-"
    },
    "22180117": {
        "basic_engineering_drawing": "Abs",
        "calculus_i": "-",
        "digital_logic": "F",
        "discrete_structure": "F",
        "problem_solving_techniques": "-",
        "programming_in_c": "-",
        "computer_workshop": "-",
        "sgpa": "-"
    },
    "22180119": {
        "basic_engineering_drawing": "-",
        "calculus_i": "Abs",
        "digital_logic": "-",
        "discrete_structure": "Abs",
        "problem_solving_techniques": "-",
        "programming_in_c": "Abs",
        "computer_workshop": "-",
        "sgpa": "-"
    },
    "22180120": {
        "basic_engineering_drawing": "-",
        "calculus_i": "-",
        "digital_logic": "Abs",
        "discrete_structure": "-",
        "problem_solving_techniques": "-",
        "programming_in_c": "Abs",
        "computer_workshop": "-",
        "sgpa": "-"
    },
    "22180122": {
        "basic_engineering_drawing": "-",
        "calculus_i": "F",
        "digital_logic": "-",
        "discrete_structure": "-",
        "problem_solving_techniques": "F",
        "programming_in_c": "F",
        "computer_workshop": "-",
        "sgpa": "-"
    },
    "22180125": {
        "basic_engineering_drawing": "-",
        "calculus_i": "F",
        "digital_logic": "-",
        "discrete_structure": "-",
        "problem_solving_techniques": "-",
        "programming_in_c": "-",
        "computer_workshop": "-",
        "sgpa": "-"
    },
    "22180126": {
        "basic_engineering_drawing": "-",
        "calculus_i": "-",
        "digital_logic": "Abs",
        "discrete_structure": "C",
        "problem_solving_techniques": "-",
        "programming_in_c": "C+",
        "computer_workshop": "-",
        "sgpa": "-"
    },
    "22180128": {
        "basic_engineering_drawing": "-",
        "calculus_i": "C+",
        "digital_logic": "-",
        "discrete_structure": "-",
        "problem_solving_techniques": "-",
        "programming_in_c": "-",
        "computer_workshop": "-",
        "sgpa": "-"
    },
    "22180129": {
        "basic_engineering_drawing": "-",
        "calculus_i": "-",
        "digital_logic": "-",
        "discrete_structure": "F",
        "problem_solving_techniques": "F",
        "programming_in_c": "F",
        "computer_workshop": "-",
        "sgpa": "-"
    },
    "22180130": {
        "basic_engineering_drawing": "-",
        "calculus_i": "-",
        "digital_logic": "-",
        "discrete_structure": "Abs",
        "problem_solving_techniques": "Abs",
        "programming_in_c": "-",
        "computer_workshop": "-",
        "sgpa": "-"
    },
    "22180133": {
        "basic_engineering_drawing": "-",
        "calculus_i": "-",
        "digital_logic": "Abs",
        "discrete_structure": "Abs",
        "problem_solving_techniques": "Abs",
        "programming_in_c": "Abs",
        "computer_workshop": "-",
        "sgpa": "-"
    },
    "22180134": {
        "basic_engineering_drawing": "-",
        "calculus_i": "-",
        "digital_logic": "F",
        "discrete_structure": "-",
        "problem_solving_techniques": "Abs",
        "programming_in_c": "C",
        "computer_workshop": "-",
        "sgpa": "-"
    },
    "22180135": {
        "basic_engineering_drawing": "-",
        "calculus_i": "-",
        "digital_logic": "-",
        "discrete_structure": "-",
        "problem_solving_techniques": "C",
        "programming_in_c": "F",
        "computer_workshop": "-",
        "sgpa": "-"
    },
    "22180136": {
        "basic_engineering_drawing": "-",
        "calculus_i": "-",
        "digital_logic": "-",
        "discrete_structure": "C+",
        "problem_solving_techniques": "-",
        "programming_in_c": "A",
        "computer_workshop": "-",
        "sgpa": "-"
    },
    "22180137": {
        "basic_engineering_drawing": "-",
        "calculus_i": "-",
        "digital_logic": "Abs",
        "discrete_structure": "F",
        "problem_solving_techniques": "Abs",
        "programming_in_c": "Abs",
        "computer_workshop": "-",
        "sgpa": "-"
    },
    "22180138": {
        "basic_engineering_drawing": "-",
        "calculus_i": "F",
        "digital_logic": "-",
        "discrete_structure": "-",
        "problem_solving_techniques": "-",
        "programming_in_c": "-",
        "computer_workshop": "-",
        "sgpa": "-"
    },
    "22180143": {
        "basic_engineering_drawing": "-",
        "calculus_i": "C+",
        "digital_logic": "-",
        "discrete_structure": "C",
        "problem_solving_techniques": "-",
        "programming_in_c": "-",
        "computer_workshop": "-",
        "sgpa": "-"
    },
    "22180145": {
        "basic_engineering_drawing": "-",
        "calculus_i": "F",
        "digital_logic": "-",
        "discrete_structure": "C+",
        "problem_solving_techniques": "F",
        "programming_in_c": "A-",
        "computer_workshop": "-",
        "sgpa": "-"
    },
    "22180146": {
        "basic_engineering_drawing": "-",
        "calculus_i": "F",
        "digital_logic": "-",
        "discrete_structure": "-",
        "problem_solving_techniques": "-",
        "programming_in_c": "B-",
        "computer_workshop": "-",
        "sgpa": "-"
    },
    "22180147": {
        "basic_engineering_drawing": "-",
        "calculus_i": "-",
        "digital_logic": "F",
        "discrete_structure": "F",
        "problem_solving_techniques": "-",
        "programming_in_c": "Abs",
        "computer_workshop": "-",
        "sgpa": "-"
    },
    "22180152": {
        "basic_engineering_drawing": "-",
        "calculus_i": "F",
        "digital_logic": "-",
        "discrete_structure": "-",
        "problem_solving_techniques": "-",
        "programming_in_c": "-",
        "computer_workshop": "-",
        "sgpa": "-"
    },
    "22180153": {
        "basic_engineering_drawing": "-",
        "calculus_i": "F",
        "digital_logic": "F",
        "discrete_structure": "F",
        "problem_solving_techniques": "-",
        "programming_in_c": "C+",
        "computer_workshop": "-",
        "sgpa": "-"
    },
    "22180154": {
        "basic_engineering_drawing": "-",
        "calculus_i": "Abs",
        "digital_logic": "-",
        "discrete_structure": "-",
        "problem_solving_techniques": "Abs",
        "programming_in_c": "Abs",
        "computer_workshop": "-",
        "sgpa": "-"
    },
    "22180155": {
        "basic_engineering_drawing": "C+",
        "calculus_i": "-",
        "digital_logic": "F",
        "discrete_structure": "F",
        "problem_solving_techniques": "-",
        "programming_in_c": "-",
        "computer_workshop": "-",
        "sgpa": "-"
    },
    "22180158": {
        "basic_engineering_drawing": "-",
        "calculus_i": "F",
        "digital_logic": "-",
        "discrete_structure": "C",
        "problem_solving_techniques": "-",
        "programming_in_c": "-",
        "computer_workshop": "-",
        "sgpa": "-"
    },
    "22180160": {
        "basic_engineering_drawing": "-",
        "calculus_i": "-",
        "digital_logic": "Abs",
        "discrete_structure": "-",
        "problem_solving_techniques": "Abs",
        "programming_in_c": "-",
        "computer_workshop": "-",
        "sgpa": "-"
    },
    "22180161": {
        "basic_engineering_drawing": "-",
        "calculus_i": "F",
        "digital_logic": "-",
        "discrete_structure": "F",
        "problem_solving_techniques": "-",
        "programming_in_c": "C+",
        "computer_workshop": "-",
        "sgpa": "-"
    },
    "22180162": {
        "basic_engineering_drawing": "-",
        "calculus_i": "F",
        "digital_logic": "-",
        "discrete_structure": "F",
        "problem_solving_techniques": "-",
        "programming_in_c": "-",
        "computer_workshop": "-",
        "sgpa": "-"
    },
    "22180166": {
        "basic_engineering_drawing": "-",
        "calculus_i": "-",
        "digital_logic": "F",
        "discrete_structure": "Abs",
        "problem_solving_techniques": "-",
        "programming_in_c": "-",
        "computer_workshop": "-",
        "sgpa": "-"
    },
    "22180167": {
        "basic_engineering_drawing": "-",
        "calculus_i": "-",
        "digital_logic": "F",
        "discrete_structure": "F",
        "problem_solving_techniques": "-",
        "programming_in_c": "B",
        "computer_workshop": "-",
        "sgpa": "-"
    },
    "22180169": {
        "basic_engineering_drawing": "-",
        "calculus_i": "C+",
        "digital_logic": "-",
        "discrete_structure": "-",
        "problem_solving_techniques": "-",
        "programming_in_c": "-",
        "computer_workshop": "-",
        "sgpa": "-"
    },
    "22180170": {
        "basic_engineering_drawing": "-",
        "calculus_i": "F",
        "digital_logic": "-",
        "discrete_structure": "F",
        "problem_solving_techniques": "-",
        "programming_in_c": "-",
        "computer_workshop": "-",
        "sgpa": "-"
    },
    "22180172": {
        "basic_engineering_drawing": "B-",
        "calculus_i": "F",
        "digital_logic": "-",
        "discrete_structure": "-",
        "problem_solving_techniques": "F",
        "programming_in_c": "-",
        "computer_workshop": "-",
        "sgpa": "-"
    },
    "22180173": {
        "basic_engineering_drawing": "-",
        "calculus_i": "Abs",
        "digital_logic": "-",
        "discrete_structure": "-",
        "problem_solving_techniques": "-",
        "programming_in_c": "Abs",
        "computer_workshop": "-",
        "sgpa": "-"
    },
    "22180174": {
        "basic_engineering_drawing": "-",
        "calculus_i": "F",
        "digital_logic": "-",
        "discrete_structure": "-",
        "problem_solving_techniques": "-",
        "programming_in_c": "-",
        "computer_workshop": "-",
        "sgpa": "-"
    },
    "22180176": {
        "basic_engineering_drawing": "-",
        "calculus_i": "F",
        "digital_logic": "-",
        "discrete_structure": "C+",
        "problem_solving_techniques": "-",
        "programming_in_c": "-",
        "computer_workshop": "-",
        "sgpa": "-"
    },
    "22180178": {
        "basic_engineering_drawing": "-",
        "calculus_i": "F",
        "digital_logic": "-",
        "discrete_structure": "-",
        "problem_solving_techniques": "-",
        "programming_in_c": "-",
        "computer_workshop": "-",
        "sgpa": "-"
    },
    "22180180": {
        "basic_engineering_drawing": "-",
        "calculus_i": "F",
        "digital_logic": "-",
        "discrete_structure": "-",
        "problem_solving_techniques": "-",
        "programming_in_c": "-",
        "computer_workshop": "-",
        "sgpa": "-"
    },
    "22180181": {
        "basic_engineering_drawing": "-",
        "calculus_i": "F",
        "digital_logic": "-",
        "discrete_structure": "F",
        "problem_solving_techniques": "-",
        "programming_in_c": "B",
        "computer_workshop": "-",
        "sgpa": "-"
    },
    "22180182": {
        "basic_engineering_drawing": "-",
        "calculus_i": "-",
        "digital_logic": "B",
        "discrete_structure": "-",
        "problem_solving_techniques": "-",
        "programming_in_c": "-",
        "computer_workshop": "-",
        "sgpa": "-"
    },
    "22180183": {
        "basic_engineering_drawing": "-",
        "calculus_i": "F",
        "digital_logic": "-",
        "discrete_structure": "F",
        "problem_solving_techniques": "-",
        "programming_in_c": "-",
        "computer_workshop": "-",
        "sgpa": "-"
    },
    "22180184": {
        "basic_engineering_drawing": "-",
        "calculus_i": "F",
        "digital_logic": "-",
        "discrete_structure": "F",
        "problem_solving_techniques": "-",
        "programming_in_c": "-",
        "computer_workshop": "-",
        "sgpa": "-"
    },
    "22180187": {
        "basic_engineering_drawing": "-",
        "calculus_i": "F",
        "digital_logic": "-",
        "discrete_structure": "-",
        "problem_solving_techniques": "-",
        "programming_in_c": "-",
        "computer_workshop": "-",
        "sgpa": "-"
    },
    "22180188": {
        "basic_engineering_drawing": "-",
        "calculus_i": "-",
        "digital_logic": "F",
        "discrete_structure": "F",
        "problem_solving_techniques": "-",
        "programming_in_c": "-",
        "computer_workshop": "-",
        "sgpa": "-"
    },
    "23180001": {
        "basic_engineering_drawing": "A",
        "calculus_i": "C+",
        "digital_logic": "B-",
        "discrete_structure": "B",
        "problem_solving_techniques": "B-",
        "programming_in_c": "B+",
        "computer_workshop": "A",
        "sgpa": "2.94"
    },
    "23180002": {
        "basic_engineering_drawing": "A-",
        "calculus_i": "F",
        "digital_logic": "F",
        "discrete_structure": "F",
        "problem_solving_techniques": "F",
        "programming_in_c": "B-",
        "computer_workshop": "A",
        "sgpa": "-"
    },
    "23180003": {
        "basic_engineering_drawing": "B",
        "calculus_i": "F",
        "digital_logic": "F",
        "discrete_structure": "C",
        "problem_solving_techniques": "C+",
        "programming_in_c": "C",
        "computer_workshop": "A",
        "sgpa": "-"
    },
    "23180004": {
        "basic_engineering_drawing": "B+",
        "calculus_i": "B-",
        "digital_logic": "B",
        "discrete_structure": "B",
        "problem_solving_techniques": "A-",
        "programming_in_c": "A-",
        "computer_workshop": "A",
        "sgpa": "3.27"
    },
    "23180005": {
        "basic_engineering_drawing": "A-",
        "calculus_i": "F",
        "digital_logic": "F",
        "discrete_structure": "F",
        "problem_solving_techniques": "C",
        "programming_in_c": "C+",
        "computer_workshop": "A",
        "sgpa": "-"
    },
    "23180006": {
        "basic_engineering_drawing": "A",
        "calculus_i": "B",
        "digital_logic": "C",
        "discrete_structure": "C",
        "problem_solving_techniques": "C+",
        "programming_in_c": "B+",
        "computer_workshop": "A",
        "sgpa": "2.69"
    },
    "23180007": {
        "basic_engineering_drawing": "C+",
        "calculus_i": "F",
        "digital_logic": "F",
        "discrete_structure": "F",
        "problem_solving_techniques": "F",
        "programming_in_c": "B",
        "computer_workshop": "A",
        "sgpa": "-"
    },
    "23180008": {
        "basic_engineering_drawing": "B",
        "calculus_i": "F",
        "digital_logic": "C",
        "discrete_structure": "C",
        "problem_solving_techniques": "C",
        "programming_in_c": "C",
        "computer_workshop": "A",
        "sgpa": "-"
    },
    "23180009": {
        "basic_engineering_drawing": "A-",
        "calculus_i": "F",
        "digital_logic": "C+",
        "discrete_structure": "C+",
        "problem_solving_techniques": "C+",
        "programming_in_c": "B",
        "computer_workshop": "A",
        "sgpa": "-"
    },
    "23180010": {
        "basic_engineering_drawing": "B-",
        "calculus_i": "C+",
        "digital_logic": "F",
        "discrete_structure": "F",
        "problem_solving_techniques": "C-",
        "programming_in_c": "C",
        "computer_workshop": "A",
        "sgpa": "-"
    },
    "23180011": {
        "basic_engineering_drawing": "B+",
        "calculus_i": "F",
        "digital_logic": "F",
        "discrete_structure": "F",
        "problem_solving_techniques": "F",
        "programming_in_c": "C",
        "computer_workshop": "A",
        "sgpa": "-"
    },
    "23180012": {
        "basic_engineering_drawing": "A",
        "calculus_i": "F",
        "digital_logic": "F",
        "discrete_structure": "C+",
        "problem_solving_techniques": "C+",
        "programming_in_c": "B",
        "computer_workshop": "A",
        "sgpa": "-"
    },
    "23180013": {
        "basic_engineering_drawing": "B+",
        "calculus_i": "B+",
        "digital_logic": "B+",
        "discrete_structure": "A-",
        "problem_solving_techniques": "A",
        "programming_in_c": "B",
        "computer_workshop": "A",
        "sgpa": "3.48"
    },
    "23180014": {
        "basic_engineering_drawing": "A-",
        "calculus_i": "B",
        "digital_logic": "B+",
        "discrete_structure": "A-",
        "problem_solving_techniques": "A",
        "programming_in_c": "B",
        "computer_workshop": "A",
        "sgpa": "3.45"
    },
    "23180015": {
        "basic_engineering_drawing": "C+",
        "calculus_i": "C+",
        "digital_logic": "C+",
        "discrete_structure": "C+",
        "problem_solving_techniques": "C",
        "programming_in_c": "B-",
        "computer_workshop": "A",
        "sgpa": "2.42"
    },
    "23180016": {
        "basic_engineering_drawing": "C+",
        "calculus_i": "F",
        "digital_logic": "F",
        "discrete_structure": "F",
        "problem_solving_techniques": "F",
        "programming_in_c": "B-",
        "computer_workshop": "A",
        "sgpa": "-"
    },
    "23180017": {
        "basic_engineering_drawing": "F",
        "calculus_i": "F",
        "digital_logic": "F",
        "discrete_structure": "F",
        "problem_solving_techniques": "F",
        "programming_in_c": "C",
        "computer_workshop": "A-",
        "sgpa": "-"
    },
    "23180018": {
        "basic_engineering_drawing": "F",
        "calculus_i": "F",
        "digital_logic": "F",
        "discrete_structure": "C-",
        "problem_solving_techniques": "C+",
        "programming_in_c": "C",
        "computer_workshop": "A",
        "sgpa": "-"
    },
    "23180019": {
        "basic_engineering_drawing": "B+",
        "calculus_i": "C+",
        "digital_logic": "B",
        "discrete_structure": "B",
        "problem_solving_techniques": "A-",
        "programming_in_c": "B-",
        "computer_workshop": "A",
        "sgpa": "3.02"
    },
    "23180020": {
        "basic_engineering_drawing": "B",
        "calculus_i": "F",
        "digital_logic": "F",
        "discrete_structure": "F",
        "problem_solving_techniques": "F",
        "programming_in_c": "B-",
        "computer_workshop": "A",
        "sgpa": "-"
    },
    "23180021": {
        "basic_engineering_drawing": "F",
        "calculus_i": "F",
        "digital_logic": "F",
        "discrete_structure": "F",
        "problem_solving_techniques": "F",
        "programming_in_c": "F",
        "computer_workshop": "A",
        "sgpa": "-"
    },
    "23180022": {
        "basic_engineering_drawing": "B+",
        "calculus_i": "F",
        "digital_logic": "F",
        "discrete_structure": "C-",
        "problem_solving_techniques": "F",
        "programming_in_c": "B-",
        "computer_workshop": "A",
        "sgpa": "-"
    },
    "23180023": {
        "basic_engineering_drawing": "F",
        "calculus_i": "F",
        "digital_logic": "F",
        "discrete_structure": "F",
        "problem_solving_techniques": "F",
        "programming_in_c": "A-",
        "computer_workshop": "A",
        "sgpa": "-"
    },
    "23180024": {
        "basic_engineering_drawing": "C-",
        "calculus_i": "F",
        "digital_logic": "Abs",
        "discrete_structure": "F",
        "problem_solving_techniques": "C",
        "programming_in_c": "B-",
        "computer_workshop": "B+",
        "sgpa": "-"
    },
    "23180025": {
        "basic_engineering_drawing": "A-",
        "calculus_i": "C+",
        "digital_logic": "C",
        "discrete_structure": "C+",
        "problem_solving_techniques": "A-",
        "programming_in_c": "B",
        "computer_workshop": "A",
        "sgpa": "2.80"
    },
    "23180026": {
        "basic_engineering_drawing": "C-",
        "calculus_i": "Abs",
        "digital_logic": "F",
        "discrete_structure": "C-",
        "problem_solving_techniques": "C+",
        "programming_in_c": "B-",
        "computer_workshop": "A",
        "sgpa": "-"
    },
    "23180027": {
        "basic_engineering_drawing": "A-",
        "calculus_i": "F",
        "digital_logic": "F",
        "discrete_structure": "F",
        "problem_solving_techniques": "C",
        "programming_in_c": "B",
        "computer_workshop": "A",
        "sgpa": "-"
    },
    "23180028": {
        "basic_engineering_drawing": "A-",
        "calculus_i": "A-",
        "digital_logic": "C+",
        "discrete_structure": "A",
        "problem_solving_techniques": "B",
        "programming_in_c": "A-",
        "computer_workshop": "A",
        "sgpa": "3.40"
    },
    "23180029": {
        "basic_engineering_drawing": "B+",
        "calculus_i": "F",
        "digital_logic": "F",
        "discrete_structure": "F",
        "problem_solving_techniques": "C-",
        "programming_in_c": "F",
        "computer_workshop": "A",
        "sgpa": "-"
    },
    "23180030": {
        "basic_engineering_drawing": "B",
        "calculus_i": "F",
        "digital_logic": "C+",
        "discrete_structure": "C+",
        "problem_solving_techniques": "C+",
        "programming_in_c": "B",
        "computer_workshop": "A",
        "sgpa": "-"
    },
    "23180031": {
        "basic_engineering_drawing": "B-",
        "calculus_i": "F",
        "digital_logic": "F",
        "discrete_structure": "B",
        "problem_solving_techniques": "C-",
        "programming_in_c": "A",
        "computer_workshop": "A",
        "sgpa": "-"
    },
    "23180032": {
        "basic_engineering_drawing": "A-",
        "calculus_i": "A-",
        "digital_logic": "C",
        "discrete_structure": "B",
        "problem_solving_techniques": "F",
        "programming_in_c": "A-",
        "computer_workshop": "A",
        "sgpa": "-"
    },
    "23180033": {
        "basic_engineering_drawing": "A-",
        "calculus_i": "B",
        "digital_logic": "C",
        "discrete_structure": "C",
        "problem_solving_techniques": "B-",
        "programming_in_c": "B+",
        "computer_workshop": "A",
        "sgpa": "2.75"
    },
    "23180034": {
        "basic_engineering_drawing": "B+",
        "calculus_i": "F",
        "digital_logic": "F",
        "discrete_structure": "F",
        "problem_solving_techniques": "B",
        "programming_in_c": "C-",
        "computer_workshop": "A",
        "sgpa": "-"
    },
    "23180035": {
        "basic_engineering_drawing": "B-",
        "calculus_i": "C-",
        "digital_logic": "F",
        "discrete_structure": "F",
        "problem_solving_techniques": "B",
        "programming_in_c": "C+",
        "computer_workshop": "A-",
        "sgpa": "-"
    },
    "23180036": {
        "basic_engineering_drawing": "A-",
        "calculus_i": "F",
        "digital_logic": "C",
        "discrete_structure": "B-",
        "problem_solving_techniques": "C",
        "programming_in_c": "B-",
        "computer_workshop": "A-",
        "sgpa": "-"
    },
    "23180037": {
        "basic_engineering_drawing": "B",
        "calculus_i": "F",
        "digital_logic": "F",
        "discrete_structure": "F",
        "problem_solving_techniques": "F",
        "programming_in_c": "F",
        "computer_workshop": "A",
        "sgpa": "-"
    },
    "23180038": {
        "basic_engineering_drawing": "B+",
        "calculus_i": "F",
        "digital_logic": "F",
        "discrete_structure": "Expelled",
        "problem_solving_techniques": "F",
        "programming_in_c": "F",
        "computer_workshop": "A",
        "sgpa": "-"
    },
    "23180039": {
        "basic_engineering_drawing": "A-",
        "calculus_i": "F",
        "digital_logic": "F",
        "discrete_structure": "F",
        "problem_solving_techniques": "B",
        "programming_in_c": "C",
        "computer_workshop": "A-",
        "sgpa": "-"
    },
    "23180040": {
        "basic_engineering_drawing": "A",
        "calculus_i": "C+",
        "digital_logic": "C",
        "discrete_structure": "C",
        "problem_solving_techniques": "C+",
        "programming_in_c": "C+",
        "computer_workshop": "A",
        "sgpa": "2.39"
    },
    "23180041": {
        "basic_engineering_drawing": "A-",
        "calculus_i": "C+",
        "digital_logic": "B+",
        "discrete_structure": "B+",
        "problem_solving_techniques": "A-",
        "programming_in_c": "B-",
        "computer_workshop": "A",
        "sgpa": "3.15"
    },
    "23180042": {
        "basic_engineering_drawing": "D+",
        "calculus_i": "Abs",
        "digital_logic": "Abs",
        "discrete_structure": "F",
        "problem_solving_techniques": "Abs",
        "programming_in_c": "Abs",
        "computer_workshop": "B+",
        "sgpa": "-"
    },
    "23180043": {
        "basic_engineering_drawing": "A-",
        "calculus_i": "C-",
        "digital_logic": "B-",
        "discrete_structure": "B+",
        "problem_solving_techniques": "B+",
        "programming_in_c": "A-",
        "computer_workshop": "A",
        "sgpa": "3.05"
    },
    "23180044": {
        "basic_engineering_drawing": "B",
        "calculus_i": "F",
        "digital_logic": "F",
        "discrete_structure": "Expelled",
        "problem_solving_techniques": "F",
        "programming_in_c": "B-",
        "computer_workshop": "A",
        "sgpa": "-"
    },
    "23180045": {
        "basic_engineering_drawing": "B",
        "calculus_i": "F",
        "digital_logic": "F",
        "discrete_structure": "F",
        "problem_solving_techniques": "C",
        "programming_in_c": "F",
        "computer_workshop": "A",
        "sgpa": "-"
    },
    "23180046": {
        "basic_engineering_drawing": "B+",
        "calculus_i": "C+",
        "digital_logic": "F",
        "discrete_structure": "C+",
        "problem_solving_techniques": "B+",
        "programming_in_c": "B-",
        "computer_workshop": "A",
        "sgpa": "-"
    },
    "23180047": {
        "basic_engineering_drawing": "B+",
        "calculus_i": "C",
        "digital_logic": "F",
        "discrete_structure": "C+",
        "problem_solving_techniques": "B-",
        "programming_in_c": "A-",
        "computer_workshop": "A",
        "sgpa": "-"
    },
    "23180049": {
        "basic_engineering_drawing": "A-",
        "calculus_i": "F",
        "digital_logic": "B-",
        "discrete_structure": "C",
        "problem_solving_techniques": "B-",
        "programming_in_c": "B+",
        "computer_workshop": "A",
        "sgpa": "-"
    },
    "23180050": {
        "basic_engineering_drawing": "B",
        "calculus_i": "F",
        "digital_logic": "C+",
        "discrete_structure": "F",
        "problem_solving_techniques": "C",
        "programming_in_c": "C+",
        "computer_workshop": "A-",
        "sgpa": "-"
    },
    "23180051": {
        "basic_engineering_drawing": "A-",
        "calculus_i": "A",
        "digital_logic": "A",
        "discrete_structure": "A-",
        "problem_solving_techniques": "A",
        "programming_in_c": "A",
        "computer_workshop": "A",
        "sgpa": "3.93"
    },
    "23180052": {
        "basic_engineering_drawing": "A",
        "calculus_i": "F",
        "digital_logic": "B",
        "discrete_structure": "F",
        "problem_solving_techniques": "C+",
        "programming_in_c": "F",
        "computer_workshop": "A",
        "sgpa": "-"
    },
    "23180053": {
        "basic_engineering_drawing": "B+",
        "calculus_i": "F",
        "digital_logic": "C",
        "discrete_structure": "F",
        "problem_solving_techniques": "C",
        "programming_in_c": "F",
        "computer_workshop": "A",
        "sgpa": "-"
    },
    "23180054": {
        "basic_engineering_drawing": "B-",
        "calculus_i": "C",
        "digital_logic": "C+",
        "discrete_structure": "F",
        "problem_solving_techniques": "F",
        "programming_in_c": "F",
        "computer_workshop": "A",
        "sgpa": "-"
    },
    "23180055": {
        "basic_engineering_drawing": "B+",
        "calculus_i": "F",
        "digital_logic": "F",
        "discrete_structure": "F",
        "problem_solving_techniques": "C",
        "programming_in_c": "F",
        "computer_workshop": "A",
        "sgpa": "-"
    },
    "23180056": {
        "basic_engineering_drawing": "A",
        "calculus_i": "A",
        "digital_logic": "A",
        "discrete_structure": "A-",
        "problem_solving_techniques": "A-",
        "programming_in_c": "A",
        "computer_workshop": "A",
        "sgpa": "3.89"
    },
    "23180057": {
        "basic_engineering_drawing": "B",
        "calculus_i": "F",
        "digital_logic": "F",
        "discrete_structure": "F",
        "problem_solving_techniques": "F",
        "programming_in_c": "F",
        "computer_workshop": "A",
        "sgpa": "-"
    },
    "23180058": {
        "basic_engineering_drawing": "A",
        "calculus_i": "F",
        "digital_logic": "C+",
        "discrete_structure": "F",
        "problem_solving_techniques": "F",
        "programming_in_c": "C",
        "computer_workshop": "A",
        "sgpa": "-"
    },
    "23180059": {
        "basic_engineering_drawing": "A",
        "calculus_i": "A",
        "digital_logic": "A",
        "discrete_structure": "A-",
        "problem_solving_techniques": "B+",
        "programming_in_c": "A",
        "computer_workshop": "A",
        "sgpa": "3.82"
    },
    "23180060": {
        "basic_engineering_drawing": "B",
        "calculus_i": "F",
        "digital_logic": "C+",
        "discrete_structure": "F",
        "problem_solving_techniques": "B-",
        "programming_in_c": "F",
        "computer_workshop": "A",
        "sgpa": "-"
    },
    "23180061": {
        "basic_engineering_drawing": "A",
        "calculus_i": "C",
        "digital_logic": "A-",
        "discrete_structure": "B-",
        "problem_solving_techniques": "B-",
        "programming_in_c": "B-",
        "computer_workshop": "A",
        "sgpa": "2.91"
    },
    "23180062": {
        "basic_engineering_drawing": "B",
        "calculus_i": "F",
        "digital_logic": "C",
        "discrete_structure": "F",
        "problem_solving_techniques": "C+",
        "programming_in_c": "F",
        "computer_workshop": "A",
        "sgpa": "-"
    },
    "23180063": {
        "basic_engineering_drawing": "B+",
        "calculus_i": "C",
        "digital_logic": "C",
        "discrete_structure": "C",
        "problem_solving_techniques": "C",
        "programming_in_c": "C+",
        "computer_workshop": "A",
        "sgpa": "2.25"
    },
    "23180064": {
        "basic_engineering_drawing": "A-",
        "calculus_i": "A",
        "digital_logic": "A-",
        "discrete_structure": "B",
        "problem_solving_techniques": "A",
        "programming_in_c": "A-",
        "computer_workshop": "A",
        "sgpa": "3.70"
    },
    "23180065": {
        "basic_engineering_drawing": "A",
        "calculus_i": "F",
        "digital_logic": "C",
        "discrete_structure": "C+",
        "problem_solving_techniques": "B+",
        "programming_in_c": "F",
        "computer_workshop": "A",
        "sgpa": "-"
    },
    "23180066": {
        "basic_engineering_drawing": "A-",
        "calculus_i": "F",
        "digital_logic": "B+",
        "discrete_structure": "B-",
        "problem_solving_techniques": "B-",
        "programming_in_c": "B+",
        "computer_workshop": "A",
        "sgpa": "-"
    },
    "23180067": {
        "basic_engineering_drawing": "B-",
        "calculus_i": "F",
        "digital_logic": "B+",
        "discrete_structure": "B-",
        "problem_solving_techniques": "B-",
        "programming_in_c": "C+",
        "computer_workshop": "A",
        "sgpa": "-"
    },
    "23180068": {
        "basic_engineering_drawing": "C",
        "calculus_i": "F",
        "digital_logic": "C+",
        "discrete_structure": "C-",
        "problem_solving_techniques": "C",
        "programming_in_c": "F",
        "computer_workshop": "A",
        "sgpa": "-"
    },
    "23180069": {
        "basic_engineering_drawing": "C-",
        "calculus_i": "F",
        "digital_logic": "F",
        "discrete_structure": "C-",
        "problem_solving_techniques": "C",
        "programming_in_c": "C",
        "computer_workshop": "A",
        "sgpa": "-"
    },
    "23180070": {
        "basic_engineering_drawing": "B-",
        "calculus_i": "F",
        "digital_logic": "F",
        "discrete_structure": "F",
        "problem_solving_techniques": "C+",
        "programming_in_c": "C+",
        "computer_workshop": "A",
        "sgpa": "-"
    },
    "23180071": {
        "basic_engineering_drawing": "A-",
        "calculus_i": "F",
        "digital_logic": "F",
        "discrete_structure": "F",
        "problem_solving_techniques": "F",
        "programming_in_c": "F",
        "computer_workshop": "A",
        "sgpa": "-"
    },
    "23180072": {
        "basic_engineering_drawing": "F",
        "calculus_i": "F",
        "digital_logic": "F",
        "discrete_structure": "F",
        "problem_solving_techniques": "F",
        "programming_in_c": "F",
        "computer_workshop": "A",
        "sgpa": "-"
    },
    "23180073": {
        "basic_engineering_drawing": "B-",
        "calculus_i": "F",
        "digital_logic": "F",
        "discrete_structure": "F",
        "problem_solving_techniques": "F",
        "programming_in_c": "F",
        "computer_workshop": "A",
        "sgpa": "-"
    },
    "23180074": {
        "basic_engineering_drawing": "A-",
        "calculus_i": "C-",
        "digital_logic": "B",
        "discrete_structure": "B",
        "problem_solving_techniques": "C+",
        "programming_in_c": "C+",
        "computer_workshop": "A",
        "sgpa": "2.62"
    },
    "23180075": {
        "basic_engineering_drawing": "F",
        "calculus_i": "F",
        "digital_logic": "F",
        "discrete_structure": "F",
        "problem_solving_techniques": "F",
        "programming_in_c": "F",
        "computer_workshop": "A",
        "sgpa": "-"
    },
    "23180076": {
        "basic_engineering_drawing": "B",
        "calculus_i": "F",
        "digital_logic": "F",
        "discrete_structure": "F",
        "problem_solving_techniques": "F",
        "programming_in_c": "C+",
        "computer_workshop": "A",
        "sgpa": "-"
    },
    "23180077": {
        "basic_engineering_drawing": "B",
        "calculus_i": "B",
        "digital_logic": "A-",
        "discrete_structure": "B",
        "problem_solving_techniques": "B",
        "programming_in_c": "B-",
        "computer_workshop": "A",
        "sgpa": "3.13"
    },
    "23180078": {
        "basic_engineering_drawing": "B+",
        "calculus_i": "B-",
        "digital_logic": "A-",
        "discrete_structure": "B+",
        "problem_solving_techniques": "A-",
        "programming_in_c": "B+",
        "computer_workshop": "A",
        "sgpa": "3.38"
    },
    "23180079": {
        "basic_engineering_drawing": "B-",
        "calculus_i": "F",
        "digital_logic": "F",
        "discrete_structure": "C-",
        "problem_solving_techniques": "C+",
        "programming_in_c": "F",
        "computer_workshop": "A",
        "sgpa": "-"
    },
    "23180080": {
        "basic_engineering_drawing": "B",
        "calculus_i": "F",
        "digital_logic": "F",
        "discrete_structure": "F",
        "problem_solving_techniques": "F",
        "programming_in_c": "F",
        "computer_workshop": "A",
        "sgpa": "-"
    },
    "23180081": {
        "basic_engineering_drawing": "B",
        "calculus_i": "B-",
        "digital_logic": "B+",
        "discrete_structure": "A",
        "problem_solving_techniques": "A-",
        "programming_in_c": "A-",
        "computer_workshop": "A",
        "sgpa": "3.48"
    },
    "23180082": {
        "basic_engineering_drawing": "C-",
        "calculus_i": "C-",
        "digital_logic": "F",
        "discrete_structure": "F",
        "problem_solving_techniques": "B",
        "programming_in_c": "F",
        "computer_workshop": "A",
        "sgpa": "-"
    },
    "23180083": {
        "basic_engineering_drawing": "F",
        "calculus_i": "F",
        "digital_logic": "F",
        "discrete_structure": "C-",
        "problem_solving_techniques": "F",
        "programming_in_c": "F",
        "computer_workshop": "A",
        "sgpa": "-"
    },
    "23180084": {
        "basic_engineering_drawing": "F",
        "calculus_i": "F",
        "digital_logic": "F",
        "discrete_structure": "F",
        "problem_solving_techniques": "C",
        "programming_in_c": "C+",
        "computer_workshop": "A",
        "sgpa": "-"
    },
    "23180085": {
        "basic_engineering_drawing": "C-",
        "calculus_i": "F",
        "digital_logic": "C+",
        "discrete_structure": "B",
        "problem_solving_techniques": "B",
        "programming_in_c": "C+",
        "computer_workshop": "A",
        "sgpa": "-"
    },
    "23180086": {
        "basic_engineering_drawing": "A-",
        "calculus_i": "C+",
        "digital_logic": "B+",
        "discrete_structure": "B-",
        "problem_solving_techniques": "B",
        "programming_in_c": "A-",
        "computer_workshop": "A",
        "sgpa": "3.10"
    },
    "23180087": {
        "basic_engineering_drawing": "B",
        "calculus_i": "D+",
        "digital_logic": "F",
        "discrete_structure": "F",
        "problem_solving_techniques": "B+",
        "programming_in_c": "C+",
        "computer_workshop": "A",
        "sgpa": "-"
    },
    "23180088": {
        "basic_engineering_drawing": "A",
        "calculus_i": "C",
        "digital_logic": "F",
        "discrete_structure": "B-",
        "problem_solving_techniques": "B",
        "programming_in_c": "A",
        "computer_workshop": "A",
        "sgpa": "-"
    },
    "23180089": {
        "basic_engineering_drawing": "B+",
        "calculus_i": "C+",
        "digital_logic": "A-",
        "discrete_structure": "A-",
        "problem_solving_techniques": "B+",
        "programming_in_c": "B+",
        "computer_workshop": "A",
        "sgpa": "3.31"
    },
    "23180090": {
        "basic_engineering_drawing": "F",
        "calculus_i": "F",
        "digital_logic": "F",
        "discrete_structure": "F",
        "problem_solving_techniques": "F",
        "programming_in_c": "F",
        "computer_workshop": "A",
        "sgpa": "-"
    },
    "23180091": {
        "basic_engineering_drawing": "B-",
        "calculus_i": "C",
        "digital_logic": "B-",
        "discrete_structure": "B-",
        "problem_solving_techniques": "C",
        "programming_in_c": "B-",
        "computer_workshop": "A",
        "sgpa": "2.53"
    },
    "23180092": {
        "basic_engineering_drawing": "B",
        "calculus_i": "B-",
        "digital_logic": "C",
        "discrete_structure": "B",
        "problem_solving_techniques": "C+",
        "programming_in_c": "F",
        "computer_workshop": "A",
        "sgpa": "-"
    },
    "23180093": {
        "basic_engineering_drawing": "A-",
        "calculus_i": "B",
        "digital_logic": "B-",
        "discrete_structure": "B",
        "problem_solving_techniques": "B-",
        "programming_in_c": "F",
        "computer_workshop": "A",
        "sgpa": "-"
    },
    "23180094": {
        "basic_engineering_drawing": "F",
        "calculus_i": "F",
        "digital_logic": "F",
        "discrete_structure": "F",
        "problem_solving_techniques": "F",
        "programming_in_c": "F",
        "computer_workshop": "A",
        "sgpa": "-"
    },
    "23180095": {
        "basic_engineering_drawing": "B",
        "calculus_i": "F",
        "digital_logic": "F",
        "discrete_structure": "C-",
        "problem_solving_techniques": "F",
        "programming_in_c": "F",
        "computer_workshop": "A",
        "sgpa": "-"
    },
    "23180096": {
        "basic_engineering_drawing": "B+",
        "calculus_i": "A-",
        "digital_logic": "A",
        "discrete_structure": "A-",
        "problem_solving_techniques": "A",
        "programming_in_c": "A",
        "computer_workshop": "A",
        "sgpa": "3.85"
    },
    "23180097": {
        "basic_engineering_drawing": "C+",
        "calculus_i": "F",
        "digital_logic": "F",
        "discrete_structure": "F",
        "problem_solving_techniques": "F",
        "programming_in_c": "B-",
        "computer_workshop": "A-",
        "sgpa": "-"
    },
    "23180098": {
        "basic_engineering_drawing": "B+",
        "calculus_i": "C-",
        "digital_logic": "F",
        "discrete_structure": "F",
        "problem_solving_techniques": "C",
        "programming_in_c": "A-",
        "computer_workshop": "A-",
        "sgpa": "-"
    },
    "23180099": {
        "basic_engineering_drawing": "A",
        "calculus_i": "B+",
        "digital_logic": "B+",
        "discrete_structure": "B-",
        "problem_solving_techniques": "B-",
        "programming_in_c": "A",
        "computer_workshop": "A",
        "sgpa": "3.29"
    },
    "23180100": {
        "basic_engineering_drawing": "F",
        "calculus_i": "F",
        "digital_logic": "F",
        "discrete_structure": "F",
        "problem_solving_techniques": "F",
        "programming_in_c": "F",
        "computer_workshop": "B+",
        "sgpa": "-"
    },
    "23180101": {
        "basic_engineering_drawing": "F",
        "calculus_i": "F",
        "digital_logic": "F",
        "discrete_structure": "C+",
        "problem_solving_techniques": "F",
        "programming_in_c": "C+",
        "computer_workshop": "A",
        "sgpa": "-"
    },
    "23180102": {
        "basic_engineering_drawing": "B",
        "calculus_i": "F",
        "digital_logic": "F",
        "discrete_structure": "F",
        "problem_solving_techniques": "F",
        "programming_in_c": "Abs",
        "computer_workshop": "B+",
        "sgpa": "-"
    },
    "23180103": {
        "basic_engineering_drawing": "B",
        "calculus_i": "F",
        "digital_logic": "F",
        "discrete_structure": "C-",
        "problem_solving_techniques": "F",
        "programming_in_c": "F",
        "computer_workshop": "A-",
        "sgpa": "-"
    },
    "23180104": {
        "basic_engineering_drawing": "F",
        "calculus_i": "F",
        "digital_logic": "F",
        "discrete_structure": "F",
        "problem_solving_techniques": "F",
        "programming_in_c": "F",
        "computer_workshop": "B+",
        "sgpa": "-"
    },
    "23180105": {
        "basic_engineering_drawing": "B+",
        "calculus_i": "C+",
        "digital_logic": "C+",
        "discrete_structure": "C+",
        "problem_solving_techniques": "B-",
        "programming_in_c": "A",
        "computer_workshop": "A",
        "sgpa": "2.83"
    },
    "23180106": {
        "basic_engineering_drawing": "A-",
        "calculus_i": "F",
        "digital_logic": "C",
        "discrete_structure": "C",
        "problem_solving_techniques": "F",
        "programming_in_c": "A-",
        "computer_workshop": "A",
        "sgpa": "-"
    },
    "23180107": {
        "basic_engineering_drawing": "B",
        "calculus_i": "F",
        "digital_logic": "F",
        "discrete_structure": "F",
        "problem_solving_techniques": "F",
        "programming_in_c": "C",
        "computer_workshop": "B+",
        "sgpa": "-"
    },
    "23180108": {
        "basic_engineering_drawing": "A-",
        "calculus_i": "B",
        "digital_logic": "C",
        "discrete_structure": "B-",
        "problem_solving_techniques": "C+",
        "programming_in_c": "A-",
        "computer_workshop": "A-",
        "sgpa": "2.85"
    },
    "23180109": {
        "basic_engineering_drawing": "C+",
        "calculus_i": "F",
        "digital_logic": "F",
        "discrete_structure": "F",
        "problem_solving_techniques": "F",
        "programming_in_c": "F",
        "computer_workshop": "B+",
        "sgpa": "-"
    },
    "23180110": {
        "basic_engineering_drawing": "B-",
        "calculus_i": "F",
        "digital_logic": "F",
        "discrete_structure": "F",
        "problem_solving_techniques": "F",
        "programming_in_c": "B+",
        "computer_workshop": "B+",
        "sgpa": "-"
    },
    "23180111": {
        "basic_engineering_drawing": "Abs",
        "calculus_i": "F",
        "digital_logic": "F",
        "discrete_structure": "C-",
        "problem_solving_techniques": "F",
        "programming_in_c": "F",
        "computer_workshop": "B+",
        "sgpa": "-"
    },
    "23180112": {
        "basic_engineering_drawing": "A",
        "calculus_i": "B",
        "digital_logic": "B+",
        "discrete_structure": "A",
        "problem_solving_techniques": "A",
        "programming_in_c": "A",
        "computer_workshop": "A",
        "sgpa": "3.70"
    },
    "23180113": {
        "basic_engineering_drawing": "A",
        "calculus_i": "B",
        "digital_logic": "A",
        "discrete_structure": "A",
        "problem_solving_techniques": "C+",
        "programming_in_c": "A",
        "computer_workshop": "A",
        "sgpa": "3.52"
    },
    "23180114": {
        "basic_engineering_drawing": "A",
        "calculus_i": "F",
        "digital_logic": "F",
        "discrete_structure": "Expelled",
        "problem_solving_techniques": "F",
        "programming_in_c": "F",
        "computer_workshop": "A-",
        "sgpa": "-"
    },
    "23180115": {
        "basic_engineering_drawing": "B-",
        "calculus_i": "C",
        "digital_logic": "F",
        "discrete_structure": "C+",
        "problem_solving_techniques": "C",
        "programming_in_c": "A",
        "computer_workshop": "A-",
        "sgpa": "-"
    },
    "23180116": {
        "basic_engineering_drawing": "B+",
        "calculus_i": "Abs",
        "digital_logic": "F",
        "discrete_structure": "F",
        "problem_solving_techniques": "C",
        "programming_in_c": "F",
        "computer_workshop": "B+",
        "sgpa": "-"
    },
    "23180117": {
        "basic_engineering_drawing": "B",
        "calculus_i": "F",
        "digital_logic": "F",
        "discrete_structure": "C-",
        "problem_solving_techniques": "F",
        "programming_in_c": "D+",
        "computer_workshop": "B+",
        "sgpa": "-"
    },
    "23180118": {
        "basic_engineering_drawing": "A",
        "calculus_i": "A-",
        "digital_logic": "A-",
        "discrete_structure": "A-",
        "problem_solving_techniques": "A-",
        "programming_in_c": "A",
        "computer_workshop": "A",
        "sgpa": "3.79"
    },
    "23180119": {
        "basic_engineering_drawing": "B+",
        "calculus_i": "F",
        "digital_logic": "F",
        "discrete_structure": "C",
        "problem_solving_techniques": "F",
        "programming_in_c": "C+",
        "computer_workshop": "A-",
        "sgpa": "-"
    },
    "23180120": {
        "basic_engineering_drawing": "A",
        "calculus_i": "C+",
        "digital_logic": "A-",
        "discrete_structure": "B",
        "problem_solving_techniques": "C",
        "programming_in_c": "A",
        "computer_workshop": "A-",
        "sgpa": "3.10"
    },
    "23180121": {
        "basic_engineering_drawing": "B+",
        "calculus_i": "C+",
        "digital_logic": "F",
        "discrete_structure": "C+",
        "problem_solving_techniques": "C",
        "programming_in_c": "A",
        "computer_workshop": "A",
        "sgpa": "-"
    },
    "23180122": {
        "basic_engineering_drawing": "A-",
        "calculus_i": "A-",
        "digital_logic": "C+",
        "discrete_structure": "B+",
        "problem_solving_techniques": "B",
        "programming_in_c": "B+",
        "computer_workshop": "A-",
        "sgpa": "3.19"
    },
    "23180123": {
        "basic_engineering_drawing": "A-",
        "calculus_i": "F",
        "digital_logic": "F",
        "discrete_structure": "F",
        "problem_solving_techniques": "F",
        "programming_in_c": "B",
        "computer_workshop": "A",
        "sgpa": "-"
    },
    "23180124": {
        "basic_engineering_drawing": "B+",
        "calculus_i": "F",
        "digital_logic": "F",
        "discrete_structure": "F",
        "problem_solving_techniques": "F",
        "programming_in_c": "C+",
        "computer_workshop": "A-",
        "sgpa": "-"
    },
    "23180125": {
        "basic_engineering_drawing": "F",
        "calculus_i": "F",
        "digital_logic": "F",
        "discrete_structure": "F",
        "problem_solving_techniques": "F",
        "programming_in_c": "F",
        "computer_workshop": "B+",
        "sgpa": "-"
    },
    "23180126": {
        "basic_engineering_drawing": "B",
        "calculus_i": "F",
        "digital_logic": "F",
        "discrete_structure": "F",
        "problem_solving_techniques": "F",
        "programming_in_c": "F",
        "computer_workshop": "A-",
        "sgpa": "-"
    },
    "23180127": {
        "basic_engineering_drawing": "B+",
        "calculus_i": "F",
        "digital_logic": "F",
        "discrete_structure": "F",
        "problem_solving_techniques": "F",
        "programming_in_c": "C",
        "computer_workshop": "B+",
        "sgpa": "-"
    },
    "23180128": {
        "basic_engineering_drawing": "A",
        "calculus_i": "A",
        "digital_logic": "A",
        "discrete_structure": "A",
        "problem_solving_techniques": "A",
        "programming_in_c": "A",
        "computer_workshop": "A-",
        "sgpa": "3.98"
    },
    "23180129": {
        "basic_engineering_drawing": "B",
        "calculus_i": "F",
        "digital_logic": "F",
        "discrete_structure": "F",
        "problem_solving_techniques": "F",
        "programming_in_c": "C",
        "computer_workshop": "B+",
        "sgpa": "-"
    },
    "23180130": {
        "basic_engineering_drawing": "B-",
        "calculus_i": "C",
        "digital_logic": "C",
        "discrete_structure": "C",
        "problem_solving_techniques": "C",
        "programming_in_c": "B+",
        "computer_workshop": "B+",
        "sgpa": "2.35"
    },
    "23180131": {
        "basic_engineering_drawing": "A-",
        "calculus_i": "B",
        "digital_logic": "A-",
        "discrete_structure": "B-",
        "problem_solving_techniques": "B-",
        "programming_in_c": "A",
        "computer_workshop": "A",
        "sgpa": "3.29"
    },
    "23180132": {
        "basic_engineering_drawing": "A-",
        "calculus_i": "B-",
        "digital_logic": "A",
        "discrete_structure": "A-",
        "problem_solving_techniques": "B+",
        "programming_in_c": "A",
        "computer_workshop": "A",
        "sgpa": "3.58"
    },
    "23180133": {
        "basic_engineering_drawing": "B+",
        "calculus_i": "F",
        "digital_logic": "F",
        "discrete_structure": "F",
        "problem_solving_techniques": "F",
        "programming_in_c": "B",
        "computer_workshop": "B+",
        "sgpa": "-"
    },
    "23180134": {
        "basic_engineering_drawing": "A-",
        "calculus_i": "F",
        "digital_logic": "F",
        "discrete_structure": "C+",
        "problem_solving_techniques": "F",
        "programming_in_c": "B+",
        "computer_workshop": "B+",
        "sgpa": "-"
    },
    "23180135": {
        "basic_engineering_drawing": "B+",
        "calculus_i": "C+",
        "digital_logic": "F",
        "discrete_structure": "B-",
        "problem_solving_techniques": "C+",
        "programming_in_c": "A-",
        "computer_workshop": "A-",
        "sgpa": "-"
    },
    "23180136": {
        "basic_engineering_drawing": "C",
        "calculus_i": "F",
        "digital_logic": "F",
        "discrete_structure": "F",
        "problem_solving_techniques": "C",
        "programming_in_c": "C",
        "computer_workshop": "B+",
        "sgpa": "-"
    },
    "23180137": {
        "basic_engineering_drawing": "B",
        "calculus_i": "B+",
        "digital_logic": "A-",
        "discrete_structure": "A-",
        "problem_solving_techniques": "A",
        "programming_in_c": "A",
        "computer_workshop": "A-",
        "sgpa": "3.69"
    },
    "23180138": {
        "basic_engineering_drawing": "B",
        "calculus_i": "F",
        "digital_logic": "F",
        "discrete_structure": "C-",
        "problem_solving_techniques": "F",
        "programming_in_c": "B-",
        "computer_workshop": "B+",
        "sgpa": "-"
    },
    "23180139": {
        "basic_engineering_drawing": "C+",
        "calculus_i": "F",
        "digital_logic": "F",
        "discrete_structure": "F",
        "problem_solving_techniques": "F",
        "programming_in_c": "B",
        "computer_workshop": "B+",
        "sgpa": "-"
    },
    "23180140": {
        "basic_engineering_drawing": "B",
        "calculus_i": "C+",
        "digital_logic": "C",
        "discrete_structure": "B-",
        "problem_solving_techniques": "B-",
        "programming_in_c": "B+",
        "computer_workshop": "A-",
        "sgpa": "2.69"
    },
    "23180141": {
        "basic_engineering_drawing": "A-",
        "calculus_i": "F",
        "digital_logic": "C+",
        "discrete_structure": "B+",
        "problem_solving_techniques": "B",
        "programming_in_c": "A",
        "computer_workshop": "A",
        "sgpa": "-"
    },
    "23180142": {
        "basic_engineering_drawing": "B-",
        "calculus_i": "F",
        "digital_logic": "F",
        "discrete_structure": "F",
        "problem_solving_techniques": "F",
        "programming_in_c": "F",
        "computer_workshop": "B+",
        "sgpa": "-"
    },
    "23180143": {
        "basic_engineering_drawing": "A",
        "calculus_i": "B+",
        "digital_logic": "C",
        "discrete_structure": "A-",
        "problem_solving_techniques": "A",
        "programming_in_c": "A-",
        "computer_workshop": "A-",
        "sgpa": "3.40"
    },
    "23180144": {
        "basic_engineering_drawing": "B+",
        "calculus_i": "A-",
        "digital_logic": "B-",
        "discrete_structure": "A-",
        "problem_solving_techniques": "C+",
        "programming_in_c": "A",
        "computer_workshop": "A-",
        "sgpa": "3.31"
    },
    "23180145": {
        "basic_engineering_drawing": "A-",
        "calculus_i": "F",
        "digital_logic": "F",
        "discrete_structure": "C+",
        "problem_solving_techniques": "C",
        "programming_in_c": "A-",
        "computer_workshop": "A",
        "sgpa": "-"
    },
    "23180146": {
        "basic_engineering_drawing": "F",
        "calculus_i": "F",
        "digital_logic": "F",
        "discrete_structure": "F",
        "problem_solving_techniques": "F",
        "programming_in_c": "F",
        "computer_workshop": "B+",
        "sgpa": "-"
    },
    "23180147": {
        "basic_engineering_drawing": "A-",
        "calculus_i": "B-",
        "digital_logic": "B+",
        "discrete_structure": "A",
        "problem_solving_techniques": "B-",
        "programming_in_c": "A",
        "computer_workshop": "A",
        "sgpa": "3.40"
    },
    "23180148": {
        "basic_engineering_drawing": "B-",
        "calculus_i": "F",
        "digital_logic": "F",
        "discrete_structure": "F",
        "problem_solving_techniques": "F",
        "programming_in_c": "F",
        "computer_workshop": "A",
        "sgpa": "-"
    },
    "23180149": {
        "basic_engineering_drawing": "Abs",
        "calculus_i": "F",
        "digital_logic": "F",
        "discrete_structure": "F",
        "problem_solving_techniques": "F",
        "programming_in_c": "F",
        "computer_workshop": "A-",
        "sgpa": "-"
    },
    "23180150": {
        "basic_engineering_drawing": "A",
        "calculus_i": "A-",
        "digital_logic": "B-",
        "discrete_structure": "B",
        "problem_solving_techniques": "A-",
        "programming_in_c": "A",
        "computer_workshop": "A-",
        "sgpa": "3.47"
    },
    "23180151": {
        "basic_engineering_drawing": "A-",
        "calculus_i": "B-",
        "digital_logic": "C",
        "discrete_structure": "B+",
        "problem_solving_techniques": "C+",
        "programming_in_c": "B",
        "computer_workshop": "A",
        "sgpa": "2.80"
    },
    "23180152": {
        "basic_engineering_drawing": "A-",
        "calculus_i": "A",
        "digital_logic": "A-",
        "discrete_structure": "A",
        "problem_solving_techniques": "A",
        "programming_in_c": "A",
        "computer_workshop": "B+",
        "sgpa": "3.89"
    },
    "23180153": {
        "basic_engineering_drawing": "A",
        "calculus_i": "A-",
        "digital_logic": "A",
        "discrete_structure": "A",
        "problem_solving_techniques": "A",
        "programming_in_c": "A",
        "computer_workshop": "A-",
        "sgpa": "3.93"
    },
    "23180154": {
        "basic_engineering_drawing": "A",
        "calculus_i": "A",
        "digital_logic": "A",
        "discrete_structure": "A",
        "problem_solving_techniques": "A",
        "programming_in_c": "A",
        "computer_workshop": "A",
        "sgpa": "4.00"
    },
    "23180155": {
        "basic_engineering_drawing": "C+",
        "calculus_i": "F",
        "digital_logic": "F",
        "discrete_structure": "F",
        "problem_solving_techniques": "F",
        "programming_in_c": "F",
        "computer_workshop": "B+",
        "sgpa": "-"
    },
    "23180156": {
        "basic_engineering_drawing": "B-",
        "calculus_i": "F",
        "digital_logic": "F",
        "discrete_structure": "F",
        "problem_solving_techniques": "F",
        "programming_in_c": "F",
        "computer_workshop": "B+",
        "sgpa": "-"
    },
    "23180157": {
        "basic_engineering_drawing": "B",
        "calculus_i": "A-",
        "digital_logic": "A",
        "discrete_structure": "A-",
        "problem_solving_techniques": "B-",
        "programming_in_c": "A",
        "computer_workshop": "A",
        "sgpa": "3.61"
    },
    "23180158": {
        "basic_engineering_drawing": "C+",
        "calculus_i": "F",
        "digital_logic": "F",
        "discrete_structure": "F",
        "problem_solving_techniques": "F",
        "programming_in_c": "C+",
        "computer_workshop": "A-",
        "sgpa": "-"
    },
    "23180159": {
        "basic_engineering_drawing": "B",
        "calculus_i": "C+",
        "digital_logic": "C",
        "discrete_structure": "B-",
        "problem_solving_techniques": "C",
        "programming_in_c": "A-",
        "computer_workshop": "B+",
        "sgpa": "2.61"
    },
    "23180160": {
        "basic_engineering_drawing": "B-",
        "calculus_i": "F",
        "digital_logic": "F",
        "discrete_structure": "F",
        "problem_solving_techniques": "F",
        "programming_in_c": "F",
        "computer_workshop": "B+",
        "sgpa": "-"
    },
    "23180161": {
        "basic_engineering_drawing": "A-",
        "calculus_i": "F",
        "digital_logic": "F",
        "discrete_structure": "F",
        "problem_solving_techniques": "F",
        "programming_in_c": "F",
        "computer_workshop": "B+",
        "sgpa": "-"
    },
    "23180162": {
        "basic_engineering_drawing": "A",
        "calculus_i": "A",
        "digital_logic": "A",
        "discrete_structure": "A-",
        "problem_solving_techniques": "A",
        "programming_in_c": "A",
        "computer_workshop": "A",
        "sgpa": "3.95"
    },
    "23180163": {
        "basic_engineering_drawing": "B",
        "calculus_i": "F",
        "digital_logic": "F",
        "discrete_structure": "F",
        "problem_solving_techniques": "F",
        "programming_in_c": "F",
        "computer_workshop": "A",
        "sgpa": "-"
    },
    "23180164": {
        "basic_engineering_drawing": "A-",
        "calculus_i": "A-",
        "digital_logic": "A",
        "discrete_structure": "A",
        "problem_solving_techniques": "A-",
        "programming_in_c": "B+",
        "computer_workshop": "A-",
        "sgpa": "3.74"
    },
    "23180165": {
        "basic_engineering_drawing": "A",
        "calculus_i": "B",
        "digital_logic": "F",
        "discrete_structure": "B-",
        "problem_solving_techniques": "C+",
        "programming_in_c": "A",
        "computer_workshop": "A-",
        "sgpa": "-"
    },
    "23180166": {
        "basic_engineering_drawing": "A",
        "calculus_i": "C+",
        "digital_logic": "A-",
        "discrete_structure": "C",
        "problem_solving_techniques": "C+",
        "programming_in_c": "B",
        "computer_workshop": "B+",
        "sgpa": "2.78"
    },
    "23180167": {
        "basic_engineering_drawing": "A",
        "calculus_i": "C",
        "digital_logic": "F",
        "discrete_structure": "C-",
        "problem_solving_techniques": "F",
        "programming_in_c": "A",
        "computer_workshop": "A",
        "sgpa": "-"
    },
    "23180168": {
        "basic_engineering_drawing": "A",
        "calculus_i": "B-",
        "digital_logic": "B-",
        "discrete_structure": "A",
        "problem_solving_techniques": "B",
        "programming_in_c": "A",
        "computer_workshop": "A",
        "sgpa": "3.36"
    },
    "23180169": {
        "basic_engineering_drawing": "A",
        "calculus_i": "F",
        "digital_logic": "F",
        "discrete_structure": "F",
        "problem_solving_techniques": "F",
        "programming_in_c": "C-",
        "computer_workshop": "B+",
        "sgpa": "-"
    },
    "23180170": {
        "basic_engineering_drawing": "A",
        "calculus_i": "B-",
        "digital_logic": "B",
        "discrete_structure": "A-",
        "problem_solving_techniques": "A-",
        "programming_in_c": "A",
        "computer_workshop": "A",
        "sgpa": "3.49"
    },
    "23180171": {
        "basic_engineering_drawing": "A",
        "calculus_i": "B",
        "digital_logic": "B",
        "discrete_structure": "B",
        "problem_solving_techniques": "B",
        "programming_in_c": "A",
        "computer_workshop": "A",
        "sgpa": "3.29"
    },
    "23180172": {
        "basic_engineering_drawing": "B+",
        "calculus_i": "F",
        "digital_logic": "F",
        "discrete_structure": "F",
        "problem_solving_techniques": "C",
        "programming_in_c": "B",
        "computer_workshop": "A-",
        "sgpa": "-"
    },
    "23180173": {
        "basic_engineering_drawing": "B-",
        "calculus_i": "C-",
        "digital_logic": "F",
        "discrete_structure": "C",
        "problem_solving_techniques": "F",
        "programming_in_c": "B+",
        "computer_workshop": "A-",
        "sgpa": "-"
    },
    "23180174": {
        "basic_engineering_drawing": "Abs",
        "calculus_i": "Abs",
        "digital_logic": "F",
        "discrete_structure": "F",
        "problem_solving_techniques": "Abs",
        "programming_in_c": "F",
        "computer_workshop": "B+",
        "sgpa": "-"
    },
    "23180175": {
        "basic_engineering_drawing": "B",
        "calculus_i": "F",
        "digital_logic": "F",
        "discrete_structure": "C",
        "problem_solving_techniques": "F",
        "programming_in_c": "A",
        "computer_workshop": "A-",
        "sgpa": "-"
    },
    "23180176": {
        "basic_engineering_drawing": "B",
        "calculus_i": "A-",
        "digital_logic": "A-",
        "discrete_structure": "A",
        "problem_solving_techniques": "C+",
        "programming_in_c": "A",
        "computer_workshop": "A",
        "sgpa": "3.54"
    },
    "23180177": {
        "basic_engineering_drawing": "B+",
        "calculus_i": "B",
        "digital_logic": "C",
        "discrete_structure": "B",
        "problem_solving_techniques": "F",
        "programming_in_c": "B+",
        "computer_workshop": "A-",
        "sgpa": "-"
    },
    "23180178": {
        "basic_engineering_drawing": "A",
        "calculus_i": "F",
        "digital_logic": "C",
        "discrete_structure": "A-",
        "problem_solving_techniques": "F",
        "programming_in_c": "A",
        "computer_workshop": "A",
        "sgpa": "-"
    },
    "23180179": {
        "basic_engineering_drawing": "A-",
        "calculus_i": "F",
        "digital_logic": "B",
        "discrete_structure": "A-",
        "problem_solving_techniques": "C",
        "programming_in_c": "A-",
        "computer_workshop": "A-",
        "sgpa": "-"
    },
    "23180180": {
        "basic_engineering_drawing": "A",
        "calculus_i": "A-",
        "digital_logic": "B+",
        "discrete_structure": "A",
        "problem_solving_techniques": "B+",
        "programming_in_c": "A",
        "computer_workshop": "A",
        "sgpa": "3.70"
    },
    "23180181": {
        "basic_engineering_drawing": "B",
        "calculus_i": "F",
        "digital_logic": "F",
        "discrete_structure": "C",
        "problem_solving_techniques": "F",
        "programming_in_c": "F",
        "computer_workshop": "B+",
        "sgpa": "-"
    },
    "23180182": {
        "basic_engineering_drawing": "A",
        "calculus_i": "A-",
        "digital_logic": "A",
        "discrete_structure": "A",
        "problem_solving_techniques": "A",
        "programming_in_c": "A",
        "computer_workshop": "A",
        "sgpa": "3.95"
    },
    "23180183": {
        "basic_engineering_drawing": "D+",
        "calculus_i": "F",
        "digital_logic": "F",
        "discrete_structure": "F",
        "problem_solving_techniques": "F",
        "programming_in_c": "F",
        "computer_workshop": "B+",
        "sgpa": "-"
    },
    "23180184": {
        "basic_engineering_drawing": "C-",
        "calculus_i": "F",
        "digital_logic": "F",
        "discrete_structure": "F",
        "problem_solving_techniques": "F",
        "programming_in_c": "F",
        "computer_workshop": "B+",
        "sgpa": "-"
    }
}