{
    "nan": {
        "computer_networks": "-",
        "principles_of_programming_languages": "-",
        "engineering_economics": "-",
        "object_oriented_software_development": "-",
        "multimedia_systems": "-",
        "project_ii": "-"
    },
    "16180055": {
        "computer_networks": "-",
        "principles_of_programming_languages": "C-",
        "engineering_economics": "-",
        "object_oriented_software_development": "-",
        "multimedia_systems": "C+",
        "project_ii": "-"
    },
    "16180070": {
        "computer_networks": "-",
        "principles_of_programming_languages": "-",
        "engineering_economics": "-",
        "object_oriented_software_development": "C+",
        "multimedia_systems": "-",
        "project_ii": "-"
    },
    "16180076": {
        "computer_networks": "-",
        "principles_of_programming_languages": "C+",
        "engineering_economics": "-",
        "object_oriented_software_development": "-",
        "multimedia_systems": "-",
        "project_ii": "-"
    },
    "16180092": {
        "computer_networks": "-",
        "principles_of_programming_languages": "-",
        "engineering_economics": "F",
        "object_oriented_software_development": "-",
        "multimedia_systems": "-",
        "project_ii": "-"
    },
    "16180108": {
        "computer_networks": "-",
        "principles_of_programming_languages": "-",
        "engineering_economics": "F",
        "object_oriented_software_development": "-",
        "multimedia_systems": "-",
        "project_ii": "-"
    },
    "16180134": {
        "computer_networks": "-",
        "principles_of_programming_languages": "-",
        "engineering_economics": "-",
        "object_oriented_software_development": "-",
        "multimedia_systems": "-",
        "project_ii": "A"
    },
    "17180021": {
        "computer_networks": "-",
        "principles_of_programming_languages": "F",
        "engineering_economics": "C-",
        "object_oriented_software_development": "-",
        "multimedia_systems": "-",
        "project_ii": "-"
    },
    "17180034": {
        "computer_networks": "-",
        "principles_of_programming_languages": "B",
        "engineering_economics": "-",
        "object_oriented_software_development": "-",
        "multimedia_systems": "-",
        "project_ii": "-"
    },
    "17180035": {
        "computer_networks": "-",
        "principles_of_programming_languages": "B",
        "engineering_economics": "-",
        "object_oriented_software_development": "-",
        "multimedia_systems": "-",
        "project_ii": "-"
    },
    "17180047": {
        "computer_networks": "-",
        "principles_of_programming_languages": "-",
        "engineering_economics": "-",
        "object_oriented_software_development": "-",
        "multimedia_systems": "-",
        "project_ii": "A"
    },
    "17180051": {
        "computer_networks": "-",
        "principles_of_programming_languages": "F",
        "engineering_economics": "C-",
        "object_oriented_software_development": "-",
        "multimedia_systems": "-",
        "project_ii": "-"
    },
    "17180067": {
        "computer_networks": "-",
        "principles_of_programming_languages": "Abs",
        "engineering_economics": "Abs",
        "object_oriented_software_development": "-",
        "multimedia_systems": "C",
        "project_ii": "-"
    },
    "17180071": {
        "computer_networks": "-",
        "principles_of_programming_languages": "-",
        "engineering_economics": "-",
        "object_oriented_software_development": "-",
        "multimedia_systems": "-",
        "project_ii": "A-"
    },
    "17180078": {
        "computer_networks": "-",
        "principles_of_programming_languages": "Abs",
        "engineering_economics": "-",
        "object_oriented_software_development": "-",
        "multimedia_systems": "-",
        "project_ii": "-"
    },
    "17180082": {
        "computer_networks": "F",
        "principles_of_programming_languages": "-",
        "engineering_economics": "-",
        "object_oriented_software_development": "-",
        "multimedia_systems": "-",
        "project_ii": "-"
    },
    "17180090": {
        "computer_networks": "-",
        "principles_of_programming_languages": "-",
        "engineering_economics": "Abs",
        "object_oriented_software_development": "-",
        "multimedia_systems": "-",
        "project_ii": "-"
    },
    "17180098": {
        "computer_networks": "-",
        "principles_of_programming_languages": "-",
        "engineering_economics": "Withheld",
        "object_oriented_software_development": "-",
        "multimedia_systems": "-",
        "project_ii": "-"
    },
    "17180113": {
        "computer_networks": "Abs",
        "principles_of_programming_languages": "-",
        "engineering_economics": "-",
        "object_oriented_software_development": "-",
        "multimedia_systems": "-",
        "project_ii": "-"
    },
    "17180122": {
        "computer_networks": "-",
        "principles_of_programming_languages": "-",
        "engineering_economics": "-",
        "object_oriented_software_development": "F",
        "multimedia_systems": "F",
        "project_ii": "A-"
    },
    "17180126": {
        "computer_networks": "-",
        "principles_of_programming_languages": "A-",
        "engineering_economics": "B-",
        "object_oriented_software_development": "-",
        "multimedia_systems": "-",
        "project_ii": "-"
    },
    "17180132": {
        "computer_networks": "-",
        "principles_of_programming_languages": "C+",
        "engineering_economics": "-",
        "object_oriented_software_development": "-",
        "multimedia_systems": "-",
        "project_ii": "-"
    },
    "17180136": {
        "computer_networks": "-",
        "principles_of_programming_languages": "-",
        "engineering_economics": "F",
        "object_oriented_software_development": "-",
        "multimedia_systems": "-",
        "project_ii": "-"
    },
    "17180140": {
        "computer_networks": "Abs",
        "principles_of_programming_languages": "-",
        "engineering_economics": "-",
        "object_oriented_software_development": "-",
        "multimedia_systems": "-",
        "project_ii": "-"
    },
    "18180083": {
        "computer_networks": "-",
        "principles_of_programming_languages": "Abs",
        "engineering_economics": "-",
        "object_oriented_software_development": "-",
        "multimedia_systems": "-",
        "project_ii": "-"
    },
    "18180101": {
        "computer_networks": "-",
        "principles_of_programming_languages": "Abs",
        "engineering_economics": "-",
        "object_oriented_software_development": "-",
        "multimedia_systems": "-",
        "project_ii": "-"
    },
    "19180001": {
        "computer_networks": "-",
        "principles_of_programming_languages": "-",
        "engineering_economics": "C",
        "object_oriented_software_development": "-",
        "multimedia_systems": "C",
        "project_ii": "-"
    },
    "19180014": {
        "computer_networks": "-",
        "principles_of_programming_languages": "-",
        "engineering_economics": "-",
        "object_oriented_software_development": "-",
        "multimedia_systems": "B-",
        "project_ii": "-"
    },
    "19180017": {
        "computer_networks": "F",
        "principles_of_programming_languages": "-",
        "engineering_economics": "-",
        "object_oriented_software_development": "-",
        "multimedia_systems": "F",
        "project_ii": "-"
    },
    "19180018": {
        "computer_networks": "-",
        "principles_of_programming_languages": "-",
        "engineering_economics": "C",
        "object_oriented_software_development": "-",
        "multimedia_systems": "-",
        "project_ii": "-"
    },
    "19180020": {
        "computer_networks": "-",
        "principles_of_programming_languages": "F",
        "engineering_economics": "-",
        "object_oriented_software_development": "-",
        "multimedia_systems": "-",
        "project_ii": "-"
    },
    "19180022": {
        "computer_networks": "-",
        "principles_of_programming_languages": "-",
        "engineering_economics": "Abs",
        "object_oriented_software_development": "C+",
        "multimedia_systems": "Abs",
        "project_ii": "-"
    },
    "19180033": {
        "computer_networks": "-",
        "principles_of_programming_languages": "-",
        "engineering_economics": "Abs",
        "object_oriented_software_development": "-",
        "multimedia_systems": "Abs",
        "project_ii": "-"
    },
    "19180034": {
        "computer_networks": "-",
        "principles_of_programming_languages": "-",
        "engineering_economics": "Abs",
        "object_oriented_software_development": "-",
        "multimedia_systems": "-",
        "project_ii": "-"
    },
    "19180039": {
        "computer_networks": "-",
        "principles_of_programming_languages": "-",
        "engineering_economics": "F",
        "object_oriented_software_development": "-",
        "multimedia_systems": "-",
        "project_ii": "-"
    },
    "19180053": {
        "computer_networks": "-",
        "principles_of_programming_languages": "F",
        "engineering_economics": "-",
        "object_oriented_software_development": "-",
        "multimedia_systems": "-",
        "project_ii": "-"
    },
    "19180058": {
        "computer_networks": "-",
        "principles_of_programming_languages": "-",
        "engineering_economics": "F",
        "object_oriented_software_development": "-",
        "multimedia_systems": "B+",
        "project_ii": "-"
    },
    "19180061": {
        "computer_networks": "-",
        "principles_of_programming_languages": "-",
        "engineering_economics": "Abs",
        "object_oriented_software_development": "-",
        "multimedia_systems": "-",
        "project_ii": "-"
    },
    "19180064": {
        "computer_networks": "-",
        "principles_of_programming_languages": "-",
        "engineering_economics": "-",
        "object_oriented_software_development": "-",
        "multimedia_systems": "C+",
        "project_ii": "-"
    },
    "19180089": {
        "computer_networks": "-",
        "principles_of_programming_languages": "B+",
        "engineering_economics": "-",
        "object_oriented_software_development": "-",
        "multimedia_systems": "-",
        "project_ii": "-"
    },
    "19180111": {
        "computer_networks": "Abs",
        "principles_of_programming_languages": "-",
        "engineering_economics": "-",
        "object_oriented_software_development": "-",
        "multimedia_systems": "-",
        "project_ii": "A-"
    },
    "19180112": {
        "computer_networks": "-",
        "principles_of_programming_languages": "Abs",
        "engineering_economics": "Abs",
        "object_oriented_software_development": "-",
        "multimedia_systems": "Abs",
        "project_ii": "-"
    },
    "19180114": {
        "computer_networks": "-",
        "principles_of_programming_languages": "-",
        "engineering_economics": "-",
        "object_oriented_software_development": "-",
        "multimedia_systems": "C+",
        "project_ii": "A-"
    },
    "19180116": {
        "computer_networks": "-",
        "principles_of_programming_languages": "-",
        "engineering_economics": "-",
        "object_oriented_software_development": "-",
        "multimedia_systems": "F",
        "project_ii": "-"
    },
    "19180118": {
        "computer_networks": "-",
        "principles_of_programming_languages": "-",
        "engineering_economics": "-",
        "object_oriented_software_development": "C+",
        "multimedia_systems": "-",
        "project_ii": "-"
    },
    "19180122": {
        "computer_networks": "-",
        "principles_of_programming_languages": "C+",
        "engineering_economics": "-",
        "object_oriented_software_development": "-",
        "multimedia_systems": "-",
        "project_ii": "-"
    },
    "19180123": {
        "computer_networks": "-",
        "principles_of_programming_languages": "F",
        "engineering_economics": "C",
        "object_oriented_software_development": "-",
        "multimedia_systems": "-",
        "project_ii": "-"
    },
    "19180124": {
        "computer_networks": "-",
        "principles_of_programming_languages": "-",
        "engineering_economics": "C-",
        "object_oriented_software_development": "-",
        "multimedia_systems": "C",
        "project_ii": "-"
    },
    "19180125": {
        "computer_networks": "-",
        "principles_of_programming_languages": "Abs",
        "engineering_economics": "Abs",
        "object_oriented_software_development": "Abs",
        "multimedia_systems": "Abs",
        "project_ii": "-"
    },
    "19180132": {
        "computer_networks": "-",
        "principles_of_programming_languages": "-",
        "engineering_economics": "F",
        "object_oriented_software_development": "-",
        "multimedia_systems": "-",
        "project_ii": "-"
    },
    "19180134": {
        "computer_networks": "-",
        "principles_of_programming_languages": "F",
        "engineering_economics": "-",
        "object_oriented_software_development": "-",
        "multimedia_systems": "-",
        "project_ii": "-"
    },
    "19180137": {
        "computer_networks": "C-",
        "principles_of_programming_languages": "-",
        "engineering_economics": "F",
        "object_oriented_software_development": "-",
        "multimedia_systems": "-",
        "project_ii": "-"
    },
    "19180145": {
        "computer_networks": "-",
        "principles_of_programming_languages": "-",
        "engineering_economics": "-",
        "object_oriented_software_development": "-",
        "multimedia_systems": "F",
        "project_ii": "-"
    },
    "19180151": {
        "computer_networks": "-",
        "principles_of_programming_languages": "-",
        "engineering_economics": "F",
        "object_oriented_software_development": "-",
        "multimedia_systems": "B-",
        "project_ii": "-"
    },
    "19180155": {
        "computer_networks": "C",
        "principles_of_programming_languages": "C+",
        "engineering_economics": "C",
        "object_oriented_software_development": "-",
        "multimedia_systems": "-",
        "project_ii": "-"
    },
    "19180172": {
        "computer_networks": "-",
        "principles_of_programming_languages": "C",
        "engineering_economics": "-",
        "object_oriented_software_development": "B-",
        "multimedia_systems": "F",
        "project_ii": "-"
    },
    "19180173": {
        "computer_networks": "F",
        "principles_of_programming_languages": "-",
        "engineering_economics": "-",
        "object_oriented_software_development": "-",
        "multimedia_systems": "B-",
        "project_ii": "-"
    },
    "19180182": {
        "computer_networks": "-",
        "principles_of_programming_languages": "-",
        "engineering_economics": "Abs",
        "object_oriented_software_development": "-",
        "multimedia_systems": "-",
        "project_ii": "-"
    },
    "19180185": {
        "computer_networks": "-",
        "principles_of_programming_languages": "-",
        "engineering_economics": "Abs",
        "object_oriented_software_development": "-",
        "multimedia_systems": "-",
        "project_ii": "-"
    },
    "20180002": {
        "computer_networks": "-",
        "principles_of_programming_languages": "A-",
        "engineering_economics": "-",
        "object_oriented_software_development": "-",
        "multimedia_systems": "-",
        "project_ii": "-"
    },
    "20180011": {
        "computer_networks": "-",
        "principles_of_programming_languages": "C",
        "engineering_economics": "-",
        "object_oriented_software_development": "-",
        "multimedia_systems": "-",
        "project_ii": "-"
    },
    "20180013": {
        "computer_networks": "C",
        "principles_of_programming_languages": "B+",
        "engineering_economics": "-",
        "object_oriented_software_development": "-",
        "multimedia_systems": "C+",
        "project_ii": "-"
    },
    "20180016": {
        "computer_networks": "-",
        "principles_of_programming_languages": "B+",
        "engineering_economics": "-",
        "object_oriented_software_development": "-",
        "multimedia_systems": "-",
        "project_ii": "-"
    },
    "20180021": {
        "computer_networks": "-",
        "principles_of_programming_languages": "-",
        "engineering_economics": "-",
        "object_oriented_software_development": "-",
        "multimedia_systems": "B-",
        "project_ii": "-"
    },
    "20180024": {
        "computer_networks": "-",
        "principles_of_programming_languages": "-",
        "engineering_economics": "-",
        "object_oriented_software_development": "-",
        "multimedia_systems": "Abs",
        "project_ii": "-"
    },
    "20180038": {
        "computer_networks": "-",
        "principles_of_programming_languages": "-",
        "engineering_economics": "-",
        "object_oriented_software_development": "-",
        "multimedia_systems": "C+",
        "project_ii": "-"
    },
    "20180044": {
        "computer_networks": "-",
        "principles_of_programming_languages": "F",
        "engineering_economics": "-",
        "object_oriented_software_development": "-",
        "multimedia_systems": "-",
        "project_ii": "-"
    },
    "20180046": {
        "computer_networks": "-",
        "principles_of_programming_languages": "-",
        "engineering_economics": "-",
        "object_oriented_software_development": "-",
        "multimedia_systems": "B-",
        "project_ii": "-"
    },
    "20180048": {
        "computer_networks": "-",
        "principles_of_programming_languages": "-",
        "engineering_economics": "C+",
        "object_oriented_software_development": "-",
        "multimedia_systems": "B-",
        "project_ii": "-"
    },
    "20180050": {
        "computer_networks": "-",
        "principles_of_programming_languages": "C",
        "engineering_economics": "-",
        "object_oriented_software_development": "-",
        "multimedia_systems": "C",
        "project_ii": "-"
    },
    "20180052": {
        "computer_networks": "B-",
        "principles_of_programming_languages": "C",
        "engineering_economics": "-",
        "object_oriented_software_development": "-",
        "multimedia_systems": "-",
        "project_ii": "-"
    },
    "20180054": {
        "computer_networks": "-",
        "principles_of_programming_languages": "B-",
        "engineering_economics": "-",
        "object_oriented_software_development": "-",
        "multimedia_systems": "-",
        "project_ii": "-"
    },
    "20180056": {
        "computer_networks": "-",
        "principles_of_programming_languages": "-",
        "engineering_economics": "-",
        "object_oriented_software_development": "-",
        "multimedia_systems": "C+",
        "project_ii": "-"
    },
    "20180057": {
        "computer_networks": "F",
        "principles_of_programming_languages": "-",
        "engineering_economics": "-",
        "object_oriented_software_development": "B",
        "multimedia_systems": "-",
        "project_ii": "-"
    },
    "20180059": {
        "computer_networks": "-",
        "principles_of_programming_languages": "A",
        "engineering_economics": "-",
        "object_oriented_software_development": "-",
        "multimedia_systems": "-",
        "project_ii": "-"
    },
    "20180060": {
        "computer_networks": "F",
        "principles_of_programming_languages": "B-",
        "engineering_economics": "-",
        "object_oriented_software_development": "-",
        "multimedia_systems": "-",
        "project_ii": "-"
    },
    "20180062": {
        "computer_networks": "-",
        "principles_of_programming_languages": "A-",
        "engineering_economics": "-",
        "object_oriented_software_development": "-",
        "multimedia_systems": "-",
        "project_ii": "-"
    },
    "20180064": {
        "computer_networks": "-",
        "principles_of_programming_languages": "C+",
        "engineering_economics": "C+",
        "object_oriented_software_development": "-",
        "multimedia_systems": "-",
        "project_ii": "-"
    },
    "20180065": {
        "computer_networks": "-",
        "principles_of_programming_languages": "-",
        "engineering_economics": "-",
        "object_oriented_software_development": "-",
        "multimedia_systems": "B",
        "project_ii": "-"
    },
    "20180066": {
        "computer_networks": "-",
        "principles_of_programming_languages": "A-",
        "engineering_economics": "-",
        "object_oriented_software_development": "-",
        "multimedia_systems": "-",
        "project_ii": "-"
    },
    "20180071": {
        "computer_networks": "-",
        "principles_of_programming_languages": "B+",
        "engineering_economics": "-",
        "object_oriented_software_development": "-",
        "multimedia_systems": "-",
        "project_ii": "-"
    },
    "20180072": {
        "computer_networks": "B",
        "principles_of_programming_languages": "A",
        "engineering_economics": "B-",
        "object_oriented_software_development": "-",
        "multimedia_systems": "-",
        "project_ii": "-"
    },
    "20180074": {
        "computer_networks": "F",
        "principles_of_programming_languages": "B-",
        "engineering_economics": "Abs",
        "object_oriented_software_development": "-",
        "multimedia_systems": "-",
        "project_ii": "-"
    },
    "20180077": {
        "computer_networks": "-",
        "principles_of_programming_languages": "F",
        "engineering_economics": "-",
        "object_oriented_software_development": "-",
        "multimedia_systems": "-",
        "project_ii": "-"
    },
    "20180079": {
        "computer_networks": "-",
        "principles_of_programming_languages": "A-",
        "engineering_economics": "-",
        "object_oriented_software_development": "-",
        "multimedia_systems": "-",
        "project_ii": "-"
    },
    "20180081": {
        "computer_networks": "-",
        "principles_of_programming_languages": "-",
        "engineering_economics": "B+",
        "object_oriented_software_development": "-",
        "multimedia_systems": "-",
        "project_ii": "-"
    },
    "20180082": {
        "computer_networks": "-",
        "principles_of_programming_languages": "F",
        "engineering_economics": "-",
        "object_oriented_software_development": "C+",
        "multimedia_systems": "-",
        "project_ii": "-"
    },
    "20180087": {
        "computer_networks": "F",
        "principles_of_programming_languages": "-",
        "engineering_economics": "-",
        "object_oriented_software_development": "-",
        "multimedia_systems": "Abs",
        "project_ii": "-"
    },
    "20180089": {
        "computer_networks": "-",
        "principles_of_programming_languages": "B+",
        "engineering_economics": "-",
        "object_oriented_software_development": "-",
        "multimedia_systems": "-",
        "project_ii": "-"
    },
    "20180096": {
        "computer_networks": "-",
        "principles_of_programming_languages": "A-",
        "engineering_economics": "-",
        "object_oriented_software_development": "-",
        "multimedia_systems": "B+",
        "project_ii": "-"
    },
    "20180103": {
        "computer_networks": "C",
        "principles_of_programming_languages": "B+",
        "engineering_economics": "-",
        "object_oriented_software_development": "-",
        "multimedia_systems": "-",
        "project_ii": "-"
    },
    "20180105": {
        "computer_networks": "-",
        "principles_of_programming_languages": "C",
        "engineering_economics": "-",
        "object_oriented_software_development": "-",
        "multimedia_systems": "F",
        "project_ii": "-"
    },
    "20180108": {
        "computer_networks": "-",
        "principles_of_programming_languages": "-",
        "engineering_economics": "C",
        "object_oriented_software_development": "-",
        "multimedia_systems": "-",
        "project_ii": "-"
    },
    "20180118": {
        "computer_networks": "-",
        "principles_of_programming_languages": "C",
        "engineering_economics": "-",
        "object_oriented_software_development": "-",
        "multimedia_systems": "-",
        "project_ii": "-"
    },
    "20180119": {
        "computer_networks": "-",
        "principles_of_programming_languages": "Abs",
        "engineering_economics": "B",
        "object_oriented_software_development": "-",
        "multimedia_systems": "Abs",
        "project_ii": "-"
    },
    "20180121": {
        "computer_networks": "-",
        "principles_of_programming_languages": "B+",
        "engineering_economics": "-",
        "object_oriented_software_development": "C+",
        "multimedia_systems": "-",
        "project_ii": "-"
    },
    "20180124": {
        "computer_networks": "F",
        "principles_of_programming_languages": "-",
        "engineering_economics": "-",
        "object_oriented_software_development": "-",
        "multimedia_systems": "C+",
        "project_ii": "-"
    },
    "20180126": {
        "computer_networks": "-",
        "principles_of_programming_languages": "C+",
        "engineering_economics": "-",
        "object_oriented_software_development": "-",
        "multimedia_systems": "-",
        "project_ii": "-"
    },
    "20180128": {
        "computer_networks": "-",
        "principles_of_programming_languages": "F",
        "engineering_economics": "-",
        "object_oriented_software_development": "-",
        "multimedia_systems": "-",
        "project_ii": "-"
    },
    "20180129": {
        "computer_networks": "-",
        "principles_of_programming_languages": "-",
        "engineering_economics": "F",
        "object_oriented_software_development": "-",
        "multimedia_systems": "-",
        "project_ii": "-"
    },
    "20180134": {
        "computer_networks": "-",
        "principles_of_programming_languages": "C-",
        "engineering_economics": "-",
        "object_oriented_software_development": "-",
        "multimedia_systems": "Abs",
        "project_ii": "-"
    },
    "20180137": {
        "computer_networks": "-",
        "principles_of_programming_languages": "-",
        "engineering_economics": "-",
        "object_oriented_software_development": "-",
        "multimedia_systems": "C+",
        "project_ii": "-"
    },
    "20180141": {
        "computer_networks": "Abs",
        "principles_of_programming_languages": "Abs",
        "engineering_economics": "-",
        "object_oriented_software_development": "-",
        "multimedia_systems": "-",
        "project_ii": "-"
    },
    "20180144": {
        "computer_networks": "-",
        "principles_of_programming_languages": "-",
        "engineering_economics": "-",
        "object_oriented_software_development": "B",
        "multimedia_systems": "-",
        "project_ii": "-"
    },
    "20180147": {
        "computer_networks": "F",
        "principles_of_programming_languages": "-",
        "engineering_economics": "F",
        "object_oriented_software_development": "-",
        "multimedia_systems": "-",
        "project_ii": "-"
    },
    "20180150": {
        "computer_networks": "-",
        "principles_of_programming_languages": "-",
        "engineering_economics": "-",
        "object_oriented_software_development": "-",
        "multimedia_systems": "C+",
        "project_ii": "-"
    },
    "20180154": {
        "computer_networks": "C",
        "principles_of_programming_languages": "C",
        "engineering_economics": "-",
        "object_oriented_software_development": "C+",
        "multimedia_systems": "-",
        "project_ii": "-"
    },
    "20180158": {
        "computer_networks": "-",
        "principles_of_programming_languages": "F",
        "engineering_economics": "-",
        "object_oriented_software_development": "-",
        "multimedia_systems": "F",
        "project_ii": "-"
    },
    "20180160": {
        "computer_networks": "-",
        "principles_of_programming_languages": "-",
        "engineering_economics": "C",
        "object_oriented_software_development": "-",
        "multimedia_systems": "-",
        "project_ii": "-"
    },
    "20180162": {
        "computer_networks": "-",
        "principles_of_programming_languages": "-",
        "engineering_economics": "F",
        "object_oriented_software_development": "-",
        "multimedia_systems": "-",
        "project_ii": "-"
    },
    "20180163": {
        "computer_networks": "-",
        "principles_of_programming_languages": "Abs",
        "engineering_economics": "-",
        "object_oriented_software_development": "-",
        "multimedia_systems": "-",
        "project_ii": "-"
    },
    "20180172": {
        "computer_networks": "-",
        "principles_of_programming_languages": "Abs",
        "engineering_economics": "-",
        "object_oriented_software_development": "-",
        "multimedia_systems": "-",
        "project_ii": "-"
    },
    "20180175": {
        "computer_networks": "-",
        "principles_of_programming_languages": "-",
        "engineering_economics": "-",
        "object_oriented_software_development": "-",
        "multimedia_systems": "F",
        "project_ii": "-"
    },
    "20180176": {
        "computer_networks": "-",
        "principles_of_programming_languages": "-",
        "engineering_economics": "-",
        "object_oriented_software_development": "-",
        "multimedia_systems": "A-",
        "project_ii": "-"
    },
    "20180177": {
        "computer_networks": "Abs",
        "principles_of_programming_languages": "-",
        "engineering_economics": "-",
        "object_oriented_software_development": "-",
        "multimedia_systems": "-",
        "project_ii": "-"
    },
    "20180180": {
        "computer_networks": "-",
        "principles_of_programming_languages": "C-",
        "engineering_economics": "-",
        "object_oriented_software_development": "-",
        "multimedia_systems": "-",
        "project_ii": "-"
    },
    "20180181": {
        "computer_networks": "-",
        "principles_of_programming_languages": "-",
        "engineering_economics": "-",
        "object_oriented_software_development": "-",
        "multimedia_systems": "Abs",
        "project_ii": "-"
    },
    "20180182": {
        "computer_networks": "-",
        "principles_of_programming_languages": "-",
        "engineering_economics": "-",
        "object_oriented_software_development": "-",
        "multimedia_systems": "C+",
        "project_ii": "-"
    }
}