{
    "nan": {
        "engineering_mathematics_i": "-",
        "physics": "-",
        "communication_techniques": "-",
        "fundamentals_of_it": "-",
        "programming_in_c": "-",
        "problem_solving_techniques": "-"
    },
    "16180070": {
        "engineering_mathematics_i": "-",
        "physics": "Withheld",
        "communication_techniques": "-",
        "fundamentals_of_it": "-",
        "programming_in_c": "-",
        "problem_solving_techniques": "-"
    },
    "16180091": {
        "engineering_mathematics_i": "-",
        "physics": "F",
        "communication_techniques": "-",
        "fundamentals_of_it": "-",
        "programming_in_c": "-",
        "problem_solving_techniques": "-"
    },
    "16180108": {
        "engineering_mathematics_i": "-",
        "physics": "F",
        "communication_techniques": "-",
        "fundamentals_of_it": "-",
        "programming_in_c": "-",
        "problem_solving_techniques": "-"
    },
    "16180128": {
        "engineering_mathematics_i": "-",
        "physics": "Abs",
        "communication_techniques": "-",
        "fundamentals_of_it": "-",
        "programming_in_c": "-",
        "problem_solving_techniques": "Abs"
    },
    "17180051": {
        "engineering_mathematics_i": "-",
        "physics": "F",
        "communication_techniques": "-",
        "fundamentals_of_it": "-",
        "programming_in_c": "-",
        "problem_solving_techniques": "-"
    },
    "17180063": {
        "engineering_mathematics_i": "-",
        "physics": "Abs",
        "communication_techniques": "-",
        "fundamentals_of_it": "-",
        "programming_in_c": "-",
        "problem_solving_techniques": "-"
    },
    "17180078": {
        "engineering_mathematics_i": "-",
        "physics": "-",
        "communication_techniques": "-",
        "fundamentals_of_it": "-",
        "programming_in_c": "Abs",
        "problem_solving_techniques": "Abs"
    },
    "17180090": {
        "engineering_mathematics_i": "-",
        "physics": "Abs",
        "communication_techniques": "-",
        "fundamentals_of_it": "-",
        "programming_in_c": "-",
        "problem_solving_techniques": "-"
    },
    "17180101": {
        "engineering_mathematics_i": "-",
        "physics": "Abs",
        "communication_techniques": "-",
        "fundamentals_of_it": "-",
        "programming_in_c": "-",
        "problem_solving_techniques": "-"
    },
    "17180113": {
        "engineering_mathematics_i": "-",
        "physics": "-",
        "communication_techniques": "-",
        "fundamentals_of_it": "Abs",
        "programming_in_c": "-",
        "problem_solving_techniques": "-"
    },
    "17180132": {
        "engineering_mathematics_i": "F",
        "physics": "Abs",
        "communication_techniques": "-",
        "fundamentals_of_it": "-",
        "programming_in_c": "-",
        "problem_solving_techniques": "-"
    },
    "17180136": {
        "engineering_mathematics_i": "-",
        "physics": "-",
        "communication_techniques": "-",
        "fundamentals_of_it": "-",
        "programming_in_c": "-",
        "problem_solving_techniques": "F"
    },
    "17180139": {
        "engineering_mathematics_i": "-",
        "physics": "-",
        "communication_techniques": "-",
        "fundamentals_of_it": "-",
        "programming_in_c": "-",
        "problem_solving_techniques": "F"
    },
    "18180001": {
        "engineering_mathematics_i": "-",
        "physics": "F",
        "communication_techniques": "-",
        "fundamentals_of_it": "-",
        "programming_in_c": "-",
        "problem_solving_techniques": "-"
    },
    "18180018": {
        "engineering_mathematics_i": "-",
        "physics": "F",
        "communication_techniques": "-",
        "fundamentals_of_it": "-",
        "programming_in_c": "-",
        "problem_solving_techniques": "-"
    },
    "18180034": {
        "engineering_mathematics_i": "-",
        "physics": "C-",
        "communication_techniques": "-",
        "fundamentals_of_it": "-",
        "programming_in_c": "-",
        "problem_solving_techniques": "-"
    },
    "18180048": {
        "engineering_mathematics_i": "-",
        "physics": "-",
        "communication_techniques": "-",
        "fundamentals_of_it": "-",
        "programming_in_c": "F",
        "problem_solving_techniques": "F"
    },
    "18180067": {
        "engineering_mathematics_i": "-",
        "physics": "Abs",
        "communication_techniques": "-",
        "fundamentals_of_it": "-",
        "programming_in_c": "-",
        "problem_solving_techniques": "-"
    },
    "18180069": {
        "engineering_mathematics_i": "Abs",
        "physics": "-",
        "communication_techniques": "-",
        "fundamentals_of_it": "-",
        "programming_in_c": "-",
        "problem_solving_techniques": "-"
    },
    "18180074": {
        "engineering_mathematics_i": "-",
        "physics": "-",
        "communication_techniques": "-",
        "fundamentals_of_it": "-",
        "programming_in_c": "Abs",
        "problem_solving_techniques": "-"
    },
    "18180083": {
        "engineering_mathematics_i": "-",
        "physics": "-",
        "communication_techniques": "-",
        "fundamentals_of_it": "-",
        "programming_in_c": "-",
        "problem_solving_techniques": "Abs"
    },
    "18180086": {
        "engineering_mathematics_i": "-",
        "physics": "A-",
        "communication_techniques": "-",
        "fundamentals_of_it": "-",
        "programming_in_c": "-",
        "problem_solving_techniques": "-"
    },
    "18180097": {
        "engineering_mathematics_i": "-",
        "physics": "-",
        "communication_techniques": "-",
        "fundamentals_of_it": "-",
        "programming_in_c": "Abs",
        "problem_solving_techniques": "-"
    },
    "18180108": {
        "engineering_mathematics_i": "Abs",
        "physics": "Abs",
        "communication_techniques": "-",
        "fundamentals_of_it": "-",
        "programming_in_c": "Abs",
        "problem_solving_techniques": "-"
    },
    "18180126": {
        "engineering_mathematics_i": "-",
        "physics": "-",
        "communication_techniques": "-",
        "fundamentals_of_it": "-",
        "programming_in_c": "Abs",
        "problem_solving_techniques": "-"
    },
    "18180129": {
        "engineering_mathematics_i": "-",
        "physics": "-",
        "communication_techniques": "-",
        "fundamentals_of_it": "-",
        "programming_in_c": "C+",
        "problem_solving_techniques": "-"
    },
    "18180140": {
        "engineering_mathematics_i": "-",
        "physics": "-",
        "communication_techniques": "-",
        "fundamentals_of_it": "-",
        "programming_in_c": "-",
        "problem_solving_techniques": "Abs"
    },
    "18180141": {
        "engineering_mathematics_i": "-",
        "physics": "-",
        "communication_techniques": "-",
        "fundamentals_of_it": "-",
        "programming_in_c": "B+",
        "problem_solving_techniques": "-"
    },
    "19180008": {
        "engineering_mathematics_i": "-",
        "physics": "Abs",
        "communication_techniques": "-",
        "fundamentals_of_it": "-",
        "programming_in_c": "-",
        "problem_solving_techniques": "-"
    },
    "19180009": {
        "engineering_mathematics_i": "-",
        "physics": "-",
        "communication_techniques": "-",
        "fundamentals_of_it": "-",
        "programming_in_c": "Abs",
        "problem_solving_techniques": "-"
    },
    "19180019": {
        "engineering_mathematics_i": "F",
        "physics": "-",
        "communication_techniques": "-",
        "fundamentals_of_it": "-",
        "programming_in_c": "C",
        "problem_solving_techniques": "F"
    },
    "19180020": {
        "engineering_mathematics_i": "-",
        "physics": "F",
        "communication_techniques": "-",
        "fundamentals_of_it": "-",
        "programming_in_c": "-",
        "problem_solving_techniques": "-"
    },
    "19180033": {
        "engineering_mathematics_i": "-",
        "physics": "-",
        "communication_techniques": "-",
        "fundamentals_of_it": "-",
        "programming_in_c": "-",
        "problem_solving_techniques": "Abs"
    },
    "19180034": {
        "engineering_mathematics_i": "-",
        "physics": "Abs",
        "communication_techniques": "-",
        "fundamentals_of_it": "-",
        "programming_in_c": "-",
        "problem_solving_techniques": "Abs"
    },
    "19180052": {
        "engineering_mathematics_i": "-",
        "physics": "Abs",
        "communication_techniques": "-",
        "fundamentals_of_it": "-",
        "programming_in_c": "-",
        "problem_solving_techniques": "Abs"
    },
    "19180060": {
        "engineering_mathematics_i": "-",
        "physics": "-",
        "communication_techniques": "-",
        "fundamentals_of_it": "-",
        "programming_in_c": "C+",
        "problem_solving_techniques": "-"
    },
    "19180061": {
        "engineering_mathematics_i": "-",
        "physics": "-",
        "communication_techniques": "-",
        "fundamentals_of_it": "Abs",
        "programming_in_c": "-",
        "problem_solving_techniques": "-"
    },
    "19180064": {
        "engineering_mathematics_i": "-",
        "physics": "B",
        "communication_techniques": "-",
        "fundamentals_of_it": "-",
        "programming_in_c": "-",
        "problem_solving_techniques": "-"
    },
    "19180067": {
        "engineering_mathematics_i": "-",
        "physics": "F",
        "communication_techniques": "-",
        "fundamentals_of_it": "-",
        "programming_in_c": "-",
        "problem_solving_techniques": "-"
    },
    "19180083": {
        "engineering_mathematics_i": "-",
        "physics": "B",
        "communication_techniques": "-",
        "fundamentals_of_it": "-",
        "programming_in_c": "-",
        "problem_solving_techniques": "-"
    },
    "19180097": {
        "engineering_mathematics_i": "-",
        "physics": "-",
        "communication_techniques": "-",
        "fundamentals_of_it": "-",
        "programming_in_c": "A-",
        "problem_solving_techniques": "-"
    },
    "19180103": {
        "engineering_mathematics_i": "-",
        "physics": "-",
        "communication_techniques": "-",
        "fundamentals_of_it": "-",
        "programming_in_c": "Abs",
        "problem_solving_techniques": "F"
    },
    "19180112": {
        "engineering_mathematics_i": "Abs",
        "physics": "-",
        "communication_techniques": "-",
        "fundamentals_of_it": "-",
        "programming_in_c": "Abs",
        "problem_solving_techniques": "-"
    },
    "19180114": {
        "engineering_mathematics_i": "-",
        "physics": "-",
        "communication_techniques": "-",
        "fundamentals_of_it": "-",
        "programming_in_c": "-",
        "problem_solving_techniques": "F"
    },
    "19180116": {
        "engineering_mathematics_i": "F",
        "physics": "F",
        "communication_techniques": "-",
        "fundamentals_of_it": "-",
        "programming_in_c": "B-",
        "problem_solving_techniques": "-"
    },
    "19180122": {
        "engineering_mathematics_i": "-",
        "physics": "-",
        "communication_techniques": "-",
        "fundamentals_of_it": "-",
        "programming_in_c": "A",
        "problem_solving_techniques": "-"
    },
    "19180123": {
        "engineering_mathematics_i": "-",
        "physics": "F",
        "communication_techniques": "-",
        "fundamentals_of_it": "-",
        "programming_in_c": "B",
        "problem_solving_techniques": "-"
    },
    "19180129": {
        "engineering_mathematics_i": "-",
        "physics": "-",
        "communication_techniques": "-",
        "fundamentals_of_it": "-",
        "programming_in_c": "Abs",
        "problem_solving_techniques": "F"
    },
    "19180130": {
        "engineering_mathematics_i": "-",
        "physics": "C+",
        "communication_techniques": "-",
        "fundamentals_of_it": "-",
        "programming_in_c": "A-",
        "problem_solving_techniques": "-"
    },
    "19180137": {
        "engineering_mathematics_i": "-",
        "physics": "-",
        "communication_techniques": "-",
        "fundamentals_of_it": "-",
        "programming_in_c": "C+",
        "problem_solving_techniques": "-"
    },
    "19180150": {
        "engineering_mathematics_i": "-",
        "physics": "-",
        "communication_techniques": "-",
        "fundamentals_of_it": "-",
        "programming_in_c": "A",
        "problem_solving_techniques": "-"
    },
    "19180157": {
        "engineering_mathematics_i": "-",
        "physics": "F",
        "communication_techniques": "-",
        "fundamentals_of_it": "-",
        "programming_in_c": "-",
        "problem_solving_techniques": "-"
    },
    "19180161": {
        "engineering_mathematics_i": "-",
        "physics": "-",
        "communication_techniques": "-",
        "fundamentals_of_it": "-",
        "programming_in_c": "Abs",
        "problem_solving_techniques": "-"
    },
    "19180167": {
        "engineering_mathematics_i": "-",
        "physics": "-",
        "communication_techniques": "-",
        "fundamentals_of_it": "-",
        "programming_in_c": "Abs",
        "problem_solving_techniques": "-"
    },
    "19180173": {
        "engineering_mathematics_i": "-",
        "physics": "-",
        "communication_techniques": "-",
        "fundamentals_of_it": "-",
        "programming_in_c": "F",
        "problem_solving_techniques": "-"
    },
    "19180182": {
        "engineering_mathematics_i": "-",
        "physics": "Abs",
        "communication_techniques": "-",
        "fundamentals_of_it": "-",
        "programming_in_c": "-",
        "problem_solving_techniques": "-"
    },
    "20180022": {
        "engineering_mathematics_i": "-",
        "physics": "-",
        "communication_techniques": "-",
        "fundamentals_of_it": "-",
        "programming_in_c": "C-",
        "problem_solving_techniques": "-"
    },
    "20180024": {
        "engineering_mathematics_i": "-",
        "physics": "-",
        "communication_techniques": "-",
        "fundamentals_of_it": "-",
        "programming_in_c": "Withheld",
        "problem_solving_techniques": "-"
    },
    "20180070": {
        "engineering_mathematics_i": "-",
        "physics": "F",
        "communication_techniques": "-",
        "fundamentals_of_it": "-",
        "programming_in_c": "-",
        "problem_solving_techniques": "-"
    },
    "20180087": {
        "engineering_mathematics_i": "Abs",
        "physics": "-",
        "communication_techniques": "-",
        "fundamentals_of_it": "-",
        "programming_in_c": "-",
        "problem_solving_techniques": "-"
    },
    "20180100": {
        "engineering_mathematics_i": "-",
        "physics": "-",
        "communication_techniques": "-",
        "fundamentals_of_it": "-",
        "programming_in_c": "A",
        "problem_solving_techniques": "-"
    },
    "20180106": {
        "engineering_mathematics_i": "-",
        "physics": "-",
        "communication_techniques": "-",
        "fundamentals_of_it": "B",
        "programming_in_c": "-",
        "problem_solving_techniques": "-"
    },
    "20180108": {
        "engineering_mathematics_i": "-",
        "physics": "-",
        "communication_techniques": "-",
        "fundamentals_of_it": "-",
        "programming_in_c": "-",
        "problem_solving_techniques": "B"
    },
    "20180111": {
        "engineering_mathematics_i": "-",
        "physics": "-",
        "communication_techniques": "-",
        "fundamentals_of_it": "C",
        "programming_in_c": "-",
        "problem_solving_techniques": "-"
    },
    "20180127": {
        "engineering_mathematics_i": "-",
        "physics": "-",
        "communication_techniques": "-",
        "fundamentals_of_it": "-",
        "programming_in_c": "F",
        "problem_solving_techniques": "-"
    },
    "20180128": {
        "engineering_mathematics_i": "-",
        "physics": "-",
        "communication_techniques": "-",
        "fundamentals_of_it": "-",
        "programming_in_c": "-",
        "problem_solving_techniques": "B"
    },
    "20180136": {
        "engineering_mathematics_i": "-",
        "physics": "-",
        "communication_techniques": "-",
        "fundamentals_of_it": "-",
        "programming_in_c": "A",
        "problem_solving_techniques": "-"
    },
    "20180148": {
        "engineering_mathematics_i": "-",
        "physics": "-",
        "communication_techniques": "-",
        "fundamentals_of_it": "-",
        "programming_in_c": "A-",
        "problem_solving_techniques": "-"
    },
    "20180150": {
        "engineering_mathematics_i": "Abs",
        "physics": "-",
        "communication_techniques": "-",
        "fundamentals_of_it": "-",
        "programming_in_c": "A-",
        "problem_solving_techniques": "-"
    },
    "20180170": {
        "engineering_mathematics_i": "-",
        "physics": "-",
        "communication_techniques": "-",
        "fundamentals_of_it": "Abs",
        "programming_in_c": "Abs",
        "problem_solving_techniques": "-"
    },
    "20180181": {
        "engineering_mathematics_i": "-",
        "physics": "-",
        "communication_techniques": "-",
        "fundamentals_of_it": "-",
        "programming_in_c": "C+",
        "problem_solving_techniques": "-"
    },
    "21180004": {
        "engineering_mathematics_i": "F",
        "physics": "F",
        "communication_techniques": "-",
        "fundamentals_of_it": "-",
        "programming_in_c": "-",
        "problem_solving_techniques": "-"
    },
    "21180005": {
        "engineering_mathematics_i": "F",
        "physics": "-",
        "communication_techniques": "-",
        "fundamentals_of_it": "-",
        "programming_in_c": "-",
        "problem_solving_techniques": "F"
    },
    "21180010": {
        "engineering_mathematics_i": "-",
        "physics": "-",
        "communication_techniques": "-",
        "fundamentals_of_it": "-",
        "programming_in_c": "-",
        "problem_solving_techniques": "A-"
    },
    "21180013": {
        "engineering_mathematics_i": "-",
        "physics": "-",
        "communication_techniques": "-",
        "fundamentals_of_it": "-",
        "programming_in_c": "-",
        "problem_solving_techniques": "B+"
    },
    "21180015": {
        "engineering_mathematics_i": "-",
        "physics": "-",
        "communication_techniques": "-",
        "fundamentals_of_it": "-",
        "programming_in_c": "-",
        "problem_solving_techniques": "F"
    },
    "21180016": {
        "engineering_mathematics_i": "-",
        "physics": "Abs",
        "communication_techniques": "-",
        "fundamentals_of_it": "-",
        "programming_in_c": "-",
        "problem_solving_techniques": "-"
    },
    "21180020": {
        "engineering_mathematics_i": "-",
        "physics": "F",
        "communication_techniques": "-",
        "fundamentals_of_it": "-",
        "programming_in_c": "-",
        "problem_solving_techniques": "-"
    },
    "21180021": {
        "engineering_mathematics_i": "-",
        "physics": "F",
        "communication_techniques": "-",
        "fundamentals_of_it": "-",
        "programming_in_c": "-",
        "problem_solving_techniques": "-"
    },
    "21180025": {
        "engineering_mathematics_i": "-",
        "physics": "Abs",
        "communication_techniques": "-",
        "fundamentals_of_it": "-",
        "programming_in_c": "-",
        "problem_solving_techniques": "-"
    },
    "21180027": {
        "engineering_mathematics_i": "-",
        "physics": "C",
        "communication_techniques": "-",
        "fundamentals_of_it": "-",
        "programming_in_c": "-",
        "problem_solving_techniques": "-"
    },
    "21180029": {
        "engineering_mathematics_i": "-",
        "physics": "Abs",
        "communication_techniques": "-",
        "fundamentals_of_it": "-",
        "programming_in_c": "-",
        "problem_solving_techniques": "-"
    },
    "21180033": {
        "engineering_mathematics_i": "-",
        "physics": "Abs",
        "communication_techniques": "-",
        "fundamentals_of_it": "-",
        "programming_in_c": "-",
        "problem_solving_techniques": "-"
    },
    "21180040": {
        "engineering_mathematics_i": "-",
        "physics": "C",
        "communication_techniques": "-",
        "fundamentals_of_it": "-",
        "programming_in_c": "-",
        "problem_solving_techniques": "-"
    },
    "21180042": {
        "engineering_mathematics_i": "-",
        "physics": "F",
        "communication_techniques": "-",
        "fundamentals_of_it": "-",
        "programming_in_c": "-",
        "problem_solving_techniques": "-"
    },
    "21180045": {
        "engineering_mathematics_i": "-",
        "physics": "F",
        "communication_techniques": "-",
        "fundamentals_of_it": "-",
        "programming_in_c": "-",
        "problem_solving_techniques": "-"
    },
    "21180047": {
        "engineering_mathematics_i": "-",
        "physics": "-",
        "communication_techniques": "-",
        "fundamentals_of_it": "-",
        "programming_in_c": "-",
        "problem_solving_techniques": "C+"
    },
    "21180048": {
        "engineering_mathematics_i": "-",
        "physics": "-",
        "communication_techniques": "-",
        "fundamentals_of_it": "-",
        "programming_in_c": "-",
        "problem_solving_techniques": "A"
    },
    "21180054": {
        "engineering_mathematics_i": "-",
        "physics": "-",
        "communication_techniques": "-",
        "fundamentals_of_it": "-",
        "programming_in_c": "F",
        "problem_solving_techniques": "-"
    },
    "21180055": {
        "engineering_mathematics_i": "-",
        "physics": "B",
        "communication_techniques": "-",
        "fundamentals_of_it": "-",
        "programming_in_c": "-",
        "problem_solving_techniques": "-"
    },
    "21180059": {
        "engineering_mathematics_i": "-",
        "physics": "-",
        "communication_techniques": "-",
        "fundamentals_of_it": "-",
        "programming_in_c": "-",
        "problem_solving_techniques": "B"
    },
    "21180060": {
        "engineering_mathematics_i": "-",
        "physics": "-",
        "communication_techniques": "-",
        "fundamentals_of_it": "-",
        "programming_in_c": "Abs",
        "problem_solving_techniques": "F"
    },
    "21180065": {
        "engineering_mathematics_i": "-",
        "physics": "-",
        "communication_techniques": "-",
        "fundamentals_of_it": "-",
        "programming_in_c": "-",
        "problem_solving_techniques": "C+"
    },
    "21180070": {
        "engineering_mathematics_i": "-",
        "physics": "Abs",
        "communication_techniques": "-",
        "fundamentals_of_it": "-",
        "programming_in_c": "-",
        "problem_solving_techniques": "-"
    },
    "21180102": {
        "engineering_mathematics_i": "-",
        "physics": "A-",
        "communication_techniques": "-",
        "fundamentals_of_it": "-",
        "programming_in_c": "-",
        "problem_solving_techniques": "-"
    },
    "21180113": {
        "engineering_mathematics_i": "-",
        "physics": "Abs",
        "communication_techniques": "-",
        "fundamentals_of_it": "-",
        "programming_in_c": "-",
        "problem_solving_techniques": "-"
    },
    "21180141": {
        "engineering_mathematics_i": "B",
        "physics": "-",
        "communication_techniques": "-",
        "fundamentals_of_it": "-",
        "programming_in_c": "C+",
        "problem_solving_techniques": "F"
    },
    "21180150": {
        "engineering_mathematics_i": "-",
        "physics": "B",
        "communication_techniques": "-",
        "fundamentals_of_it": "-",
        "programming_in_c": "-",
        "problem_solving_techniques": "-"
    },
    "21180158": {
        "engineering_mathematics_i": "-",
        "physics": "F",
        "communication_techniques": "-",
        "fundamentals_of_it": "-",
        "programming_in_c": "-",
        "problem_solving_techniques": "-"
    },
    "21180179": {
        "engineering_mathematics_i": "Abs",
        "physics": "-",
        "communication_techniques": "-",
        "fundamentals_of_it": "-",
        "programming_in_c": "-",
        "problem_solving_techniques": "-"
    },
    "21180180": {
        "engineering_mathematics_i": "-",
        "physics": "B",
        "communication_techniques": "-",
        "fundamentals_of_it": "-",
        "programming_in_c": "-",
        "problem_solving_techniques": "-"
    },
    "21180184": {
        "engineering_mathematics_i": "-",
        "physics": "F",
        "communication_techniques": "-",
        "fundamentals_of_it": "-",
        "programming_in_c": "-",
        "problem_solving_techniques": "-"
    },
    "21180186": {
        "engineering_mathematics_i": "-",
        "physics": "F",
        "communication_techniques": "-",
        "fundamentals_of_it": "-",
        "programming_in_c": "-",
        "problem_solving_techniques": "-"
    },
    "21180187": {
        "engineering_mathematics_i": "-",
        "physics": "F",
        "communication_techniques": "-",
        "fundamentals_of_it": "-",
        "programming_in_c": "-",
        "problem_solving_techniques": "-"
    },
    "21185001": {
        "engineering_mathematics_i": "-",
        "physics": "F",
        "communication_techniques": "-",
        "fundamentals_of_it": "-",
        "programming_in_c": "-",
        "problem_solving_techniques": "-"
    },
    "21185002": {
        "engineering_mathematics_i": "-",
        "physics": "F",
        "communication_techniques": "-",
        "fundamentals_of_it": "-",
        "programming_in_c": "-",
        "problem_solving_techniques": "-"
    },
    "21185005": {
        "engineering_mathematics_i": "B-",
        "physics": "F",
        "communication_techniques": "-",
        "fundamentals_of_it": "-",
        "programming_in_c": "-",
        "problem_solving_techniques": "-"
    },
    "21185009": {
        "engineering_mathematics_i": "-",
        "physics": "-",
        "communication_techniques": "-",
        "fundamentals_of_it": "-",
        "programming_in_c": "-",
        "problem_solving_techniques": "A"
    },
    "21185012": {
        "engineering_mathematics_i": "-",
        "physics": "F",
        "communication_techniques": "-",
        "fundamentals_of_it": "-",
        "programming_in_c": "-",
        "problem_solving_techniques": "-"
    },
    "21185013": {
        "engineering_mathematics_i": "-",
        "physics": "F",
        "communication_techniques": "-",
        "fundamentals_of_it": "-",
        "programming_in_c": "F",
        "problem_solving_techniques": "-"
    },
    "21185014": {
        "engineering_mathematics_i": "-",
        "physics": "F",
        "communication_techniques": "-",
        "fundamentals_of_it": "-",
        "programming_in_c": "-",
        "problem_solving_techniques": "-"
    },
    "21185017": {
        "engineering_mathematics_i": "-",
        "physics": "F",
        "communication_techniques": "-",
        "fundamentals_of_it": "-",
        "programming_in_c": "C",
        "problem_solving_techniques": "-"
    },
    "21185018": {
        "engineering_mathematics_i": "-",
        "physics": "-",
        "communication_techniques": "-",
        "fundamentals_of_it": "-",
        "programming_in_c": "C",
        "problem_solving_techniques": "-"
    },
    "21185019": {
        "engineering_mathematics_i": "-",
        "physics": "F",
        "communication_techniques": "-",
        "fundamentals_of_it": "-",
        "programming_in_c": "C+",
        "problem_solving_techniques": "-"
    },
    "21185021": {
        "engineering_mathematics_i": "B-",
        "physics": "F",
        "communication_techniques": "-",
        "fundamentals_of_it": "-",
        "programming_in_c": "-",
        "problem_solving_techniques": "-"
    },
    "21185023": {
        "engineering_mathematics_i": "A-",
        "physics": "F",
        "communication_techniques": "-",
        "fundamentals_of_it": "-",
        "programming_in_c": "-",
        "problem_solving_techniques": "-"
    },
    "21185025": {
        "engineering_mathematics_i": "F",
        "physics": "F",
        "communication_techniques": "-",
        "fundamentals_of_it": "-",
        "programming_in_c": "-",
        "problem_solving_techniques": "-"
    },
    "21185026": {
        "engineering_mathematics_i": "-",
        "physics": "F",
        "communication_techniques": "-",
        "fundamentals_of_it": "-",
        "programming_in_c": "-",
        "problem_solving_techniques": "-"
    },
    "21185029": {
        "engineering_mathematics_i": "-",
        "physics": "-",
        "communication_techniques": "-",
        "fundamentals_of_it": "-",
        "programming_in_c": "C+",
        "problem_solving_techniques": "-"
    },
    "21185031": {
        "engineering_mathematics_i": "-",
        "physics": "F",
        "communication_techniques": "-",
        "fundamentals_of_it": "-",
        "programming_in_c": "F",
        "problem_solving_techniques": "-"
    },
    "21185032": {
        "engineering_mathematics_i": "C",
        "physics": "-",
        "communication_techniques": "-",
        "fundamentals_of_it": "-",
        "programming_in_c": "-",
        "problem_solving_techniques": "F"
    },
    "21185033": {
        "engineering_mathematics_i": "-",
        "physics": "F",
        "communication_techniques": "-",
        "fundamentals_of_it": "-",
        "programming_in_c": "-",
        "problem_solving_techniques": "-"
    },
    "21185034": {
        "engineering_mathematics_i": "-",
        "physics": "F",
        "communication_techniques": "-",
        "fundamentals_of_it": "-",
        "programming_in_c": "-",
        "problem_solving_techniques": "-"
    },
    "21185036": {
        "engineering_mathematics_i": "-",
        "physics": "F",
        "communication_techniques": "-",
        "fundamentals_of_it": "-",
        "programming_in_c": "-",
        "problem_solving_techniques": "-"
    },
    "21185042": {
        "engineering_mathematics_i": "-",
        "physics": "F",
        "communication_techniques": "-",
        "fundamentals_of_it": "-",
        "programming_in_c": "-",
        "problem_solving_techniques": "-"
    },
    "21185044": {
        "engineering_mathematics_i": "-",
        "physics": "-",
        "communication_techniques": "-",
        "fundamentals_of_it": "-",
        "programming_in_c": "B",
        "problem_solving_techniques": "-"
    },
    "21185048": {
        "engineering_mathematics_i": "F",
        "physics": "F",
        "communication_techniques": "-",
        "fundamentals_of_it": "-",
        "programming_in_c": "-",
        "problem_solving_techniques": "-"
    },
    "21185049": {
        "engineering_mathematics_i": "-",
        "physics": "F",
        "communication_techniques": "-",
        "fundamentals_of_it": "-",
        "programming_in_c": "-",
        "problem_solving_techniques": "-"
    },
    "21185053": {
        "engineering_mathematics_i": "-",
        "physics": "-",
        "communication_techniques": "-",
        "fundamentals_of_it": "-",
        "programming_in_c": "-",
        "problem_solving_techniques": "Abs"
    },
    "21185054": {
        "engineering_mathematics_i": "F",
        "physics": "F",
        "communication_techniques": "-",
        "fundamentals_of_it": "-",
        "programming_in_c": "-",
        "problem_solving_techniques": "-"
    },
    "21185055": {
        "engineering_mathematics_i": "B-",
        "physics": "F",
        "communication_techniques": "-",
        "fundamentals_of_it": "-",
        "programming_in_c": "-",
        "problem_solving_techniques": "-"
    },
    "21185056": {
        "engineering_mathematics_i": "F",
        "physics": "-",
        "communication_techniques": "-",
        "fundamentals_of_it": "-",
        "programming_in_c": "-",
        "problem_solving_techniques": "-"
    },
    "21185059": {
        "engineering_mathematics_i": "-",
        "physics": "F",
        "communication_techniques": "-",
        "fundamentals_of_it": "-",
        "programming_in_c": "-",
        "problem_solving_techniques": "-"
    },
    "21185061": {
        "engineering_mathematics_i": "-",
        "physics": "F",
        "communication_techniques": "-",
        "fundamentals_of_it": "-",
        "programming_in_c": "-",
        "problem_solving_techniques": "-"
    },
    "21185063": {
        "engineering_mathematics_i": "-",
        "physics": "-",
        "communication_techniques": "-",
        "fundamentals_of_it": "-",
        "programming_in_c": "-",
        "problem_solving_techniques": "Abs"
    },
    "21185064": {
        "engineering_mathematics_i": "F",
        "physics": "F",
        "communication_techniques": "-",
        "fundamentals_of_it": "-",
        "programming_in_c": "-",
        "problem_solving_techniques": "-"
    },
    "21185065": {
        "engineering_mathematics_i": "-",
        "physics": "F",
        "communication_techniques": "-",
        "fundamentals_of_it": "-",
        "programming_in_c": "-",
        "problem_solving_techniques": "-"
    },
    "21185067": {
        "engineering_mathematics_i": "-",
        "physics": "F",
        "communication_techniques": "-",
        "fundamentals_of_it": "-",
        "programming_in_c": "-",
        "problem_solving_techniques": "-"
    },
    "21185069": {
        "engineering_mathematics_i": "-",
        "physics": "Abs",
        "communication_techniques": "-",
        "fundamentals_of_it": "-",
        "programming_in_c": "-",
        "problem_solving_techniques": "-"
    },
    "21185071": {
        "engineering_mathematics_i": "Abs",
        "physics": "Abs",
        "communication_techniques": "-",
        "fundamentals_of_it": "-",
        "programming_in_c": "-",
        "problem_solving_techniques": "-"
    },
    "21185072": {
        "engineering_mathematics_i": "Abs",
        "physics": "Abs",
        "communication_techniques": "-",
        "fundamentals_of_it": "-",
        "programming_in_c": "-",
        "problem_solving_techniques": "-"
    },
    "21185076": {
        "engineering_mathematics_i": "B-",
        "physics": "F",
        "communication_techniques": "-",
        "fundamentals_of_it": "-",
        "programming_in_c": "-",
        "problem_solving_techniques": "-"
    },
    "21185078": {
        "engineering_mathematics_i": "-",
        "physics": "-",
        "communication_techniques": "-",
        "fundamentals_of_it": "F",
        "programming_in_c": "B",
        "problem_solving_techniques": "-"
    },
    "21185082": {
        "engineering_mathematics_i": "-",
        "physics": "Abs",
        "communication_techniques": "-",
        "fundamentals_of_it": "-",
        "programming_in_c": "-",
        "problem_solving_techniques": "-"
    },
    "21185085": {
        "engineering_mathematics_i": "-",
        "physics": "-",
        "communication_techniques": "-",
        "fundamentals_of_it": "-",
        "programming_in_c": "-",
        "problem_solving_techniques": "Abs"
    },
    "21185088": {
        "engineering_mathematics_i": "F",
        "physics": "-",
        "communication_techniques": "-",
        "fundamentals_of_it": "-",
        "programming_in_c": "-",
        "problem_solving_techniques": "-"
    },
    "21185089": {
        "engineering_mathematics_i": "-",
        "physics": "-",
        "communication_techniques": "Abs",
        "fundamentals_of_it": "-",
        "programming_in_c": "-",
        "problem_solving_techniques": "-"
    },
    "21185092": {
        "engineering_mathematics_i": "-",
        "physics": "Abs",
        "communication_techniques": "-",
        "fundamentals_of_it": "-",
        "programming_in_c": "-",
        "problem_solving_techniques": "-"
    },
    "21185094": {
        "engineering_mathematics_i": "-",
        "physics": "-",
        "communication_techniques": "-",
        "fundamentals_of_it": "-",
        "programming_in_c": "-",
        "problem_solving_techniques": "Abs"
    },
    "21185095": {
        "engineering_mathematics_i": "-",
        "physics": "Abs",
        "communication_techniques": "-",
        "fundamentals_of_it": "-",
        "programming_in_c": "-",
        "problem_solving_techniques": "-"
    },
    "21185099": {
        "engineering_mathematics_i": "-",
        "physics": "-",
        "communication_techniques": "-",
        "fundamentals_of_it": "-",
        "programming_in_c": "A",
        "problem_solving_techniques": "-"
    },
    "21185100": {
        "engineering_mathematics_i": "Abs",
        "physics": "Abs",
        "communication_techniques": "-",
        "fundamentals_of_it": "-",
        "programming_in_c": "-",
        "problem_solving_techniques": "-"
    },
    "21185103": {
        "engineering_mathematics_i": "-",
        "physics": "Abs",
        "communication_techniques": "-",
        "fundamentals_of_it": "-",
        "programming_in_c": "-",
        "problem_solving_techniques": "-"
    },
    "21185107": {
        "engineering_mathematics_i": "B-",
        "physics": "-",
        "communication_techniques": "-",
        "fundamentals_of_it": "-",
        "programming_in_c": "-",
        "problem_solving_techniques": "-"
    },
    "21185108": {
        "engineering_mathematics_i": "Abs",
        "physics": "-",
        "communication_techniques": "-",
        "fundamentals_of_it": "-",
        "programming_in_c": "-",
        "problem_solving_techniques": "-"
    },
    "21185113": {
        "engineering_mathematics_i": "-",
        "physics": "-",
        "communication_techniques": "-",
        "fundamentals_of_it": "-",
        "programming_in_c": "A",
        "problem_solving_techniques": "-"
    },
    "21185114": {
        "engineering_mathematics_i": "Withheld",
        "physics": "Abs",
        "communication_techniques": "-",
        "fundamentals_of_it": "-",
        "programming_in_c": "-",
        "problem_solving_techniques": "-"
    },
    "21185119": {
        "engineering_mathematics_i": "-",
        "physics": "-",
        "communication_techniques": "-",
        "fundamentals_of_it": "-",
        "programming_in_c": "-",
        "problem_solving_techniques": "F"
    },
    "21185129": {
        "engineering_mathematics_i": "-",
        "physics": "Abs",
        "communication_techniques": "-",
        "fundamentals_of_it": "-",
        "programming_in_c": "A",
        "problem_solving_techniques": "-"
    },
    "21185131": {
        "engineering_mathematics_i": "F",
        "physics": "Abs",
        "communication_techniques": "-",
        "fundamentals_of_it": "-",
        "programming_in_c": "-",
        "problem_solving_techniques": "-"
    },
    "21185132": {
        "engineering_mathematics_i": "-",
        "physics": "-",
        "communication_techniques": "-",
        "fundamentals_of_it": "-",
        "programming_in_c": "-",
        "problem_solving_techniques": "Abs"
    },
    "21185134": {
        "engineering_mathematics_i": "Abs",
        "physics": "-",
        "communication_techniques": "-",
        "fundamentals_of_it": "-",
        "programming_in_c": "-",
        "problem_solving_techniques": "-"
    },
    "21185135": {
        "engineering_mathematics_i": "-",
        "physics": "-",
        "communication_techniques": "Abs",
        "fundamentals_of_it": "-",
        "programming_in_c": "-",
        "problem_solving_techniques": "-"
    },
    "21185136": {
        "engineering_mathematics_i": "B-",
        "physics": "-",
        "communication_techniques": "-",
        "fundamentals_of_it": "-",
        "programming_in_c": "-",
        "problem_solving_techniques": "-"
    },
    "21185137": {
        "engineering_mathematics_i": "Abs",
        "physics": "Abs",
        "communication_techniques": "-",
        "fundamentals_of_it": "-",
        "programming_in_c": "-",
        "problem_solving_techniques": "-"
    },
    "21185141": {
        "engineering_mathematics_i": "-",
        "physics": "C",
        "communication_techniques": "-",
        "fundamentals_of_it": "-",
        "programming_in_c": "-",
        "problem_solving_techniques": "-"
    },
    "21185151": {
        "engineering_mathematics_i": "F",
        "physics": "-",
        "communication_techniques": "-",
        "fundamentals_of_it": "-",
        "programming_in_c": "-",
        "problem_solving_techniques": "-"
    },
    "21185155": {
        "engineering_mathematics_i": "-",
        "physics": "-",
        "communication_techniques": "Abs",
        "fundamentals_of_it": "-",
        "programming_in_c": "-",
        "problem_solving_techniques": "-"
    },
    "21185167": {
        "engineering_mathematics_i": "Abs",
        "physics": "-",
        "communication_techniques": "-",
        "fundamentals_of_it": "-",
        "programming_in_c": "-",
        "problem_solving_techniques": "-"
    },
    "21185169": {
        "engineering_mathematics_i": "-",
        "physics": "C",
        "communication_techniques": "-",
        "fundamentals_of_it": "-",
        "programming_in_c": "-",
        "problem_solving_techniques": "-"
    },
    "21185172": {
        "engineering_mathematics_i": "-",
        "physics": "B-",
        "communication_techniques": "-",
        "fundamentals_of_it": "-",
        "programming_in_c": "-",
        "problem_solving_techniques": "-"
    },
    "21185175": {
        "engineering_mathematics_i": "Abs",
        "physics": "Abs",
        "communication_techniques": "-",
        "fundamentals_of_it": "-",
        "programming_in_c": "-",
        "problem_solving_techniques": "-"
    },
    "21185179": {
        "engineering_mathematics_i": "-",
        "physics": "F",
        "communication_techniques": "-",
        "fundamentals_of_it": "-",
        "programming_in_c": "-",
        "problem_solving_techniques": "-"
    },
    "21185183": {
        "engineering_mathematics_i": "-",
        "physics": "F",
        "communication_techniques": "-",
        "fundamentals_of_it": "-",
        "programming_in_c": "-",
        "problem_solving_techniques": "-"
    },
    "21185185": {
        "engineering_mathematics_i": "-",
        "physics": "B-",
        "communication_techniques": "-",
        "fundamentals_of_it": "-",
        "programming_in_c": "-",
        "problem_solving_techniques": "-"
    },
    "21485090": {
        "engineering_mathematics_i": "-",
        "physics": "-",
        "communication_techniques": "-",
        "fundamentals_of_it": "-",
        "programming_in_c": "-",
        "problem_solving_techniques": "Abs"
    }
}