{
    "nan": {
        "applied_operating_systems": "-",
        "simulation_and_modeling": "-",
        "artificial_intelligence_and_neural_networks": "-",
        "organization_and_management": "-",
        "analysis_and_design_of_algorithms": "-",
        "system_programming": "-",
        "sgpa": "-"
    },
    "16180070": {
        "applied_operating_systems": "-",
        "simulation_and_modeling": "-",
        "artificial_intelligence_and_neural_networks": "-",
        "organization_and_management": "-",
        "analysis_and_design_of_algorithms": "C",
        "system_programming": "B-",
        "sgpa": "-"
    },
    "16180076": {
        "applied_operating_systems": "-",
        "simulation_and_modeling": "-",
        "artificial_intelligence_and_neural_networks": "C",
        "organization_and_management": "-",
        "analysis_and_design_of_algorithms": "F",
        "system_programming": "-",
        "sgpa": "-"
    },
    "16180091": {
        "applied_operating_systems": "-",
        "simulation_and_modeling": "F",
        "artificial_intelligence_and_neural_networks": "F",
        "organization_and_management": "-",
        "analysis_and_design_of_algorithms": "-",
        "system_programming": "F",
        "sgpa": "-"
    },
    "16180092": {
        "applied_operating_systems": "-",
        "simulation_and_modeling": "C+",
        "artificial_intelligence_and_neural_networks": "-",
        "organization_and_management": "-",
        "analysis_and_design_of_algorithms": "-",
        "system_programming": "-",
        "sgpa": "-"
    },
    "16180119": {
        "applied_operating_systems": "-",
        "simulation_and_modeling": "-",
        "artificial_intelligence_and_neural_networks": "-",
        "organization_and_management": "-",
        "analysis_and_design_of_algorithms": "-",
        "system_programming": "C+",
        "sgpa": "-"
    },
    "16180128": {
        "applied_operating_systems": "-",
        "simulation_and_modeling": "-",
        "artificial_intelligence_and_neural_networks": "-",
        "organization_and_management": "Abs",
        "analysis_and_design_of_algorithms": "-",
        "system_programming": "-",
        "sgpa": "-"
    },
    "17180021": {
        "applied_operating_systems": "C-",
        "simulation_and_modeling": "-",
        "artificial_intelligence_and_neural_networks": "-",
        "organization_and_management": "-",
        "analysis_and_design_of_algorithms": "-",
        "system_programming": "F",
        "sgpa": "-"
    },
    "17180034": {
        "applied_operating_systems": "C+",
        "simulation_and_modeling": "-",
        "artificial_intelligence_and_neural_networks": "-",
        "organization_and_management": "-",
        "analysis_and_design_of_algorithms": "-",
        "system_programming": "-",
        "sgpa": "-"
    },
    "17180051": {
        "applied_operating_systems": "-",
        "simulation_and_modeling": "-",
        "artificial_intelligence_and_neural_networks": "-",
        "organization_and_management": "-",
        "analysis_and_design_of_algorithms": "-",
        "system_programming": "C+",
        "sgpa": "-"
    },
    "17180063": {
        "applied_operating_systems": "-",
        "simulation_and_modeling": "B",
        "artificial_intelligence_and_neural_networks": "-",
        "organization_and_management": "-",
        "analysis_and_design_of_algorithms": "-",
        "system_programming": "-",
        "sgpa": "-"
    },
    "17180067": {
        "applied_operating_systems": "Abs",
        "simulation_and_modeling": "F",
        "artificial_intelligence_and_neural_networks": "-",
        "organization_and_management": "C-",
        "analysis_and_design_of_algorithms": "F",
        "system_programming": "-",
        "sgpa": "-"
    },
    "17180078": {
        "applied_operating_systems": "-",
        "simulation_and_modeling": "-",
        "artificial_intelligence_and_neural_networks": "Abs",
        "organization_and_management": "-",
        "analysis_and_design_of_algorithms": "-",
        "system_programming": "-",
        "sgpa": "-"
    },
    "17180082": {
        "applied_operating_systems": "-",
        "simulation_and_modeling": "F",
        "artificial_intelligence_and_neural_networks": "F",
        "organization_and_management": "-",
        "analysis_and_design_of_algorithms": "Abs",
        "system_programming": "-",
        "sgpa": "-"
    },
    "17180090": {
        "applied_operating_systems": "Abs",
        "simulation_and_modeling": "-",
        "artificial_intelligence_and_neural_networks": "-",
        "organization_and_management": "-",
        "analysis_and_design_of_algorithms": "-",
        "system_programming": "-",
        "sgpa": "-"
    },
    "17180092": {
        "applied_operating_systems": "-",
        "simulation_and_modeling": "-",
        "artificial_intelligence_and_neural_networks": "F",
        "organization_and_management": "-",
        "analysis_and_design_of_algorithms": "-",
        "system_programming": "C",
        "sgpa": "-"
    },
    "17180101": {
        "applied_operating_systems": "-",
        "simulation_and_modeling": "Abs",
        "artificial_intelligence_and_neural_networks": "-",
        "organization_and_management": "-",
        "analysis_and_design_of_algorithms": "-",
        "system_programming": "-",
        "sgpa": "-"
    },
    "17180113": {
        "applied_operating_systems": "-",
        "simulation_and_modeling": "-",
        "artificial_intelligence_and_neural_networks": "Abs",
        "organization_and_management": "-",
        "analysis_and_design_of_algorithms": "-",
        "system_programming": "-",
        "sgpa": "-"
    },
    "17180122": {
        "applied_operating_systems": "-",
        "simulation_and_modeling": "-",
        "artificial_intelligence_and_neural_networks": "-",
        "organization_and_management": "Abs",
        "analysis_and_design_of_algorithms": "-",
        "system_programming": "-",
        "sgpa": "-"
    },
    "17180132": {
        "applied_operating_systems": "-",
        "simulation_and_modeling": "-",
        "artificial_intelligence_and_neural_networks": "-",
        "organization_and_management": "-",
        "analysis_and_design_of_algorithms": "C",
        "system_programming": "-",
        "sgpa": "-"
    },
    "17180136": {
        "applied_operating_systems": "-",
        "simulation_and_modeling": "-",
        "artificial_intelligence_and_neural_networks": "-",
        "organization_and_management": "-",
        "analysis_and_design_of_algorithms": "Abs",
        "system_programming": "-",
        "sgpa": "-"
    },
    "17180139": {
        "applied_operating_systems": "Abs",
        "simulation_and_modeling": "F",
        "artificial_intelligence_and_neural_networks": "F",
        "organization_and_management": "-",
        "analysis_and_design_of_algorithms": "F",
        "system_programming": "F",
        "sgpa": "-"
    },
    "17180140": {
        "applied_operating_systems": "-",
        "simulation_and_modeling": "Abs",
        "artificial_intelligence_and_neural_networks": "-",
        "organization_and_management": "-",
        "analysis_and_design_of_algorithms": "-",
        "system_programming": "-",
        "sgpa": "-"
    },
    "18180010": {
        "applied_operating_systems": "-",
        "simulation_and_modeling": "-",
        "artificial_intelligence_and_neural_networks": "F",
        "organization_and_management": "-",
        "analysis_and_design_of_algorithms": "-",
        "system_programming": "Abs",
        "sgpa": "-"
    },
    "18180018": {
        "applied_operating_systems": "-",
        "simulation_and_modeling": "-",
        "artificial_intelligence_and_neural_networks": "F",
        "organization_and_management": "-",
        "analysis_and_design_of_algorithms": "F",
        "system_programming": "-",
        "sgpa": "-"
    },
    "18180020": {
        "applied_operating_systems": "-",
        "simulation_and_modeling": "-",
        "artificial_intelligence_and_neural_networks": "Abs",
        "organization_and_management": "-",
        "analysis_and_design_of_algorithms": "F",
        "system_programming": "-",
        "sgpa": "-"
    },
    "18180027": {
        "applied_operating_systems": "-",
        "simulation_and_modeling": "-",
        "artificial_intelligence_and_neural_networks": "B",
        "organization_and_management": "-",
        "analysis_and_design_of_algorithms": "-",
        "system_programming": "-",
        "sgpa": "-"
    },
    "18180034": {
        "applied_operating_systems": "-",
        "simulation_and_modeling": "B+",
        "artificial_intelligence_and_neural_networks": "-",
        "organization_and_management": "-",
        "analysis_and_design_of_algorithms": "B+",
        "system_programming": "-",
        "sgpa": "-"
    },
    "18180035": {
        "applied_operating_systems": "-",
        "simulation_and_modeling": "-",
        "artificial_intelligence_and_neural_networks": "-",
        "organization_and_management": "-",
        "analysis_and_design_of_algorithms": "B-",
        "system_programming": "-",
        "sgpa": "-"
    },
    "18180047": {
        "applied_operating_systems": "-",
        "simulation_and_modeling": "B+",
        "artificial_intelligence_and_neural_networks": "-",
        "organization_and_management": "-",
        "analysis_and_design_of_algorithms": "-",
        "system_programming": "-",
        "sgpa": "-"
    },
    "18180048": {
        "applied_operating_systems": "-",
        "simulation_and_modeling": "F",
        "artificial_intelligence_and_neural_networks": "-",
        "organization_and_management": "-",
        "analysis_and_design_of_algorithms": "-",
        "system_programming": "-",
        "sgpa": "-"
    },
    "18180054": {
        "applied_operating_systems": "F",
        "simulation_and_modeling": "-",
        "artificial_intelligence_and_neural_networks": "C",
        "organization_and_management": "-",
        "analysis_and_design_of_algorithms": "-",
        "system_programming": "Abs",
        "sgpa": "-"
    },
    "18180061": {
        "applied_operating_systems": "-",
        "simulation_and_modeling": "Abs",
        "artificial_intelligence_and_neural_networks": "-",
        "organization_and_management": "-",
        "analysis_and_design_of_algorithms": "-",
        "system_programming": "-",
        "sgpa": "-"
    },
    "18180067": {
        "applied_operating_systems": "-",
        "simulation_and_modeling": "-",
        "artificial_intelligence_and_neural_networks": "-",
        "organization_and_management": "-",
        "analysis_and_design_of_algorithms": "-",
        "system_programming": "Abs",
        "sgpa": "-"
    },
    "18180069": {
        "applied_operating_systems": "Abs",
        "simulation_and_modeling": "-",
        "artificial_intelligence_and_neural_networks": "-",
        "organization_and_management": "-",
        "analysis_and_design_of_algorithms": "-",
        "system_programming": "-",
        "sgpa": "-"
    },
    "18180074": {
        "applied_operating_systems": "-",
        "simulation_and_modeling": "-",
        "artificial_intelligence_and_neural_networks": "-",
        "organization_and_management": "-",
        "analysis_and_design_of_algorithms": "F",
        "system_programming": "-",
        "sgpa": "-"
    },
    "18180082": {
        "applied_operating_systems": "-",
        "simulation_and_modeling": "Abs",
        "artificial_intelligence_and_neural_networks": "-",
        "organization_and_management": "-",
        "analysis_and_design_of_algorithms": "-",
        "system_programming": "-",
        "sgpa": "-"
    },
    "18180083": {
        "applied_operating_systems": "Abs",
        "simulation_and_modeling": "-",
        "artificial_intelligence_and_neural_networks": "-",
        "organization_and_management": "-",
        "analysis_and_design_of_algorithms": "-",
        "system_programming": "-",
        "sgpa": "-"
    },
    "18180086": {
        "applied_operating_systems": "B-",
        "simulation_and_modeling": "B",
        "artificial_intelligence_and_neural_networks": "-",
        "organization_and_management": "-",
        "analysis_and_design_of_algorithms": "-",
        "system_programming": "-",
        "sgpa": "-"
    },
    "18180087": {
        "applied_operating_systems": "-",
        "simulation_and_modeling": "-",
        "artificial_intelligence_and_neural_networks": "-",
        "organization_and_management": "Abs",
        "analysis_and_design_of_algorithms": "-",
        "system_programming": "-",
        "sgpa": "-"
    },
    "18180091": {
        "applied_operating_systems": "Abs",
        "simulation_and_modeling": "-",
        "artificial_intelligence_and_neural_networks": "-",
        "organization_and_management": "-",
        "analysis_and_design_of_algorithms": "-",
        "system_programming": "-",
        "sgpa": "-"
    },
    "18180092": {
        "applied_operating_systems": "B",
        "simulation_and_modeling": "B",
        "artificial_intelligence_and_neural_networks": "-",
        "organization_and_management": "-",
        "analysis_and_design_of_algorithms": "C",
        "system_programming": "C-",
        "sgpa": "-"
    },
    "18180096": {
        "applied_operating_systems": "-",
        "simulation_and_modeling": "-",
        "artificial_intelligence_and_neural_networks": "-",
        "organization_and_management": "-",
        "analysis_and_design_of_algorithms": "Abs",
        "system_programming": "-",
        "sgpa": "-"
    },
    "18180102": {
        "applied_operating_systems": "-",
        "simulation_and_modeling": "-",
        "artificial_intelligence_and_neural_networks": "-",
        "organization_and_management": "-",
        "analysis_and_design_of_algorithms": "F",
        "system_programming": "-",
        "sgpa": "-"
    },
    "18180107": {
        "applied_operating_systems": "-",
        "simulation_and_modeling": "-",
        "artificial_intelligence_and_neural_networks": "-",
        "organization_and_management": "-",
        "analysis_and_design_of_algorithms": "Abs",
        "system_programming": "-",
        "sgpa": "-"
    },
    "18180108": {
        "applied_operating_systems": "Abs",
        "simulation_and_modeling": "-",
        "artificial_intelligence_and_neural_networks": "F",
        "organization_and_management": "-",
        "analysis_and_design_of_algorithms": "-",
        "system_programming": "-",
        "sgpa": "-"
    },
    "18180117": {
        "applied_operating_systems": "Abs",
        "simulation_and_modeling": "-",
        "artificial_intelligence_and_neural_networks": "Abs",
        "organization_and_management": "-",
        "analysis_and_design_of_algorithms": "-",
        "system_programming": "Abs",
        "sgpa": "-"
    },
    "18180129": {
        "applied_operating_systems": "-",
        "simulation_and_modeling": "Abs",
        "artificial_intelligence_and_neural_networks": "-",
        "organization_and_management": "-",
        "analysis_and_design_of_algorithms": "-",
        "system_programming": "-",
        "sgpa": "-"
    },
    "18180139": {
        "applied_operating_systems": "-",
        "simulation_and_modeling": "A-",
        "artificial_intelligence_and_neural_networks": "-",
        "organization_and_management": "-",
        "analysis_and_design_of_algorithms": "-",
        "system_programming": "-",
        "sgpa": "-"
    },
    "18180140": {
        "applied_operating_systems": "-",
        "simulation_and_modeling": "Abs",
        "artificial_intelligence_and_neural_networks": "-",
        "organization_and_management": "-",
        "analysis_and_design_of_algorithms": "-",
        "system_programming": "-",
        "sgpa": "-"
    },
    "18180141": {
        "applied_operating_systems": "-",
        "simulation_and_modeling": "Abs",
        "artificial_intelligence_and_neural_networks": "-",
        "organization_and_management": "-",
        "analysis_and_design_of_algorithms": "-",
        "system_programming": "-",
        "sgpa": "-"
    },
    "19180001": {
        "applied_operating_systems": "B-",
        "simulation_and_modeling": "-",
        "artificial_intelligence_and_neural_networks": "-",
        "organization_and_management": "-",
        "analysis_and_design_of_algorithms": "C",
        "system_programming": "-",
        "sgpa": "-"
    },
    "19180008": {
        "applied_operating_systems": "-",
        "simulation_and_modeling": "B-",
        "artificial_intelligence_and_neural_networks": "-",
        "organization_and_management": "-",
        "analysis_and_design_of_algorithms": "-",
        "system_programming": "-",
        "sgpa": "-"
    },
    "19180009": {
        "applied_operating_systems": "F",
        "simulation_and_modeling": "-",
        "artificial_intelligence_and_neural_networks": "-",
        "organization_and_management": "-",
        "analysis_and_design_of_algorithms": "Abs",
        "system_programming": "-",
        "sgpa": "-"
    },
    "19180017": {
        "applied_operating_systems": "-",
        "simulation_and_modeling": "-",
        "artificial_intelligence_and_neural_networks": "-",
        "organization_and_management": "-",
        "analysis_and_design_of_algorithms": "-",
        "system_programming": "Abs",
        "sgpa": "-"
    },
    "19180018": {
        "applied_operating_systems": "C+",
        "simulation_and_modeling": "F",
        "artificial_intelligence_and_neural_networks": "-",
        "organization_and_management": "-",
        "analysis_and_design_of_algorithms": "-",
        "system_programming": "-",
        "sgpa": "-"
    },
    "19180019": {
        "applied_operating_systems": "-",
        "simulation_and_modeling": "F",
        "artificial_intelligence_and_neural_networks": "F",
        "organization_and_management": "-",
        "analysis_and_design_of_algorithms": "F",
        "system_programming": "-",
        "sgpa": "-"
    },
    "19180020": {
        "applied_operating_systems": "-",
        "simulation_and_modeling": "C",
        "artificial_intelligence_and_neural_networks": "-",
        "organization_and_management": "-",
        "analysis_and_design_of_algorithms": "-",
        "system_programming": "-",
        "sgpa": "-"
    },
    "19180022": {
        "applied_operating_systems": "Abs",
        "simulation_and_modeling": "Abs",
        "artificial_intelligence_and_neural_networks": "Abs",
        "organization_and_management": "-",
        "analysis_and_design_of_algorithms": "Abs",
        "system_programming": "Abs",
        "sgpa": "-"
    },
    "19180034": {
        "applied_operating_systems": "-",
        "simulation_and_modeling": "Abs",
        "artificial_intelligence_and_neural_networks": "-",
        "organization_and_management": "-",
        "analysis_and_design_of_algorithms": "-",
        "system_programming": "-",
        "sgpa": "-"
    },
    "19180052": {
        "applied_operating_systems": "-",
        "simulation_and_modeling": "Abs",
        "artificial_intelligence_and_neural_networks": "-",
        "organization_and_management": "-",
        "analysis_and_design_of_algorithms": "-",
        "system_programming": "-",
        "sgpa": "-"
    },
    "19180053": {
        "applied_operating_systems": "-",
        "simulation_and_modeling": "B-",
        "artificial_intelligence_and_neural_networks": "-",
        "organization_and_management": "-",
        "analysis_and_design_of_algorithms": "-",
        "system_programming": "-",
        "sgpa": "-"
    },
    "19180054": {
        "applied_operating_systems": "-",
        "simulation_and_modeling": "C",
        "artificial_intelligence_and_neural_networks": "-",
        "organization_and_management": "-",
        "analysis_and_design_of_algorithms": "-",
        "system_programming": "-",
        "sgpa": "-"
    },
    "19180055": {
        "applied_operating_systems": "-",
        "simulation_and_modeling": "-",
        "artificial_intelligence_and_neural_networks": "F",
        "organization_and_management": "-",
        "analysis_and_design_of_algorithms": "-",
        "system_programming": "-",
        "sgpa": "-"
    },
    "19180057": {
        "applied_operating_systems": "-",
        "simulation_and_modeling": "B",
        "artificial_intelligence_and_neural_networks": "F",
        "organization_and_management": "-",
        "analysis_and_design_of_algorithms": "-",
        "system_programming": "-",
        "sgpa": "-"
    },
    "19180058": {
        "applied_operating_systems": "C+",
        "simulation_and_modeling": "F",
        "artificial_intelligence_and_neural_networks": "-",
        "organization_and_management": "-",
        "analysis_and_design_of_algorithms": "Expelled",
        "system_programming": "-",
        "sgpa": "-"
    },
    "19180064": {
        "applied_operating_systems": "-",
        "simulation_and_modeling": "-",
        "artificial_intelligence_and_neural_networks": "-",
        "organization_and_management": "-",
        "analysis_and_design_of_algorithms": "C+",
        "system_programming": "-",
        "sgpa": "-"
    },
    "19180067": {
        "applied_operating_systems": "-",
        "simulation_and_modeling": "F",
        "artificial_intelligence_and_neural_networks": "-",
        "organization_and_management": "-",
        "analysis_and_design_of_algorithms": "-",
        "system_programming": "-",
        "sgpa": "-"
    },
    "19180072": {
        "applied_operating_systems": "-",
        "simulation_and_modeling": "B",
        "artificial_intelligence_and_neural_networks": "-",
        "organization_and_management": "-",
        "analysis_and_design_of_algorithms": "-",
        "system_programming": "-",
        "sgpa": "-"
    },
    "19180083": {
        "applied_operating_systems": "-",
        "simulation_and_modeling": "-",
        "artificial_intelligence_and_neural_networks": "B",
        "organization_and_management": "-",
        "analysis_and_design_of_algorithms": "C+",
        "system_programming": "-",
        "sgpa": "-"
    },
    "19180085": {
        "applied_operating_systems": "-",
        "simulation_and_modeling": "F",
        "artificial_intelligence_and_neural_networks": "-",
        "organization_and_management": "-",
        "analysis_and_design_of_algorithms": "-",
        "system_programming": "-",
        "sgpa": "-"
    },
    "19180086": {
        "applied_operating_systems": "-",
        "simulation_and_modeling": "F",
        "artificial_intelligence_and_neural_networks": "-",
        "organization_and_management": "-",
        "analysis_and_design_of_algorithms": "C",
        "system_programming": "-",
        "sgpa": "-"
    },
    "19180100": {
        "applied_operating_systems": "-",
        "simulation_and_modeling": "B+",
        "artificial_intelligence_and_neural_networks": "-",
        "organization_and_management": "-",
        "analysis_and_design_of_algorithms": "-",
        "system_programming": "-",
        "sgpa": "-"
    },
    "19180104": {
        "applied_operating_systems": "-",
        "simulation_and_modeling": "Abs",
        "artificial_intelligence_and_neural_networks": "-",
        "organization_and_management": "Abs",
        "analysis_and_design_of_algorithms": "-",
        "system_programming": "Abs",
        "sgpa": "-"
    },
    "19180107": {
        "applied_operating_systems": "-",
        "simulation_and_modeling": "Abs",
        "artificial_intelligence_and_neural_networks": "-",
        "organization_and_management": "-",
        "analysis_and_design_of_algorithms": "-",
        "system_programming": "Abs",
        "sgpa": "-"
    },
    "19180111": {
        "applied_operating_systems": "-",
        "simulation_and_modeling": "Abs",
        "artificial_intelligence_and_neural_networks": "Abs",
        "organization_and_management": "-",
        "analysis_and_design_of_algorithms": "-",
        "system_programming": "Abs",
        "sgpa": "-"
    },
    "19180113": {
        "applied_operating_systems": "B-",
        "simulation_and_modeling": "F",
        "artificial_intelligence_and_neural_networks": "-",
        "organization_and_management": "-",
        "analysis_and_design_of_algorithms": "Abs",
        "system_programming": "-",
        "sgpa": "-"
    },
    "19180116": {
        "applied_operating_systems": "C+",
        "simulation_and_modeling": "-",
        "artificial_intelligence_and_neural_networks": "-",
        "organization_and_management": "-",
        "analysis_and_design_of_algorithms": "-",
        "system_programming": "-",
        "sgpa": "-"
    },
    "19180117": {
        "applied_operating_systems": "-",
        "simulation_and_modeling": "-",
        "artificial_intelligence_and_neural_networks": "-",
        "organization_and_management": "-",
        "analysis_and_design_of_algorithms": "-",
        "system_programming": "C",
        "sgpa": "-"
    },
    "19180122": {
        "applied_operating_systems": "-",
        "simulation_and_modeling": "-",
        "artificial_intelligence_and_neural_networks": "-",
        "organization_and_management": "-",
        "analysis_and_design_of_algorithms": "-",
        "system_programming": "C+",
        "sgpa": "-"
    },
    "19180124": {
        "applied_operating_systems": "-",
        "simulation_and_modeling": "-",
        "artificial_intelligence_and_neural_networks": "-",
        "organization_and_management": "-",
        "analysis_and_design_of_algorithms": "-",
        "system_programming": "F",
        "sgpa": "-"
    },
    "19180129": {
        "applied_operating_systems": "-",
        "simulation_and_modeling": "-",
        "artificial_intelligence_and_neural_networks": "-",
        "organization_and_management": "C",
        "analysis_and_design_of_algorithms": "-",
        "system_programming": "-",
        "sgpa": "-"
    },
    "19180130": {
        "applied_operating_systems": "-",
        "simulation_and_modeling": "C+",
        "artificial_intelligence_and_neural_networks": "-",
        "organization_and_management": "-",
        "analysis_and_design_of_algorithms": "-",
        "system_programming": "-",
        "sgpa": "-"
    },
    "19180134": {
        "applied_operating_systems": "-",
        "simulation_and_modeling": "-",
        "artificial_intelligence_and_neural_networks": "-",
        "organization_and_management": "-",
        "analysis_and_design_of_algorithms": "C",
        "system_programming": "F",
        "sgpa": "-"
    },
    "19180137": {
        "applied_operating_systems": "-",
        "simulation_and_modeling": "-",
        "artificial_intelligence_and_neural_networks": "-",
        "organization_and_management": "B+",
        "analysis_and_design_of_algorithms": "-",
        "system_programming": "-",
        "sgpa": "-"
    },
    "19180145": {
        "applied_operating_systems": "-",
        "simulation_and_modeling": "-",
        "artificial_intelligence_and_neural_networks": "-",
        "organization_and_management": "-",
        "analysis_and_design_of_algorithms": "-",
        "system_programming": "F",
        "sgpa": "-"
    },
    "19180151": {
        "applied_operating_systems": "C+",
        "simulation_and_modeling": "-",
        "artificial_intelligence_and_neural_networks": "-",
        "organization_and_management": "-",
        "analysis_and_design_of_algorithms": "-",
        "system_programming": "-",
        "sgpa": "-"
    },
    "19180155": {
        "applied_operating_systems": "-",
        "simulation_and_modeling": "-",
        "artificial_intelligence_and_neural_networks": "-",
        "organization_and_management": "-",
        "analysis_and_design_of_algorithms": "-",
        "system_programming": "Abs",
        "sgpa": "-"
    },
    "19180157": {
        "applied_operating_systems": "-",
        "simulation_and_modeling": "F",
        "artificial_intelligence_and_neural_networks": "-",
        "organization_and_management": "-",
        "analysis_and_design_of_algorithms": "-",
        "system_programming": "-",
        "sgpa": "-"
    },
    "19180167": {
        "applied_operating_systems": "-",
        "simulation_and_modeling": "Abs",
        "artificial_intelligence_and_neural_networks": "-",
        "organization_and_management": "-",
        "analysis_and_design_of_algorithms": "-",
        "system_programming": "-",
        "sgpa": "-"
    },
    "19180182": {
        "applied_operating_systems": "-",
        "simulation_and_modeling": "F",
        "artificial_intelligence_and_neural_networks": "-",
        "organization_and_management": "-",
        "analysis_and_design_of_algorithms": "Abs",
        "system_programming": "-",
        "sgpa": "-"
    },
    "19180185": {
        "applied_operating_systems": "-",
        "simulation_and_modeling": "F",
        "artificial_intelligence_and_neural_networks": "-",
        "organization_and_management": "-",
        "analysis_and_design_of_algorithms": "-",
        "system_programming": "-",
        "sgpa": "-"
    },
    "20180003": {
        "applied_operating_systems": "-",
        "simulation_and_modeling": "B+",
        "artificial_intelligence_and_neural_networks": "-",
        "organization_and_management": "-",
        "analysis_and_design_of_algorithms": "-",
        "system_programming": "-",
        "sgpa": "-"
    },
    "20180004": {
        "applied_operating_systems": "-",
        "simulation_and_modeling": "B",
        "artificial_intelligence_and_neural_networks": "-",
        "organization_and_management": "-",
        "analysis_and_design_of_algorithms": "C",
        "system_programming": "-",
        "sgpa": "-"
    },
    "20180005": {
        "applied_operating_systems": "-",
        "simulation_and_modeling": "-",
        "artificial_intelligence_and_neural_networks": "-",
        "organization_and_management": "-",
        "analysis_and_design_of_algorithms": "-",
        "system_programming": "F",
        "sgpa": "-"
    },
    "20180013": {
        "applied_operating_systems": "-",
        "simulation_and_modeling": "-",
        "artificial_intelligence_and_neural_networks": "C",
        "organization_and_management": "-",
        "analysis_and_design_of_algorithms": "-",
        "system_programming": "-",
        "sgpa": "-"
    },
    "20180017": {
        "applied_operating_systems": "A-",
        "simulation_and_modeling": "-",
        "artificial_intelligence_and_neural_networks": "-",
        "organization_and_management": "-",
        "analysis_and_design_of_algorithms": "C",
        "system_programming": "-",
        "sgpa": "-"
    },
    "20180018": {
        "applied_operating_systems": "-",
        "simulation_and_modeling": "-",
        "artificial_intelligence_and_neural_networks": "-",
        "organization_and_management": "-",
        "analysis_and_design_of_algorithms": "Abs",
        "system_programming": "-",
        "sgpa": "-"
    },
    "20180021": {
        "applied_operating_systems": "-",
        "simulation_and_modeling": "-",
        "artificial_intelligence_and_neural_networks": "-",
        "organization_and_management": "-",
        "analysis_and_design_of_algorithms": "C",
        "system_programming": "C",
        "sgpa": "-"
    },
    "20180026": {
        "applied_operating_systems": "-",
        "simulation_and_modeling": "-",
        "artificial_intelligence_and_neural_networks": "-",
        "organization_and_management": "-",
        "analysis_and_design_of_algorithms": "C",
        "system_programming": "F",
        "sgpa": "-"
    },
    "20180035": {
        "applied_operating_systems": "-",
        "simulation_and_modeling": "F",
        "artificial_intelligence_and_neural_networks": "-",
        "organization_and_management": "-",
        "analysis_and_design_of_algorithms": "B-",
        "system_programming": "-",
        "sgpa": "-"
    },
    "20180038": {
        "applied_operating_systems": "-",
        "simulation_and_modeling": "-",
        "artificial_intelligence_and_neural_networks": "C",
        "organization_and_management": "-",
        "analysis_and_design_of_algorithms": "F",
        "system_programming": "F",
        "sgpa": "-"
    },
    "20180044": {
        "applied_operating_systems": "-",
        "simulation_and_modeling": "-",
        "artificial_intelligence_and_neural_networks": "C",
        "organization_and_management": "-",
        "analysis_and_design_of_algorithms": "C",
        "system_programming": "F",
        "sgpa": "-"
    },
    "20180048": {
        "applied_operating_systems": "-",
        "simulation_and_modeling": "F",
        "artificial_intelligence_and_neural_networks": "-",
        "organization_and_management": "-",
        "analysis_and_design_of_algorithms": "B-",
        "system_programming": "-",
        "sgpa": "-"
    },
    "20180050": {
        "applied_operating_systems": "-",
        "simulation_and_modeling": "-",
        "artificial_intelligence_and_neural_networks": "-",
        "organization_and_management": "-",
        "analysis_and_design_of_algorithms": "F",
        "system_programming": "-",
        "sgpa": "-"
    },
    "20180056": {
        "applied_operating_systems": "-",
        "simulation_and_modeling": "-",
        "artificial_intelligence_and_neural_networks": "F",
        "organization_and_management": "-",
        "analysis_and_design_of_algorithms": "F",
        "system_programming": "-",
        "sgpa": "-"
    },
    "20180063": {
        "applied_operating_systems": "-",
        "simulation_and_modeling": "C",
        "artificial_intelligence_and_neural_networks": "-",
        "organization_and_management": "-",
        "analysis_and_design_of_algorithms": "C",
        "system_programming": "-",
        "sgpa": "-"
    },
    "20180065": {
        "applied_operating_systems": "-",
        "simulation_and_modeling": "-",
        "artificial_intelligence_and_neural_networks": "-",
        "organization_and_management": "-",
        "analysis_and_design_of_algorithms": "B+",
        "system_programming": "-",
        "sgpa": "-"
    },
    "20180066": {
        "applied_operating_systems": "-",
        "simulation_and_modeling": "-",
        "artificial_intelligence_and_neural_networks": "C",
        "organization_and_management": "-",
        "analysis_and_design_of_algorithms": "B",
        "system_programming": "-",
        "sgpa": "-"
    },
    "20180070": {
        "applied_operating_systems": "-",
        "simulation_and_modeling": "B-",
        "artificial_intelligence_and_neural_networks": "-",
        "organization_and_management": "-",
        "analysis_and_design_of_algorithms": "F",
        "system_programming": "-",
        "sgpa": "-"
    },
    "20180074": {
        "applied_operating_systems": "-",
        "simulation_and_modeling": "-",
        "artificial_intelligence_and_neural_networks": "F",
        "organization_and_management": "-",
        "analysis_and_design_of_algorithms": "-",
        "system_programming": "-",
        "sgpa": "-"
    },
    "20180077": {
        "applied_operating_systems": "-",
        "simulation_and_modeling": "-",
        "artificial_intelligence_and_neural_networks": "F",
        "organization_and_management": "-",
        "analysis_and_design_of_algorithms": "F",
        "system_programming": "-",
        "sgpa": "-"
    },
    "20180087": {
        "applied_operating_systems": "-",
        "simulation_and_modeling": "-",
        "artificial_intelligence_and_neural_networks": "-",
        "organization_and_management": "-",
        "analysis_and_design_of_algorithms": "-",
        "system_programming": "F",
        "sgpa": "-"
    },
    "20180089": {
        "applied_operating_systems": "-",
        "simulation_and_modeling": "-",
        "artificial_intelligence_and_neural_networks": "-",
        "organization_and_management": "-",
        "analysis_and_design_of_algorithms": "-",
        "system_programming": "C+",
        "sgpa": "-"
    },
    "20180093": {
        "applied_operating_systems": "-",
        "simulation_and_modeling": "-",
        "artificial_intelligence_and_neural_networks": "-",
        "organization_and_management": "-",
        "analysis_and_design_of_algorithms": "-",
        "system_programming": "Abs",
        "sgpa": "-"
    },
    "20180100": {
        "applied_operating_systems": "-",
        "simulation_and_modeling": "-",
        "artificial_intelligence_and_neural_networks": "-",
        "organization_and_management": "-",
        "analysis_and_design_of_algorithms": "C",
        "system_programming": "-",
        "sgpa": "-"
    },
    "20180102": {
        "applied_operating_systems": "-",
        "simulation_and_modeling": "B-",
        "artificial_intelligence_and_neural_networks": "-",
        "organization_and_management": "-",
        "analysis_and_design_of_algorithms": "C",
        "system_programming": "-",
        "sgpa": "-"
    },
    "20180104": {
        "applied_operating_systems": "-",
        "simulation_and_modeling": "-",
        "artificial_intelligence_and_neural_networks": "-",
        "organization_and_management": "-",
        "analysis_and_design_of_algorithms": "Abs",
        "system_programming": "Abs",
        "sgpa": "-"
    },
    "20180105": {
        "applied_operating_systems": "-",
        "simulation_and_modeling": "-",
        "artificial_intelligence_and_neural_networks": "-",
        "organization_and_management": "-",
        "analysis_and_design_of_algorithms": "C",
        "system_programming": "-",
        "sgpa": "-"
    },
    "20180108": {
        "applied_operating_systems": "-",
        "simulation_and_modeling": "-",
        "artificial_intelligence_and_neural_networks": "-",
        "organization_and_management": "-",
        "analysis_and_design_of_algorithms": "F",
        "system_programming": "-",
        "sgpa": "-"
    },
    "20180110": {
        "applied_operating_systems": "-",
        "simulation_and_modeling": "F",
        "artificial_intelligence_and_neural_networks": "-",
        "organization_and_management": "-",
        "analysis_and_design_of_algorithms": "-",
        "system_programming": "-",
        "sgpa": "-"
    },
    "20180114": {
        "applied_operating_systems": "-",
        "simulation_and_modeling": "-",
        "artificial_intelligence_and_neural_networks": "-",
        "organization_and_management": "-",
        "analysis_and_design_of_algorithms": "B+",
        "system_programming": "-",
        "sgpa": "-"
    },
    "20180118": {
        "applied_operating_systems": "-",
        "simulation_and_modeling": "-",
        "artificial_intelligence_and_neural_networks": "-",
        "organization_and_management": "-",
        "analysis_and_design_of_algorithms": "F",
        "system_programming": "-",
        "sgpa": "-"
    },
    "20180124": {
        "applied_operating_systems": "-",
        "simulation_and_modeling": "-",
        "artificial_intelligence_and_neural_networks": "-",
        "organization_and_management": "-",
        "analysis_and_design_of_algorithms": "C",
        "system_programming": "-",
        "sgpa": "-"
    },
    "20180127": {
        "applied_operating_systems": "-",
        "simulation_and_modeling": "-",
        "artificial_intelligence_and_neural_networks": "-",
        "organization_and_management": "-",
        "analysis_and_design_of_algorithms": "Abs",
        "system_programming": "-",
        "sgpa": "-"
    },
    "20180131": {
        "applied_operating_systems": "C+",
        "simulation_and_modeling": "F",
        "artificial_intelligence_and_neural_networks": "-",
        "organization_and_management": "-",
        "analysis_and_design_of_algorithms": "C",
        "system_programming": "Abs",
        "sgpa": "-"
    },
    "20180141": {
        "applied_operating_systems": "-",
        "simulation_and_modeling": "-",
        "artificial_intelligence_and_neural_networks": "-",
        "organization_and_management": "-",
        "analysis_and_design_of_algorithms": "Abs",
        "system_programming": "Abs",
        "sgpa": "-"
    },
    "20180143": {
        "applied_operating_systems": "-",
        "simulation_and_modeling": "B-",
        "artificial_intelligence_and_neural_networks": "-",
        "organization_and_management": "-",
        "analysis_and_design_of_algorithms": "C",
        "system_programming": "-",
        "sgpa": "-"
    },
    "20180145": {
        "applied_operating_systems": "Abs",
        "simulation_and_modeling": "Abs",
        "artificial_intelligence_and_neural_networks": "-",
        "organization_and_management": "-",
        "analysis_and_design_of_algorithms": "Abs",
        "system_programming": "Abs",
        "sgpa": "-"
    },
    "20180147": {
        "applied_operating_systems": "-",
        "simulation_and_modeling": "-",
        "artificial_intelligence_and_neural_networks": "F",
        "organization_and_management": "-",
        "analysis_and_design_of_algorithms": "-",
        "system_programming": "-",
        "sgpa": "-"
    },
    "20180148": {
        "applied_operating_systems": "-",
        "simulation_and_modeling": "-",
        "artificial_intelligence_and_neural_networks": "-",
        "organization_and_management": "-",
        "analysis_and_design_of_algorithms": "B",
        "system_programming": "-",
        "sgpa": "-"
    },
    "20180149": {
        "applied_operating_systems": "-",
        "simulation_and_modeling": "-",
        "artificial_intelligence_and_neural_networks": "-",
        "organization_and_management": "-",
        "analysis_and_design_of_algorithms": "-",
        "system_programming": "F",
        "sgpa": "-"
    },
    "20180155": {
        "applied_operating_systems": "-",
        "simulation_and_modeling": "-",
        "artificial_intelligence_and_neural_networks": "F",
        "organization_and_management": "-",
        "analysis_and_design_of_algorithms": "-",
        "system_programming": "-",
        "sgpa": "-"
    },
    "20180163": {
        "applied_operating_systems": "-",
        "simulation_and_modeling": "-",
        "artificial_intelligence_and_neural_networks": "-",
        "organization_and_management": "-",
        "analysis_and_design_of_algorithms": "Abs",
        "system_programming": "Abs",
        "sgpa": "-"
    },
    "20180165": {
        "applied_operating_systems": "-",
        "simulation_and_modeling": "Abs",
        "artificial_intelligence_and_neural_networks": "-",
        "organization_and_management": "-",
        "analysis_and_design_of_algorithms": "-",
        "system_programming": "-",
        "sgpa": "-"
    },
    "20180172": {
        "applied_operating_systems": "-",
        "simulation_and_modeling": "-",
        "artificial_intelligence_and_neural_networks": "-",
        "organization_and_management": "-",
        "analysis_and_design_of_algorithms": "Abs",
        "system_programming": "-",
        "sgpa": "-"
    },
    "20180175": {
        "applied_operating_systems": "-",
        "simulation_and_modeling": "-",
        "artificial_intelligence_and_neural_networks": "-",
        "organization_and_management": "-",
        "analysis_and_design_of_algorithms": "F",
        "system_programming": "-",
        "sgpa": "-"
    },
    "20180177": {
        "applied_operating_systems": "-",
        "simulation_and_modeling": "Abs",
        "artificial_intelligence_and_neural_networks": "-",
        "organization_and_management": "-",
        "analysis_and_design_of_algorithms": "Abs",
        "system_programming": "Abs",
        "sgpa": "-"
    },
    "20180178": {
        "applied_operating_systems": "-",
        "simulation_and_modeling": "-",
        "artificial_intelligence_and_neural_networks": "-",
        "organization_and_management": "-",
        "analysis_and_design_of_algorithms": "B-",
        "system_programming": "-",
        "sgpa": "-"
    },
    "20180180": {
        "applied_operating_systems": "-",
        "simulation_and_modeling": "-",
        "artificial_intelligence_and_neural_networks": "-",
        "organization_and_management": "-",
        "analysis_and_design_of_algorithms": "Abs",
        "system_programming": "-",
        "sgpa": "-"
    },
    "20180181": {
        "applied_operating_systems": "-",
        "simulation_and_modeling": "-",
        "artificial_intelligence_and_neural_networks": "-",
        "organization_and_management": "-",
        "analysis_and_design_of_algorithms": "Abs",
        "system_programming": "-",
        "sgpa": "-"
    },
    "20180182": {
        "applied_operating_systems": "-",
        "simulation_and_modeling": "-",
        "artificial_intelligence_and_neural_networks": "-",
        "organization_and_management": "-",
        "analysis_and_design_of_algorithms": "C",
        "system_programming": "C",
        "sgpa": "-"
    },
    "20180183": {
        "applied_operating_systems": "-",
        "simulation_and_modeling": "-",
        "artificial_intelligence_and_neural_networks": "-",
        "organization_and_management": "-",
        "analysis_and_design_of_algorithms": "Abs",
        "system_programming": "-",
        "sgpa": "-"
    },
    "21180002": {
        "applied_operating_systems": "A",
        "simulation_and_modeling": "A",
        "artificial_intelligence_and_neural_networks": "A-",
        "organization_and_management": "B+",
        "analysis_and_design_of_algorithms": "B+",
        "system_programming": "A",
        "sgpa": "3.74"
    },
    "21180003": {
        "applied_operating_systems": "F",
        "simulation_and_modeling": "F",
        "artificial_intelligence_and_neural_networks": "F",
        "organization_and_management": "F",
        "analysis_and_design_of_algorithms": "CNR",
        "system_programming": "F",
        "sgpa": "-"
    },
    "21180004": {
        "applied_operating_systems": "B-",
        "simulation_and_modeling": "F",
        "artificial_intelligence_and_neural_networks": "F",
        "organization_and_management": "C+",
        "analysis_and_design_of_algorithms": "F",
        "system_programming": "C",
        "sgpa": "-"
    },
    "21180005": {
        "applied_operating_systems": "B-",
        "simulation_and_modeling": "F",
        "artificial_intelligence_and_neural_networks": "F",
        "organization_and_management": "B",
        "analysis_and_design_of_algorithms": "CNR",
        "system_programming": "F",
        "sgpa": "-"
    },
    "21180006": {
        "applied_operating_systems": "F",
        "simulation_and_modeling": "F",
        "artificial_intelligence_and_neural_networks": "F",
        "organization_and_management": "C+",
        "analysis_and_design_of_algorithms": "CNR",
        "system_programming": "F",
        "sgpa": "-"
    },
    "21180007": {
        "applied_operating_systems": "C",
        "simulation_and_modeling": "F",
        "artificial_intelligence_and_neural_networks": "F",
        "organization_and_management": "F",
        "analysis_and_design_of_algorithms": "CNR",
        "system_programming": "F",
        "sgpa": "-"
    },
    "21180008": {
        "applied_operating_systems": "A-",
        "simulation_and_modeling": "B+",
        "artificial_intelligence_and_neural_networks": "A-",
        "organization_and_management": "B-",
        "analysis_and_design_of_algorithms": "A-",
        "system_programming": "B",
        "sgpa": "3.39"
    },
    "21180009": {
        "applied_operating_systems": "B",
        "simulation_and_modeling": "B+",
        "artificial_intelligence_and_neural_networks": "B",
        "organization_and_management": "A-",
        "analysis_and_design_of_algorithms": "A",
        "system_programming": "B+",
        "sgpa": "3.36"
    },
    "21180010": {
        "applied_operating_systems": "B+",
        "simulation_and_modeling": "F",
        "artificial_intelligence_and_neural_networks": "F",
        "organization_and_management": "B",
        "analysis_and_design_of_algorithms": "CNR",
        "system_programming": "Abs",
        "sgpa": "-"
    },
    "21180011": {
        "applied_operating_systems": "B+",
        "simulation_and_modeling": "A-",
        "artificial_intelligence_and_neural_networks": "B+",
        "organization_and_management": "B-",
        "analysis_and_design_of_algorithms": "A-",
        "system_programming": "B-",
        "sgpa": "3.26"
    },
    "21180012": {
        "applied_operating_systems": "A-",
        "simulation_and_modeling": "B",
        "artificial_intelligence_and_neural_networks": "A-",
        "organization_and_management": "B+",
        "analysis_and_design_of_algorithms": "C",
        "system_programming": "B-",
        "sgpa": "3.05"
    },
    "21180013": {
        "applied_operating_systems": "B",
        "simulation_and_modeling": "F",
        "artificial_intelligence_and_neural_networks": "F",
        "organization_and_management": "B",
        "analysis_and_design_of_algorithms": "F",
        "system_programming": "F",
        "sgpa": "-"
    },
    "21180014": {
        "applied_operating_systems": "A-",
        "simulation_and_modeling": "F",
        "artificial_intelligence_and_neural_networks": "B",
        "organization_and_management": "B",
        "analysis_and_design_of_algorithms": "A-",
        "system_programming": "B+",
        "sgpa": "-"
    },
    "21180015": {
        "applied_operating_systems": "F",
        "simulation_and_modeling": "F",
        "artificial_intelligence_and_neural_networks": "F",
        "organization_and_management": "D+",
        "analysis_and_design_of_algorithms": "CNR",
        "system_programming": "F",
        "sgpa": "-"
    },
    "21180016": {
        "applied_operating_systems": "A-",
        "simulation_and_modeling": "B",
        "artificial_intelligence_and_neural_networks": "B",
        "organization_and_management": "B",
        "analysis_and_design_of_algorithms": "B",
        "system_programming": "B-",
        "sgpa": "3.07"
    },
    "21180017": {
        "applied_operating_systems": "A-",
        "simulation_and_modeling": "A",
        "artificial_intelligence_and_neural_networks": "A",
        "organization_and_management": "B+",
        "analysis_and_design_of_algorithms": "A",
        "system_programming": "A-",
        "sgpa": "3.81"
    },
    "21180018": {
        "applied_operating_systems": "F",
        "simulation_and_modeling": "F",
        "artificial_intelligence_and_neural_networks": "F",
        "organization_and_management": "F",
        "analysis_and_design_of_algorithms": "CNR",
        "system_programming": "F",
        "sgpa": "-"
    },
    "21180019": {
        "applied_operating_systems": "B",
        "simulation_and_modeling": "F",
        "artificial_intelligence_and_neural_networks": "C-",
        "organization_and_management": "B-",
        "analysis_and_design_of_algorithms": "F",
        "system_programming": "C",
        "sgpa": "-"
    },
    "21180020": {
        "applied_operating_systems": "C+",
        "simulation_and_modeling": "F",
        "artificial_intelligence_and_neural_networks": "F",
        "organization_and_management": "C",
        "analysis_and_design_of_algorithms": "F",
        "system_programming": "F",
        "sgpa": "-"
    },
    "21180021": {
        "applied_operating_systems": "B",
        "simulation_and_modeling": "F",
        "artificial_intelligence_and_neural_networks": "C",
        "organization_and_management": "C+",
        "analysis_and_design_of_algorithms": "F",
        "system_programming": "F",
        "sgpa": "-"
    },
    "21180022": {
        "applied_operating_systems": "C+",
        "simulation_and_modeling": "F",
        "artificial_intelligence_and_neural_networks": "F",
        "organization_and_management": "C-",
        "analysis_and_design_of_algorithms": "F",
        "system_programming": "F",
        "sgpa": "-"
    },
    "21180023": {
        "applied_operating_systems": "B",
        "simulation_and_modeling": "C+",
        "artificial_intelligence_and_neural_networks": "B+",
        "organization_and_management": "B-",
        "analysis_and_design_of_algorithms": "B",
        "system_programming": "A-",
        "sgpa": "3.02"
    },
    "21180024": {
        "applied_operating_systems": "C+",
        "simulation_and_modeling": "Abs",
        "artificial_intelligence_and_neural_networks": "F",
        "organization_and_management": "C-",
        "analysis_and_design_of_algorithms": "Abs",
        "system_programming": "F",
        "sgpa": "-"
    },
    "21180025": {
        "applied_operating_systems": "B-",
        "simulation_and_modeling": "C",
        "artificial_intelligence_and_neural_networks": "F",
        "organization_and_management": "C",
        "analysis_and_design_of_algorithms": "B-",
        "system_programming": "C",
        "sgpa": "-"
    },
    "21180026": {
        "applied_operating_systems": "F",
        "simulation_and_modeling": "F",
        "artificial_intelligence_and_neural_networks": "F",
        "organization_and_management": "C+",
        "analysis_and_design_of_algorithms": "Abs",
        "system_programming": "F",
        "sgpa": "-"
    },
    "21180027": {
        "applied_operating_systems": "A-",
        "simulation_and_modeling": "B",
        "artificial_intelligence_and_neural_networks": "A-",
        "organization_and_management": "B",
        "analysis_and_design_of_algorithms": "B+",
        "system_programming": "B-",
        "sgpa": "3.25"
    },
    "21180028": {
        "applied_operating_systems": "A-",
        "simulation_and_modeling": "A",
        "artificial_intelligence_and_neural_networks": "A-",
        "organization_and_management": "B+",
        "analysis_and_design_of_algorithms": "A-",
        "system_programming": "A-",
        "sgpa": "3.71"
    },
    "21180029": {
        "applied_operating_systems": "A-",
        "simulation_and_modeling": "A-",
        "artificial_intelligence_and_neural_networks": "B",
        "organization_and_management": "B-",
        "analysis_and_design_of_algorithms": "C",
        "system_programming": "A-",
        "sgpa": "3.16"
    },
    "21180030": {
        "applied_operating_systems": "Abs",
        "simulation_and_modeling": "F",
        "artificial_intelligence_and_neural_networks": "F",
        "organization_and_management": "Abs",
        "analysis_and_design_of_algorithms": "CNR",
        "system_programming": "Abs",
        "sgpa": "-"
    },
    "21180031": {
        "applied_operating_systems": "C+",
        "simulation_and_modeling": "F",
        "artificial_intelligence_and_neural_networks": "F",
        "organization_and_management": "C",
        "analysis_and_design_of_algorithms": "F",
        "system_programming": "F",
        "sgpa": "-"
    },
    "21180032": {
        "applied_operating_systems": "F",
        "simulation_and_modeling": "F",
        "artificial_intelligence_and_neural_networks": "F",
        "organization_and_management": "B-",
        "analysis_and_design_of_algorithms": "CNR",
        "system_programming": "F",
        "sgpa": "-"
    },
    "21180033": {
        "applied_operating_systems": "F",
        "simulation_and_modeling": "F",
        "artificial_intelligence_and_neural_networks": "F",
        "organization_and_management": "B-",
        "analysis_and_design_of_algorithms": "Abs",
        "system_programming": "Abs",
        "sgpa": "-"
    },
    "21180034": {
        "applied_operating_systems": "F",
        "simulation_and_modeling": "F",
        "artificial_intelligence_and_neural_networks": "F",
        "organization_and_management": "B-",
        "analysis_and_design_of_algorithms": "Abs",
        "system_programming": "Abs",
        "sgpa": "-"
    },
    "21180035": {
        "applied_operating_systems": "B+",
        "simulation_and_modeling": "F",
        "artificial_intelligence_and_neural_networks": "B+",
        "organization_and_management": "B+",
        "analysis_and_design_of_algorithms": "B+",
        "system_programming": "B+",
        "sgpa": "-"
    },
    "21180036": {
        "applied_operating_systems": "C+",
        "simulation_and_modeling": "F",
        "artificial_intelligence_and_neural_networks": "C",
        "organization_and_management": "C+",
        "analysis_and_design_of_algorithms": "C+",
        "system_programming": "F",
        "sgpa": "-"
    },
    "21180037": {
        "applied_operating_systems": "Abs",
        "simulation_and_modeling": "F",
        "artificial_intelligence_and_neural_networks": "F",
        "organization_and_management": "C",
        "analysis_and_design_of_algorithms": "CNR",
        "system_programming": "F",
        "sgpa": "-"
    },
    "21180038": {
        "applied_operating_systems": "A",
        "simulation_and_modeling": "A-",
        "artificial_intelligence_and_neural_networks": "B+",
        "organization_and_management": "B",
        "analysis_and_design_of_algorithms": "A",
        "system_programming": "A-",
        "sgpa": "3.65"
    },
    "21180039": {
        "applied_operating_systems": "B-",
        "simulation_and_modeling": "F",
        "artificial_intelligence_and_neural_networks": "F",
        "organization_and_management": "B",
        "analysis_and_design_of_algorithms": "CNR",
        "system_programming": "F",
        "sgpa": "-"
    },
    "21180040": {
        "applied_operating_systems": "A-",
        "simulation_and_modeling": "B-",
        "artificial_intelligence_and_neural_networks": "B-",
        "organization_and_management": "B+",
        "analysis_and_design_of_algorithms": "C",
        "system_programming": "A-",
        "sgpa": "3.00"
    },
    "21180041": {
        "applied_operating_systems": "B+",
        "simulation_and_modeling": "B-",
        "artificial_intelligence_and_neural_networks": "A-",
        "organization_and_management": "B-",
        "analysis_and_design_of_algorithms": "B+",
        "system_programming": "A-",
        "sgpa": "3.26"
    },
    "21180042": {
        "applied_operating_systems": "B+",
        "simulation_and_modeling": "F",
        "artificial_intelligence_and_neural_networks": "F",
        "organization_and_management": "B",
        "analysis_and_design_of_algorithms": "F",
        "system_programming": "F",
        "sgpa": "-"
    },
    "21180043": {
        "applied_operating_systems": "F",
        "simulation_and_modeling": "F",
        "artificial_intelligence_and_neural_networks": "F",
        "organization_and_management": "C-",
        "analysis_and_design_of_algorithms": "F",
        "system_programming": "F",
        "sgpa": "-"
    },
    "21180044": {
        "applied_operating_systems": "A",
        "simulation_and_modeling": "B",
        "artificial_intelligence_and_neural_networks": "A",
        "organization_and_management": "B",
        "analysis_and_design_of_algorithms": "A",
        "system_programming": "F",
        "sgpa": "-"
    },
    "21180045": {
        "applied_operating_systems": "B-",
        "simulation_and_modeling": "F",
        "artificial_intelligence_and_neural_networks": "F",
        "organization_and_management": "B-",
        "analysis_and_design_of_algorithms": "C+",
        "system_programming": "C+",
        "sgpa": "-"
    },
    "21180046": {
        "applied_operating_systems": "C+",
        "simulation_and_modeling": "C+",
        "artificial_intelligence_and_neural_networks": "B-",
        "organization_and_management": "B",
        "analysis_and_design_of_algorithms": "B-",
        "system_programming": "F",
        "sgpa": "-"
    },
    "21180047": {
        "applied_operating_systems": "C+",
        "simulation_and_modeling": "F",
        "artificial_intelligence_and_neural_networks": "F",
        "organization_and_management": "B-",
        "analysis_and_design_of_algorithms": "F",
        "system_programming": "F",
        "sgpa": "-"
    },
    "21180048": {
        "applied_operating_systems": "B+",
        "simulation_and_modeling": "B-",
        "artificial_intelligence_and_neural_networks": "C-",
        "organization_and_management": "C+",
        "analysis_and_design_of_algorithms": "C",
        "system_programming": "B-",
        "sgpa": "2.46"
    },
    "21180049": {
        "applied_operating_systems": "F",
        "simulation_and_modeling": "F",
        "artificial_intelligence_and_neural_networks": "F",
        "organization_and_management": "B",
        "analysis_and_design_of_algorithms": "C",
        "system_programming": "F",
        "sgpa": "-"
    },
    "21180050": {
        "applied_operating_systems": "B-",
        "simulation_and_modeling": "F",
        "artificial_intelligence_and_neural_networks": "B-",
        "organization_and_management": "C",
        "analysis_and_design_of_algorithms": "F",
        "system_programming": "C",
        "sgpa": "-"
    },
    "21180051": {
        "applied_operating_systems": "B-",
        "simulation_and_modeling": "F",
        "artificial_intelligence_and_neural_networks": "C-",
        "organization_and_management": "D+",
        "analysis_and_design_of_algorithms": "C-",
        "system_programming": "C",
        "sgpa": "-"
    },
    "21180052": {
        "applied_operating_systems": "B",
        "simulation_and_modeling": "F",
        "artificial_intelligence_and_neural_networks": "B",
        "organization_and_management": "C",
        "analysis_and_design_of_algorithms": "C",
        "system_programming": "D+",
        "sgpa": "-"
    },
    "21180053": {
        "applied_operating_systems": "B",
        "simulation_and_modeling": "B",
        "artificial_intelligence_and_neural_networks": "C-",
        "organization_and_management": "B-",
        "analysis_and_design_of_algorithms": "B-",
        "system_programming": "C+",
        "sgpa": "2.56"
    },
    "21180054": {
        "applied_operating_systems": "Abs",
        "simulation_and_modeling": "Abs",
        "artificial_intelligence_and_neural_networks": "F",
        "organization_and_management": "D+",
        "analysis_and_design_of_algorithms": "CNR",
        "system_programming": "Abs",
        "sgpa": "-"
    },
    "21180055": {
        "applied_operating_systems": "F",
        "simulation_and_modeling": "Abs",
        "artificial_intelligence_and_neural_networks": "Abs",
        "organization_and_management": "F",
        "analysis_and_design_of_algorithms": "CNR",
        "system_programming": "Abs",
        "sgpa": "-"
    },
    "21180056": {
        "applied_operating_systems": "B-",
        "simulation_and_modeling": "F",
        "artificial_intelligence_and_neural_networks": "F",
        "organization_and_management": "B",
        "analysis_and_design_of_algorithms": "F",
        "system_programming": "F",
        "sgpa": "-"
    },
    "21180057": {
        "applied_operating_systems": "F",
        "simulation_and_modeling": "Abs",
        "artificial_intelligence_and_neural_networks": "F",
        "organization_and_management": "D+",
        "analysis_and_design_of_algorithms": "CNR",
        "system_programming": "F",
        "sgpa": "-"
    },
    "21180058": {
        "applied_operating_systems": "B",
        "simulation_and_modeling": "C+",
        "artificial_intelligence_and_neural_networks": "C+",
        "organization_and_management": "B+",
        "analysis_and_design_of_algorithms": "B+",
        "system_programming": "B",
        "sgpa": "2.84"
    },
    "21180059": {
        "applied_operating_systems": "A-",
        "simulation_and_modeling": "F",
        "artificial_intelligence_and_neural_networks": "A-",
        "organization_and_management": "B",
        "analysis_and_design_of_algorithms": "C",
        "system_programming": "C",
        "sgpa": "-"
    },
    "21180060": {
        "applied_operating_systems": "F",
        "simulation_and_modeling": "F",
        "artificial_intelligence_and_neural_networks": "F",
        "organization_and_management": "C",
        "analysis_and_design_of_algorithms": "CNR",
        "system_programming": "F",
        "sgpa": "-"
    },
    "21180061": {
        "applied_operating_systems": "B-",
        "simulation_and_modeling": "F",
        "artificial_intelligence_and_neural_networks": "F",
        "organization_and_management": "B-",
        "analysis_and_design_of_algorithms": "C+",
        "system_programming": "F",
        "sgpa": "-"
    },
    "21180062": {
        "applied_operating_systems": "B-",
        "simulation_and_modeling": "Abs",
        "artificial_intelligence_and_neural_networks": "F",
        "organization_and_management": "C",
        "analysis_and_design_of_algorithms": "C+",
        "system_programming": "F",
        "sgpa": "-"
    },
    "21180063": {
        "applied_operating_systems": "C+",
        "simulation_and_modeling": "B-",
        "artificial_intelligence_and_neural_networks": "C",
        "organization_and_management": "C",
        "analysis_and_design_of_algorithms": "C",
        "system_programming": "C-",
        "sgpa": "2.12"
    },
    "21180064": {
        "applied_operating_systems": "B",
        "simulation_and_modeling": "C+",
        "artificial_intelligence_and_neural_networks": "C+",
        "organization_and_management": "C+",
        "analysis_and_design_of_algorithms": "B-",
        "system_programming": "C",
        "sgpa": "2.44"
    },
    "21180065": {
        "applied_operating_systems": "C+",
        "simulation_and_modeling": "F",
        "artificial_intelligence_and_neural_networks": "F",
        "organization_and_management": "C+",
        "analysis_and_design_of_algorithms": "B-",
        "system_programming": "F",
        "sgpa": "-"
    },
    "21180066": {
        "applied_operating_systems": "A-",
        "simulation_and_modeling": "C",
        "artificial_intelligence_and_neural_networks": "B",
        "organization_and_management": "B-",
        "analysis_and_design_of_algorithms": "C+",
        "system_programming": "A-",
        "sgpa": "2.91"
    },
    "21180067": {
        "applied_operating_systems": "C+",
        "simulation_and_modeling": "C",
        "artificial_intelligence_and_neural_networks": "C+",
        "organization_and_management": "B+",
        "analysis_and_design_of_algorithms": "B+",
        "system_programming": "C+",
        "sgpa": "2.54"
    },
    "21180068": {
        "applied_operating_systems": "C+",
        "simulation_and_modeling": "C",
        "artificial_intelligence_and_neural_networks": "C",
        "organization_and_management": "B+",
        "analysis_and_design_of_algorithms": "C",
        "system_programming": "F",
        "sgpa": "-"
    },
    "21180069": {
        "applied_operating_systems": "A",
        "simulation_and_modeling": "A-",
        "artificial_intelligence_and_neural_networks": "A",
        "organization_and_management": "A-",
        "analysis_and_design_of_algorithms": "A-",
        "system_programming": "A",
        "sgpa": "3.86"
    },
    "21180070": {
        "applied_operating_systems": "B-",
        "simulation_and_modeling": "C",
        "artificial_intelligence_and_neural_networks": "B",
        "organization_and_management": "C",
        "analysis_and_design_of_algorithms": "B",
        "system_programming": "C+",
        "sgpa": "2.53"
    },
    "21180071": {
        "applied_operating_systems": "Abs",
        "simulation_and_modeling": "Abs",
        "artificial_intelligence_and_neural_networks": "Abs",
        "organization_and_management": "Abs",
        "analysis_and_design_of_algorithms": "Abs",
        "system_programming": "F",
        "sgpa": "-"
    },
    "21180072": {
        "applied_operating_systems": "A-",
        "simulation_and_modeling": "C+",
        "artificial_intelligence_and_neural_networks": "B",
        "organization_and_management": "B+",
        "analysis_and_design_of_algorithms": "B-",
        "system_programming": "B",
        "sgpa": "2.98"
    },
    "21180073": {
        "applied_operating_systems": "A-",
        "simulation_and_modeling": "B-",
        "artificial_intelligence_and_neural_networks": "B",
        "organization_and_management": "B-",
        "analysis_and_design_of_algorithms": "A-",
        "system_programming": "A-",
        "sgpa": "3.28"
    },
    "21180075": {
        "applied_operating_systems": "F",
        "simulation_and_modeling": "Abs",
        "artificial_intelligence_and_neural_networks": "F",
        "organization_and_management": "F",
        "analysis_and_design_of_algorithms": "CNR",
        "system_programming": "Abs",
        "sgpa": "-"
    },
    "21180076": {
        "applied_operating_systems": "A-",
        "simulation_and_modeling": "B+",
        "artificial_intelligence_and_neural_networks": "A-",
        "organization_and_management": "A-",
        "analysis_and_design_of_algorithms": "A",
        "system_programming": "B+",
        "sgpa": "3.61"
    },
    "21180077": {
        "applied_operating_systems": "C+",
        "simulation_and_modeling": "F",
        "artificial_intelligence_and_neural_networks": "Abs",
        "organization_and_management": "F",
        "analysis_and_design_of_algorithms": "B-",
        "system_programming": "C+",
        "sgpa": "-"
    },
    "21180078": {
        "applied_operating_systems": "B-",
        "simulation_and_modeling": "C",
        "artificial_intelligence_and_neural_networks": "F",
        "organization_and_management": "C",
        "analysis_and_design_of_algorithms": "B+",
        "system_programming": "F",
        "sgpa": "-"
    },
    "21180079": {
        "applied_operating_systems": "C",
        "simulation_and_modeling": "F",
        "artificial_intelligence_and_neural_networks": "F",
        "organization_and_management": "B",
        "analysis_and_design_of_algorithms": "F",
        "system_programming": "F",
        "sgpa": "-"
    },
    "21180080": {
        "applied_operating_systems": "B",
        "simulation_and_modeling": "F",
        "artificial_intelligence_and_neural_networks": "B",
        "organization_and_management": "B-",
        "analysis_and_design_of_algorithms": "A",
        "system_programming": "B-",
        "sgpa": "-"
    },
    "21180081": {
        "applied_operating_systems": "C-",
        "simulation_and_modeling": "C",
        "artificial_intelligence_and_neural_networks": "F",
        "organization_and_management": "C+",
        "analysis_and_design_of_algorithms": "CNR",
        "system_programming": "F",
        "sgpa": "-"
    },
    "21180082": {
        "applied_operating_systems": "Abs",
        "simulation_and_modeling": "F",
        "artificial_intelligence_and_neural_networks": "F",
        "organization_and_management": "C-",
        "analysis_and_design_of_algorithms": "CNR",
        "system_programming": "Abs",
        "sgpa": "-"
    },
    "21180083": {
        "applied_operating_systems": "A-",
        "simulation_and_modeling": "C+",
        "artificial_intelligence_and_neural_networks": "B+",
        "organization_and_management": "C-",
        "analysis_and_design_of_algorithms": "A-",
        "system_programming": "A-",
        "sgpa": "3.15"
    },
    "21180084": {
        "applied_operating_systems": "F",
        "simulation_and_modeling": "Abs",
        "artificial_intelligence_and_neural_networks": "F",
        "organization_and_management": "C-",
        "analysis_and_design_of_algorithms": "F",
        "system_programming": "Abs",
        "sgpa": "-"
    },
    "21180086": {
        "applied_operating_systems": "F",
        "simulation_and_modeling": "F",
        "artificial_intelligence_and_neural_networks": "F",
        "organization_and_management": "B-",
        "analysis_and_design_of_algorithms": "F",
        "system_programming": "F",
        "sgpa": "-"
    },
    "21180087": {
        "applied_operating_systems": "B-",
        "simulation_and_modeling": "D+",
        "artificial_intelligence_and_neural_networks": "B-",
        "organization_and_management": "B+",
        "analysis_and_design_of_algorithms": "Expelled",
        "system_programming": "B-",
        "sgpa": "-"
    },
    "21180089": {
        "applied_operating_systems": "B+",
        "simulation_and_modeling": "A-",
        "artificial_intelligence_and_neural_networks": "A-",
        "organization_and_management": "B-",
        "analysis_and_design_of_algorithms": "A-",
        "system_programming": "A",
        "sgpa": "3.56"
    },
    "21180090": {
        "applied_operating_systems": "B-",
        "simulation_and_modeling": "B+",
        "artificial_intelligence_and_neural_networks": "B-",
        "organization_and_management": "B",
        "analysis_and_design_of_algorithms": "F",
        "system_programming": "B-",
        "sgpa": "-"
    },
    "21180091": {
        "applied_operating_systems": "C+",
        "simulation_and_modeling": "B-",
        "artificial_intelligence_and_neural_networks": "F",
        "organization_and_management": "B",
        "analysis_and_design_of_algorithms": "C",
        "system_programming": "C",
        "sgpa": "-"
    },
    "21180093": {
        "applied_operating_systems": "F",
        "simulation_and_modeling": "F",
        "artificial_intelligence_and_neural_networks": "F",
        "organization_and_management": "F",
        "analysis_and_design_of_algorithms": "CNR",
        "system_programming": "F",
        "sgpa": "-"
    },
    "21180094": {
        "applied_operating_systems": "A",
        "simulation_and_modeling": "A-",
        "artificial_intelligence_and_neural_networks": "A-",
        "organization_and_management": "A-",
        "analysis_and_design_of_algorithms": "A-",
        "system_programming": "A",
        "sgpa": "3.81"
    },
    "21180095": {
        "applied_operating_systems": "B",
        "simulation_and_modeling": "B",
        "artificial_intelligence_and_neural_networks": "B",
        "organization_and_management": "B+",
        "analysis_and_design_of_algorithms": "B",
        "system_programming": "A-",
        "sgpa": "3.16"
    },
    "21180096": {
        "applied_operating_systems": "A-",
        "simulation_and_modeling": "B",
        "artificial_intelligence_and_neural_networks": "B-",
        "organization_and_management": "A-",
        "analysis_and_design_of_algorithms": "A",
        "system_programming": "A-",
        "sgpa": "3.45"
    },
    "21180097": {
        "applied_operating_systems": "A-",
        "simulation_and_modeling": "B-",
        "artificial_intelligence_and_neural_networks": "C+",
        "organization_and_management": "C",
        "analysis_and_design_of_algorithms": "A-",
        "system_programming": "C+",
        "sgpa": "2.83"
    },
    "21180099": {
        "applied_operating_systems": "B+",
        "simulation_and_modeling": "C+",
        "artificial_intelligence_and_neural_networks": "F",
        "organization_and_management": "B-",
        "analysis_and_design_of_algorithms": "CNR",
        "system_programming": "C",
        "sgpa": "-"
    },
    "21180100": {
        "applied_operating_systems": "B",
        "simulation_and_modeling": "B",
        "artificial_intelligence_and_neural_networks": "C",
        "organization_and_management": "B-",
        "analysis_and_design_of_algorithms": "C",
        "system_programming": "A-",
        "sgpa": "2.74"
    },
    "21180102": {
        "applied_operating_systems": "B+",
        "simulation_and_modeling": "A",
        "artificial_intelligence_and_neural_networks": "A-",
        "organization_and_management": "B",
        "analysis_and_design_of_algorithms": "A",
        "system_programming": "B+",
        "sgpa": "3.58"
    },
    "21180103": {
        "applied_operating_systems": "C",
        "simulation_and_modeling": "F",
        "artificial_intelligence_and_neural_networks": "C",
        "organization_and_management": "B+",
        "analysis_and_design_of_algorithms": "C+",
        "system_programming": "F",
        "sgpa": "-"
    },
    "21180104": {
        "applied_operating_systems": "F",
        "simulation_and_modeling": "Abs",
        "artificial_intelligence_and_neural_networks": "F",
        "organization_and_management": "D+",
        "analysis_and_design_of_algorithms": "CNR",
        "system_programming": "F",
        "sgpa": "-"
    },
    "21180106": {
        "applied_operating_systems": "B",
        "simulation_and_modeling": "A-",
        "artificial_intelligence_and_neural_networks": "B+",
        "organization_and_management": "A-",
        "analysis_and_design_of_algorithms": "A-",
        "system_programming": "B+",
        "sgpa": "3.44"
    },
    "21180107": {
        "applied_operating_systems": "A-",
        "simulation_and_modeling": "A",
        "artificial_intelligence_and_neural_networks": "B",
        "organization_and_management": "B",
        "analysis_and_design_of_algorithms": "B-",
        "system_programming": "A-",
        "sgpa": "3.37"
    },
    "21180108": {
        "applied_operating_systems": "F",
        "simulation_and_modeling": "F",
        "artificial_intelligence_and_neural_networks": "F",
        "organization_and_management": "C+",
        "analysis_and_design_of_algorithms": "F",
        "system_programming": "F",
        "sgpa": "-"
    },
    "21180109": {
        "applied_operating_systems": "B-",
        "simulation_and_modeling": "B-",
        "artificial_intelligence_and_neural_networks": "F",
        "organization_and_management": "C+",
        "analysis_and_design_of_algorithms": "C-",
        "system_programming": "B",
        "sgpa": "-"
    },
    "21180110": {
        "applied_operating_systems": "B",
        "simulation_and_modeling": "B-",
        "artificial_intelligence_and_neural_networks": "B-",
        "organization_and_management": "B+",
        "analysis_and_design_of_algorithms": "B-",
        "system_programming": "B-",
        "sgpa": "2.82"
    },
    "21180111": {
        "applied_operating_systems": "A",
        "simulation_and_modeling": "A",
        "artificial_intelligence_and_neural_networks": "A",
        "organization_and_management": "A",
        "analysis_and_design_of_algorithms": "A",
        "system_programming": "A",
        "sgpa": "4.00"
    },
    "21180114": {
        "applied_operating_systems": "C+",
        "simulation_and_modeling": "F",
        "artificial_intelligence_and_neural_networks": "F",
        "organization_and_management": "C",
        "analysis_and_design_of_algorithms": "F",
        "system_programming": "F",
        "sgpa": "-"
    },
    "21180116": {
        "applied_operating_systems": "B+",
        "simulation_and_modeling": "B-",
        "artificial_intelligence_and_neural_networks": "B",
        "organization_and_management": "B+",
        "analysis_and_design_of_algorithms": "A-",
        "system_programming": "C+",
        "sgpa": "3.04"
    },
    "21180117": {
        "applied_operating_systems": "A-",
        "simulation_and_modeling": "A",
        "artificial_intelligence_and_neural_networks": "B+",
        "organization_and_management": "B+",
        "analysis_and_design_of_algorithms": "A",
        "system_programming": "B+",
        "sgpa": "3.62"
    },
    "21180119": {
        "applied_operating_systems": "C+",
        "simulation_and_modeling": "F",
        "artificial_intelligence_and_neural_networks": "F",
        "organization_and_management": "B+",
        "analysis_and_design_of_algorithms": "C",
        "system_programming": "C+",
        "sgpa": "-"
    },
    "21180120": {
        "applied_operating_systems": "B+",
        "simulation_and_modeling": "A-",
        "artificial_intelligence_and_neural_networks": "B+",
        "organization_and_management": "A-",
        "analysis_and_design_of_algorithms": "A",
        "system_programming": "B-",
        "sgpa": "3.44"
    },
    "21180122": {
        "applied_operating_systems": "Abs",
        "simulation_and_modeling": "Abs",
        "artificial_intelligence_and_neural_networks": "Abs",
        "organization_and_management": "F",
        "analysis_and_design_of_algorithms": "Abs",
        "system_programming": "F",
        "sgpa": "-"
    },
    "21180124": {
        "applied_operating_systems": "A",
        "simulation_and_modeling": "B+",
        "artificial_intelligence_and_neural_networks": "A-",
        "organization_and_management": "B+",
        "analysis_and_design_of_algorithms": "A",
        "system_programming": "A-",
        "sgpa": "3.69"
    },
    "21180125": {
        "applied_operating_systems": "C+",
        "simulation_and_modeling": "C",
        "artificial_intelligence_and_neural_networks": "F",
        "organization_and_management": "B-",
        "analysis_and_design_of_algorithms": "B-",
        "system_programming": "C+",
        "sgpa": "-"
    },
    "21180126": {
        "applied_operating_systems": "A",
        "simulation_and_modeling": "A",
        "artificial_intelligence_and_neural_networks": "A",
        "organization_and_management": "B+",
        "analysis_and_design_of_algorithms": "A",
        "system_programming": "Abs",
        "sgpa": "-"
    },
    "21180127": {
        "applied_operating_systems": "B-",
        "simulation_and_modeling": "F",
        "artificial_intelligence_and_neural_networks": "F",
        "organization_and_management": "B-",
        "analysis_and_design_of_algorithms": "C+",
        "system_programming": "C+",
        "sgpa": "-"
    },
    "21180128": {
        "applied_operating_systems": "B",
        "simulation_and_modeling": "F",
        "artificial_intelligence_and_neural_networks": "C-",
        "organization_and_management": "C-",
        "analysis_and_design_of_algorithms": "CNR",
        "system_programming": "F",
        "sgpa": "-"
    },
    "21180129": {
        "applied_operating_systems": "B",
        "simulation_and_modeling": "C+",
        "artificial_intelligence_and_neural_networks": "C+",
        "organization_and_management": "B",
        "analysis_and_design_of_algorithms": "B",
        "system_programming": "C",
        "sgpa": "2.58"
    },
    "21180130": {
        "applied_operating_systems": "Abs",
        "simulation_and_modeling": "F",
        "artificial_intelligence_and_neural_networks": "C+",
        "organization_and_management": "C+",
        "analysis_and_design_of_algorithms": "C",
        "system_programming": "Abs",
        "sgpa": "-"
    },
    "21180131": {
        "applied_operating_systems": "B-",
        "simulation_and_modeling": "C+",
        "artificial_intelligence_and_neural_networks": "C+",
        "organization_and_management": "B-",
        "analysis_and_design_of_algorithms": "B-",
        "system_programming": "F",
        "sgpa": "-"
    },
    "21180132": {
        "applied_operating_systems": "B+",
        "simulation_and_modeling": "B-",
        "artificial_intelligence_and_neural_networks": "B+",
        "organization_and_management": "B+",
        "analysis_and_design_of_algorithms": "A",
        "system_programming": "B",
        "sgpa": "3.26"
    },
    "21180133": {
        "applied_operating_systems": "F",
        "simulation_and_modeling": "F",
        "artificial_intelligence_and_neural_networks": "F",
        "organization_and_management": "F",
        "analysis_and_design_of_algorithms": "F",
        "system_programming": "F",
        "sgpa": "-"
    },
    "21180134": {
        "applied_operating_systems": "B",
        "simulation_and_modeling": "B",
        "artificial_intelligence_and_neural_networks": "B-",
        "organization_and_management": "B-",
        "analysis_and_design_of_algorithms": "B+",
        "system_programming": "A-",
        "sgpa": "3.09"
    },
    "21180137": {
        "applied_operating_systems": "Abs",
        "simulation_and_modeling": "F",
        "artificial_intelligence_and_neural_networks": "Abs",
        "organization_and_management": "F",
        "analysis_and_design_of_algorithms": "CNR",
        "system_programming": "F",
        "sgpa": "-"
    },
    "21180138": {
        "applied_operating_systems": "C+",
        "simulation_and_modeling": "F",
        "artificial_intelligence_and_neural_networks": "C",
        "organization_and_management": "C",
        "analysis_and_design_of_algorithms": "C+",
        "system_programming": "F",
        "sgpa": "-"
    },
    "21180140": {
        "applied_operating_systems": "F",
        "simulation_and_modeling": "Abs",
        "artificial_intelligence_and_neural_networks": "Abs",
        "organization_and_management": "F",
        "analysis_and_design_of_algorithms": "CNR",
        "system_programming": "Abs",
        "sgpa": "-"
    },
    "21180141": {
        "applied_operating_systems": "F",
        "simulation_and_modeling": "F",
        "artificial_intelligence_and_neural_networks": "F",
        "organization_and_management": "D+",
        "analysis_and_design_of_algorithms": "CNR",
        "system_programming": "Expelled",
        "sgpa": "-"
    },
    "21180142": {
        "applied_operating_systems": "C",
        "simulation_and_modeling": "B",
        "artificial_intelligence_and_neural_networks": "B",
        "organization_and_management": "A",
        "analysis_and_design_of_algorithms": "B-",
        "system_programming": "B-",
        "sgpa": "2.84"
    },
    "21180143": {
        "applied_operating_systems": "F",
        "simulation_and_modeling": "Abs",
        "artificial_intelligence_and_neural_networks": "C-",
        "organization_and_management": "C+",
        "analysis_and_design_of_algorithms": "F",
        "system_programming": "Abs",
        "sgpa": "-"
    },
    "21180145": {
        "applied_operating_systems": "B-",
        "simulation_and_modeling": "C",
        "artificial_intelligence_and_neural_networks": "C+",
        "organization_and_management": "B-",
        "analysis_and_design_of_algorithms": "B+",
        "system_programming": "A-",
        "sgpa": "2.79"
    },
    "21180146": {
        "applied_operating_systems": "A",
        "simulation_and_modeling": "A",
        "artificial_intelligence_and_neural_networks": "A",
        "organization_and_management": "A",
        "analysis_and_design_of_algorithms": "B-",
        "system_programming": "A",
        "sgpa": "3.77"
    },
    "21180147": {
        "applied_operating_systems": "B",
        "simulation_and_modeling": "B-",
        "artificial_intelligence_and_neural_networks": "C",
        "organization_and_management": "B+",
        "analysis_and_design_of_algorithms": "C",
        "system_programming": "C+",
        "sgpa": "2.51"
    },
    "21180148": {
        "applied_operating_systems": "A-",
        "simulation_and_modeling": "A",
        "artificial_intelligence_and_neural_networks": "A",
        "organization_and_management": "A",
        "analysis_and_design_of_algorithms": "A",
        "system_programming": "A",
        "sgpa": "3.95"
    },
    "21180149": {
        "applied_operating_systems": "A-",
        "simulation_and_modeling": "C+",
        "artificial_intelligence_and_neural_networks": "C",
        "organization_and_management": "B",
        "analysis_and_design_of_algorithms": "C",
        "system_programming": "C+",
        "sgpa": "2.52"
    },
    "21180150": {
        "applied_operating_systems": "B-",
        "simulation_and_modeling": "C-",
        "artificial_intelligence_and_neural_networks": "C-",
        "organization_and_management": "B-",
        "analysis_and_design_of_algorithms": "C",
        "system_programming": "C+",
        "sgpa": "2.15"
    },
    "21180151": {
        "applied_operating_systems": "F",
        "simulation_and_modeling": "F",
        "artificial_intelligence_and_neural_networks": "Abs",
        "organization_and_management": "B-",
        "analysis_and_design_of_algorithms": "F",
        "system_programming": "C+",
        "sgpa": "-"
    },
    "21180152": {
        "applied_operating_systems": "A-",
        "simulation_and_modeling": "A",
        "artificial_intelligence_and_neural_networks": "A-",
        "organization_and_management": "A-",
        "analysis_and_design_of_algorithms": "B+",
        "system_programming": "A",
        "sgpa": "3.74"
    },
    "21180153": {
        "applied_operating_systems": "A-",
        "simulation_and_modeling": "A",
        "artificial_intelligence_and_neural_networks": "B+",
        "organization_and_management": "B+",
        "analysis_and_design_of_algorithms": "B-",
        "system_programming": "B-",
        "sgpa": "3.28"
    },
    "21180155": {
        "applied_operating_systems": "B+",
        "simulation_and_modeling": "B",
        "artificial_intelligence_and_neural_networks": "C",
        "organization_and_management": "C",
        "analysis_and_design_of_algorithms": "B",
        "system_programming": "C+",
        "sgpa": "2.64"
    },
    "21180156": {
        "applied_operating_systems": "B+",
        "simulation_and_modeling": "C-",
        "artificial_intelligence_and_neural_networks": "C+",
        "organization_and_management": "B+",
        "analysis_and_design_of_algorithms": "C+",
        "system_programming": "B-",
        "sgpa": "2.56"
    },
    "21180157": {
        "applied_operating_systems": "B+",
        "simulation_and_modeling": "Expelled",
        "artificial_intelligence_and_neural_networks": "C",
        "organization_and_management": "C",
        "analysis_and_design_of_algorithms": "C+",
        "system_programming": "B-",
        "sgpa": "-"
    },
    "21180158": {
        "applied_operating_systems": "B+",
        "simulation_and_modeling": "C+",
        "artificial_intelligence_and_neural_networks": "B-",
        "organization_and_management": "B",
        "analysis_and_design_of_algorithms": "C",
        "system_programming": "B-",
        "sgpa": "2.65"
    },
    "21180159": {
        "applied_operating_systems": "F",
        "simulation_and_modeling": "F",
        "artificial_intelligence_and_neural_networks": "F",
        "organization_and_management": "C",
        "analysis_and_design_of_algorithms": "NQ",
        "system_programming": "F",
        "sgpa": "-"
    },
    "21180160": {
        "applied_operating_systems": "C",
        "simulation_and_modeling": "F",
        "artificial_intelligence_and_neural_networks": "F",
        "organization_and_management": "C-",
        "analysis_and_design_of_algorithms": "NQ",
        "system_programming": "Abs",
        "sgpa": "-"
    },
    "21180161": {
        "applied_operating_systems": "A",
        "simulation_and_modeling": "A",
        "artificial_intelligence_and_neural_networks": "A",
        "organization_and_management": "A",
        "analysis_and_design_of_algorithms": "C+",
        "system_programming": "A-",
        "sgpa": "3.65"
    },
    "21180162": {
        "applied_operating_systems": "C",
        "simulation_and_modeling": "F",
        "artificial_intelligence_and_neural_networks": "F",
        "organization_and_management": "C+",
        "analysis_and_design_of_algorithms": "F",
        "system_programming": "F",
        "sgpa": "-"
    },
    "21180163": {
        "applied_operating_systems": "C+",
        "simulation_and_modeling": "C",
        "artificial_intelligence_and_neural_networks": "C",
        "organization_and_management": "C",
        "analysis_and_design_of_algorithms": "F",
        "system_programming": "C+",
        "sgpa": "-"
    },
    "21180164": {
        "applied_operating_systems": "Abs",
        "simulation_and_modeling": "NQ",
        "artificial_intelligence_and_neural_networks": "C+",
        "organization_and_management": "B-",
        "analysis_and_design_of_algorithms": "F",
        "system_programming": "C+",
        "sgpa": "-"
    },
    "21180165": {
        "applied_operating_systems": "A-",
        "simulation_and_modeling": "F",
        "artificial_intelligence_and_neural_networks": "C",
        "organization_and_management": "C+",
        "analysis_and_design_of_algorithms": "B+",
        "system_programming": "B-",
        "sgpa": "-"
    },
    "21180166": {
        "applied_operating_systems": "C+",
        "simulation_and_modeling": "F",
        "artificial_intelligence_and_neural_networks": "F",
        "organization_and_management": "B-",
        "analysis_and_design_of_algorithms": "F",
        "system_programming": "F",
        "sgpa": "-"
    },
    "21180167": {
        "applied_operating_systems": "B",
        "simulation_and_modeling": "C-",
        "artificial_intelligence_and_neural_networks": "B-",
        "organization_and_management": "B-",
        "analysis_and_design_of_algorithms": "B",
        "system_programming": "C+",
        "sgpa": "2.56"
    },
    "21180168": {
        "applied_operating_systems": "B",
        "simulation_and_modeling": "F",
        "artificial_intelligence_and_neural_networks": "F",
        "organization_and_management": "F",
        "analysis_and_design_of_algorithms": "C",
        "system_programming": "B-",
        "sgpa": "-"
    },
    "21180169": {
        "applied_operating_systems": "A-",
        "simulation_and_modeling": "A",
        "artificial_intelligence_and_neural_networks": "A",
        "organization_and_management": "A",
        "analysis_and_design_of_algorithms": "A-",
        "system_programming": "A",
        "sgpa": "3.89"
    },
    "21180170": {
        "applied_operating_systems": "B+",
        "simulation_and_modeling": "B+",
        "artificial_intelligence_and_neural_networks": "B",
        "organization_and_management": "B+",
        "analysis_and_design_of_algorithms": "B+",
        "system_programming": "B+",
        "sgpa": "3.25"
    },
    "21180172": {
        "applied_operating_systems": "B",
        "simulation_and_modeling": "C+",
        "artificial_intelligence_and_neural_networks": "B",
        "organization_and_management": "A",
        "analysis_and_design_of_algorithms": "NQ",
        "system_programming": "B-",
        "sgpa": "-"
    },
    "21180173": {
        "applied_operating_systems": "B+",
        "simulation_and_modeling": "C",
        "artificial_intelligence_and_neural_networks": "B",
        "organization_and_management": "B-",
        "analysis_and_design_of_algorithms": "C",
        "system_programming": "B+",
        "sgpa": "2.72"
    },
    "21180174": {
        "applied_operating_systems": "A",
        "simulation_and_modeling": "B",
        "artificial_intelligence_and_neural_networks": "B+",
        "organization_and_management": "A",
        "analysis_and_design_of_algorithms": "C-",
        "system_programming": "B",
        "sgpa": "3.12"
    },
    "21180175": {
        "applied_operating_systems": "B",
        "simulation_and_modeling": "C",
        "artificial_intelligence_and_neural_networks": "C+",
        "organization_and_management": "B-",
        "analysis_and_design_of_algorithms": "C",
        "system_programming": "B",
        "sgpa": "2.49"
    },
    "21180176": {
        "applied_operating_systems": "B",
        "simulation_and_modeling": "B",
        "artificial_intelligence_and_neural_networks": "A-",
        "organization_and_management": "B",
        "analysis_and_design_of_algorithms": "F",
        "system_programming": "B-",
        "sgpa": "-"
    },
    "21180177": {
        "applied_operating_systems": "B+",
        "simulation_and_modeling": "B",
        "artificial_intelligence_and_neural_networks": "B-",
        "organization_and_management": "B-",
        "analysis_and_design_of_algorithms": "B-",
        "system_programming": "B+",
        "sgpa": "2.96"
    },
    "21180178": {
        "applied_operating_systems": "A-",
        "simulation_and_modeling": "A",
        "artificial_intelligence_and_neural_networks": "A",
        "organization_and_management": "A",
        "analysis_and_design_of_algorithms": "A",
        "system_programming": "A",
        "sgpa": "3.95"
    },
    "21180179": {
        "applied_operating_systems": "A-",
        "simulation_and_modeling": "B+",
        "artificial_intelligence_and_neural_networks": "B-",
        "organization_and_management": "B-",
        "analysis_and_design_of_algorithms": "C-",
        "system_programming": "B-",
        "sgpa": "2.81"
    },
    "21180180": {
        "applied_operating_systems": "A-",
        "simulation_and_modeling": "B+",
        "artificial_intelligence_and_neural_networks": "B",
        "organization_and_management": "B+",
        "analysis_and_design_of_algorithms": "F",
        "system_programming": "A-",
        "sgpa": "-"
    },
    "21180181": {
        "applied_operating_systems": "B",
        "simulation_and_modeling": "C-",
        "artificial_intelligence_and_neural_networks": "C",
        "organization_and_management": "B+",
        "analysis_and_design_of_algorithms": "C",
        "system_programming": "B",
        "sgpa": "2.45"
    },
    "21180183": {
        "applied_operating_systems": "C+",
        "simulation_and_modeling": "Abs",
        "artificial_intelligence_and_neural_networks": "F",
        "organization_and_management": "B+",
        "analysis_and_design_of_algorithms": "F",
        "system_programming": "Abs",
        "sgpa": "-"
    },
    "21180184": {
        "applied_operating_systems": "C+",
        "simulation_and_modeling": "F",
        "artificial_intelligence_and_neural_networks": "F",
        "organization_and_management": "C-",
        "analysis_and_design_of_algorithms": "F",
        "system_programming": "F",
        "sgpa": "-"
    },
    "21180185": {
        "applied_operating_systems": "A",
        "simulation_and_modeling": "A",
        "artificial_intelligence_and_neural_networks": "A",
        "organization_and_management": "A",
        "analysis_and_design_of_algorithms": "B",
        "system_programming": "A-",
        "sgpa": "3.77"
    },
    "21180186": {
        "applied_operating_systems": "B+",
        "simulation_and_modeling": "A-",
        "artificial_intelligence_and_neural_networks": "B-",
        "organization_and_management": "B",
        "analysis_and_design_of_algorithms": "C",
        "system_programming": "C+",
        "sgpa": "2.82"
    },
    "21180187": {
        "applied_operating_systems": "C+",
        "simulation_and_modeling": "F",
        "artificial_intelligence_and_neural_networks": "F",
        "organization_and_management": "C+",
        "analysis_and_design_of_algorithms": "F",
        "system_programming": "C+",
        "sgpa": "-"
    },
    "21180188": {
        "applied_operating_systems": "B+",
        "simulation_and_modeling": "B+",
        "artificial_intelligence_and_neural_networks": "C",
        "organization_and_management": "B+",
        "analysis_and_design_of_algorithms": "F",
        "system_programming": "C+",
        "sgpa": "-"
    },
    "21180189": {
        "applied_operating_systems": "B+",
        "simulation_and_modeling": "B+",
        "artificial_intelligence_and_neural_networks": "B+",
        "organization_and_management": "A",
        "analysis_and_design_of_algorithms": "A",
        "system_programming": "A-",
        "sgpa": "3.58"
    }
}