{
    "nan": {
        "advanced_programming_with_java": "-",
        "calculus_ii": "-",
        "data_structure_and_algorithms": "-",
        "database_management_system": "-",
        "probability_and_statistics": "-",
        "software_engineering_fundamentals": "-",
        "sgpa": "-"
    },
    "22180001": {
        "advanced_programming_with_java": "A-",
        "calculus_ii": "D+",
        "data_structure_and_algorithms": "A-",
        "database_management_system": "A-",
        "probability_and_statistics": "C",
        "software_engineering_fundamentals": "B+",
        "sgpa": "2.95"
    },
    "22180002": {
        "advanced_programming_with_java": "B",
        "calculus_ii": "B-",
        "data_structure_and_algorithms": "B+",
        "database_management_system": "A-",
        "probability_and_statistics": "B-",
        "software_engineering_fundamentals": "B-",
        "sgpa": "3.02"
    },
    "22180004": {
        "advanced_programming_with_java": "B-",
        "calculus_ii": "F",
        "data_structure_and_algorithms": "C",
        "database_management_system": "C+",
        "probability_and_statistics": "C+",
        "software_engineering_fundamentals": "F",
        "sgpa": "-"
    },
    "22180005": {
        "advanced_programming_with_java": "F",
        "calculus_ii": "C-",
        "data_structure_and_algorithms": "B-",
        "database_management_system": "C+",
        "probability_and_statistics": "C-",
        "software_engineering_fundamentals": "F",
        "sgpa": "-"
    },
    "22180006": {
        "advanced_programming_with_java": "A-",
        "calculus_ii": "A",
        "data_structure_and_algorithms": "A-",
        "database_management_system": "A",
        "probability_and_statistics": "A-",
        "software_engineering_fundamentals": "A-",
        "sgpa": "3.80"
    },
    "22180007": {
        "advanced_programming_with_java": "B-",
        "calculus_ii": "F",
        "data_structure_and_algorithms": "C-",
        "database_management_system": "B+",
        "probability_and_statistics": "C+",
        "software_engineering_fundamentals": "C+",
        "sgpa": "-"
    },
    "22180008": {
        "advanced_programming_with_java": "F",
        "calculus_ii": "F",
        "data_structure_and_algorithms": "C+",
        "database_management_system": "C+",
        "probability_and_statistics": "B",
        "software_engineering_fundamentals": "C+",
        "sgpa": "-"
    },
    "22180009": {
        "advanced_programming_with_java": "B-",
        "calculus_ii": "F",
        "data_structure_and_algorithms": "C+",
        "database_management_system": "B",
        "probability_and_statistics": "C",
        "software_engineering_fundamentals": "F",
        "sgpa": "-"
    },
    "22180010": {
        "advanced_programming_with_java": "C+",
        "calculus_ii": "F",
        "data_structure_and_algorithms": "C",
        "database_management_system": "B+",
        "probability_and_statistics": "C+",
        "software_engineering_fundamentals": "C+",
        "sgpa": "-"
    },
    "22180011": {
        "advanced_programming_with_java": "B",
        "calculus_ii": "C+",
        "data_structure_and_algorithms": "B",
        "database_management_system": "B+",
        "probability_and_statistics": "B",
        "software_engineering_fundamentals": "C-",
        "sgpa": "2.72"
    },
    "22180012": {
        "advanced_programming_with_java": "B+",
        "calculus_ii": "B+",
        "data_structure_and_algorithms": "B-",
        "database_management_system": "A-",
        "probability_and_statistics": "A-",
        "software_engineering_fundamentals": "B-",
        "sgpa": "3.23"
    },
    "22180014": {
        "advanced_programming_with_java": "C+",
        "calculus_ii": "C+",
        "data_structure_and_algorithms": "F",
        "database_management_system": "B-",
        "probability_and_statistics": "C",
        "software_engineering_fundamentals": "F",
        "sgpa": "-"
    },
    "22180015": {
        "advanced_programming_with_java": "B+",
        "calculus_ii": "B",
        "data_structure_and_algorithms": "F",
        "database_management_system": "B-",
        "probability_and_statistics": "C",
        "software_engineering_fundamentals": "F",
        "sgpa": "-"
    },
    "22180016": {
        "advanced_programming_with_java": "B-",
        "calculus_ii": "F",
        "data_structure_and_algorithms": "C+",
        "database_management_system": "B-",
        "probability_and_statistics": "F",
        "software_engineering_fundamentals": "C+",
        "sgpa": "-"
    },
    "22180017": {
        "advanced_programming_with_java": "B",
        "calculus_ii": "B",
        "data_structure_and_algorithms": "B-",
        "database_management_system": "B+",
        "probability_and_statistics": "B-",
        "software_engineering_fundamentals": "A",
        "sgpa": "3.12"
    },
    "22180018": {
        "advanced_programming_with_java": "B-",
        "calculus_ii": "F",
        "data_structure_and_algorithms": "C",
        "database_management_system": "A-",
        "probability_and_statistics": "F",
        "software_engineering_fundamentals": "C+",
        "sgpa": "-"
    },
    "22180019": {
        "advanced_programming_with_java": "C+",
        "calculus_ii": "F",
        "data_structure_and_algorithms": "F",
        "database_management_system": "B+",
        "probability_and_statistics": "F",
        "software_engineering_fundamentals": "F",
        "sgpa": "-"
    },
    "22180020": {
        "advanced_programming_with_java": "F",
        "calculus_ii": "F",
        "data_structure_and_algorithms": "F",
        "database_management_system": "F",
        "probability_and_statistics": "F",
        "software_engineering_fundamentals": "F",
        "sgpa": "-"
    },
    "22180021": {
        "advanced_programming_with_java": "F",
        "calculus_ii": "F",
        "data_structure_and_algorithms": "F",
        "database_management_system": "C-",
        "probability_and_statistics": "Abs",
        "software_engineering_fundamentals": "F",
        "sgpa": "-"
    },
    "22180022": {
        "advanced_programming_with_java": "F",
        "calculus_ii": "C",
        "data_structure_and_algorithms": "F",
        "database_management_system": "A-",
        "probability_and_statistics": "B-",
        "software_engineering_fundamentals": "B-",
        "sgpa": "-"
    },
    "22180023": {
        "advanced_programming_with_java": "F",
        "calculus_ii": "C-",
        "data_structure_and_algorithms": "C+",
        "database_management_system": "C",
        "probability_and_statistics": "D+",
        "software_engineering_fundamentals": "Abs",
        "sgpa": "-"
    },
    "22180024": {
        "advanced_programming_with_java": "C+",
        "calculus_ii": "C+",
        "data_structure_and_algorithms": "C+",
        "database_management_system": "B+",
        "probability_and_statistics": "C+",
        "software_engineering_fundamentals": "B+",
        "sgpa": "2.63"
    },
    "22180025": {
        "advanced_programming_with_java": "B",
        "calculus_ii": "C-",
        "data_structure_and_algorithms": "B",
        "database_management_system": "B",
        "probability_and_statistics": "C+",
        "software_engineering_fundamentals": "B+",
        "sgpa": "2.72"
    },
    "22180026": {
        "advanced_programming_with_java": "A-",
        "calculus_ii": "A-",
        "data_structure_and_algorithms": "A-",
        "database_management_system": "A-",
        "probability_and_statistics": "B",
        "software_engineering_fundamentals": "A-",
        "sgpa": "3.58"
    },
    "22180027": {
        "advanced_programming_with_java": "A-",
        "calculus_ii": "A",
        "data_structure_and_algorithms": "A",
        "database_management_system": "A",
        "probability_and_statistics": "A-",
        "software_engineering_fundamentals": "B+",
        "sgpa": "3.78"
    },
    "22180028": {
        "advanced_programming_with_java": "B",
        "calculus_ii": "C",
        "data_structure_and_algorithms": "A-",
        "database_management_system": "A-",
        "probability_and_statistics": "B",
        "software_engineering_fundamentals": "B",
        "sgpa": "3.07"
    },
    "22180029": {
        "advanced_programming_with_java": "B",
        "calculus_ii": "B-",
        "data_structure_and_algorithms": "B",
        "database_management_system": "A-",
        "probability_and_statistics": "B",
        "software_engineering_fundamentals": "C+",
        "sgpa": "2.95"
    },
    "22180030": {
        "advanced_programming_with_java": "F",
        "calculus_ii": "Abs",
        "data_structure_and_algorithms": "F",
        "database_management_system": "C+",
        "probability_and_statistics": "F",
        "software_engineering_fundamentals": "F",
        "sgpa": "-"
    },
    "22180031": {
        "advanced_programming_with_java": "B+",
        "calculus_ii": "C",
        "data_structure_and_algorithms": "B",
        "database_management_system": "B",
        "probability_and_statistics": "C",
        "software_engineering_fundamentals": "C",
        "sgpa": "2.55"
    },
    "22180032": {
        "advanced_programming_with_java": "C+",
        "calculus_ii": "C-",
        "data_structure_and_algorithms": "B",
        "database_management_system": "B+",
        "probability_and_statistics": "B",
        "software_engineering_fundamentals": "C+",
        "sgpa": "2.60"
    },
    "22180033": {
        "advanced_programming_with_java": "B-",
        "calculus_ii": "F",
        "data_structure_and_algorithms": "C",
        "database_management_system": "B-",
        "probability_and_statistics": "C",
        "software_engineering_fundamentals": "B",
        "sgpa": "-"
    },
    "22180034": {
        "advanced_programming_with_java": "F",
        "calculus_ii": "F",
        "data_structure_and_algorithms": "F",
        "database_management_system": "C-",
        "probability_and_statistics": "F",
        "software_engineering_fundamentals": "C-",
        "sgpa": "-"
    },
    "22180035": {
        "advanced_programming_with_java": "F",
        "calculus_ii": "Expelled",
        "data_structure_and_algorithms": "F",
        "database_management_system": "F",
        "probability_and_statistics": "F",
        "software_engineering_fundamentals": "F",
        "sgpa": "-"
    },
    "22180036": {
        "advanced_programming_with_java": "B",
        "calculus_ii": "C+",
        "data_structure_and_algorithms": "B+",
        "database_management_system": "A-",
        "probability_and_statistics": "C+",
        "software_engineering_fundamentals": "B+",
        "sgpa": "2.98"
    },
    "22180037": {
        "advanced_programming_with_java": "F",
        "calculus_ii": "C",
        "data_structure_and_algorithms": "C",
        "database_management_system": "B-",
        "probability_and_statistics": "F",
        "software_engineering_fundamentals": "C",
        "sgpa": "-"
    },
    "22180038": {
        "advanced_programming_with_java": "B",
        "calculus_ii": "C",
        "data_structure_and_algorithms": "B",
        "database_management_system": "B+",
        "probability_and_statistics": "C",
        "software_engineering_fundamentals": "A-",
        "sgpa": "2.83"
    },
    "22180039": {
        "advanced_programming_with_java": "C+",
        "calculus_ii": "F",
        "data_structure_and_algorithms": "F",
        "database_management_system": "B",
        "probability_and_statistics": "F",
        "software_engineering_fundamentals": "B-",
        "sgpa": "-"
    },
    "22180040": {
        "advanced_programming_with_java": "C+",
        "calculus_ii": "B-",
        "data_structure_and_algorithms": "C",
        "database_management_system": "B-",
        "probability_and_statistics": "F",
        "software_engineering_fundamentals": "C-",
        "sgpa": "-"
    },
    "22180041": {
        "advanced_programming_with_java": "F",
        "calculus_ii": "C",
        "data_structure_and_algorithms": "F",
        "database_management_system": "C",
        "probability_and_statistics": "F",
        "software_engineering_fundamentals": "C+",
        "sgpa": "-"
    },
    "22180042": {
        "advanced_programming_with_java": "C",
        "calculus_ii": "F",
        "data_structure_and_algorithms": "F",
        "database_management_system": "B-",
        "probability_and_statistics": "F",
        "software_engineering_fundamentals": "B-",
        "sgpa": "-"
    },
    "22180043": {
        "advanced_programming_with_java": "B",
        "calculus_ii": "A",
        "data_structure_and_algorithms": "B-",
        "database_management_system": "A-",
        "probability_and_statistics": "C+",
        "software_engineering_fundamentals": "C+",
        "sgpa": "3.00"
    },
    "22180044": {
        "advanced_programming_with_java": "F",
        "calculus_ii": "F",
        "data_structure_and_algorithms": "C+",
        "database_management_system": "B+",
        "probability_and_statistics": "F",
        "software_engineering_fundamentals": "B",
        "sgpa": "-"
    },
    "22180045": {
        "advanced_programming_with_java": "C+",
        "calculus_ii": "C-",
        "data_structure_and_algorithms": "F",
        "database_management_system": "B+",
        "probability_and_statistics": "F",
        "software_engineering_fundamentals": "C-",
        "sgpa": "-"
    },
    "22180046": {
        "advanced_programming_with_java": "F",
        "calculus_ii": "F",
        "data_structure_and_algorithms": "C-",
        "database_management_system": "C+",
        "probability_and_statistics": "F",
        "software_engineering_fundamentals": "B",
        "sgpa": "-"
    },
    "22180047": {
        "advanced_programming_with_java": "B-",
        "calculus_ii": "A-",
        "data_structure_and_algorithms": "B",
        "database_management_system": "B+",
        "probability_and_statistics": "C+",
        "software_engineering_fundamentals": "B-",
        "sgpa": "2.95"
    },
    "22180048": {
        "advanced_programming_with_java": "A",
        "calculus_ii": "A",
        "data_structure_and_algorithms": "A",
        "database_management_system": "A",
        "probability_and_statistics": "A",
        "software_engineering_fundamentals": "B+",
        "sgpa": "3.88"
    },
    "22180050": {
        "advanced_programming_with_java": "B+",
        "calculus_ii": "B+",
        "data_structure_and_algorithms": "B",
        "database_management_system": "A-",
        "probability_and_statistics": "A",
        "software_engineering_fundamentals": "B+",
        "sgpa": "3.43"
    },
    "22180051": {
        "advanced_programming_with_java": "C",
        "calculus_ii": "F",
        "data_structure_and_algorithms": "C",
        "database_management_system": "B",
        "probability_and_statistics": "C-",
        "software_engineering_fundamentals": "B",
        "sgpa": "-"
    },
    "22180052": {
        "advanced_programming_with_java": "F",
        "calculus_ii": "F",
        "data_structure_and_algorithms": "F",
        "database_management_system": "C",
        "probability_and_statistics": "F",
        "software_engineering_fundamentals": "F",
        "sgpa": "-"
    },
    "22180053": {
        "advanced_programming_with_java": "F",
        "calculus_ii": "F",
        "data_structure_and_algorithms": "C",
        "database_management_system": "B+",
        "probability_and_statistics": "F",
        "software_engineering_fundamentals": "B+",
        "sgpa": "-"
    },
    "22180054": {
        "advanced_programming_with_java": "C",
        "calculus_ii": "C+",
        "data_structure_and_algorithms": "C+",
        "database_management_system": "B+",
        "probability_and_statistics": "C+",
        "software_engineering_fundamentals": "C",
        "sgpa": "2.37"
    },
    "22180055": {
        "advanced_programming_with_java": "B+",
        "calculus_ii": "A-",
        "data_structure_and_algorithms": "A",
        "database_management_system": "A",
        "probability_and_statistics": "A",
        "software_engineering_fundamentals": "A-",
        "sgpa": "3.78"
    },
    "22180056": {
        "advanced_programming_with_java": "F",
        "calculus_ii": "F",
        "data_structure_and_algorithms": "C-",
        "database_management_system": "B-",
        "probability_and_statistics": "F",
        "software_engineering_fundamentals": "B-",
        "sgpa": "-"
    },
    "22180057": {
        "advanced_programming_with_java": "F",
        "calculus_ii": "C+",
        "data_structure_and_algorithms": "C+",
        "database_management_system": "B-",
        "probability_and_statistics": "B-",
        "software_engineering_fundamentals": "C",
        "sgpa": "-"
    },
    "22180059": {
        "advanced_programming_with_java": "C",
        "calculus_ii": "F",
        "data_structure_and_algorithms": "C",
        "database_management_system": "B-",
        "probability_and_statistics": "C",
        "software_engineering_fundamentals": "C",
        "sgpa": "-"
    },
    "22180060": {
        "advanced_programming_with_java": "F",
        "calculus_ii": "F",
        "data_structure_and_algorithms": "C+",
        "database_management_system": "B+",
        "probability_and_statistics": "C-",
        "software_engineering_fundamentals": "C",
        "sgpa": "-"
    },
    "22180061": {
        "advanced_programming_with_java": "B-",
        "calculus_ii": "B",
        "data_structure_and_algorithms": "C+",
        "database_management_system": "A",
        "probability_and_statistics": "A",
        "software_engineering_fundamentals": "C+",
        "sgpa": "3.05"
    },
    "22180064": {
        "advanced_programming_with_java": "B-",
        "calculus_ii": "C+",
        "data_structure_and_algorithms": "C",
        "database_management_system": "A-",
        "probability_and_statistics": "B-",
        "software_engineering_fundamentals": "C",
        "sgpa": "2.57"
    },
    "22180065": {
        "advanced_programming_with_java": "F",
        "calculus_ii": "F",
        "data_structure_and_algorithms": "C",
        "database_management_system": "C",
        "probability_and_statistics": "F",
        "software_engineering_fundamentals": "F",
        "sgpa": "-"
    },
    "22180066": {
        "advanced_programming_with_java": "B-",
        "calculus_ii": "F",
        "data_structure_and_algorithms": "C+",
        "database_management_system": "B-",
        "probability_and_statistics": "B-",
        "software_engineering_fundamentals": "C-",
        "sgpa": "-"
    },
    "22180067": {
        "advanced_programming_with_java": "F",
        "calculus_ii": "F",
        "data_structure_and_algorithms": "F",
        "database_management_system": "F",
        "probability_and_statistics": "F",
        "software_engineering_fundamentals": "F",
        "sgpa": "-"
    },
    "22180068": {
        "advanced_programming_with_java": "C+",
        "calculus_ii": "B-",
        "data_structure_and_algorithms": "C+",
        "database_management_system": "B+",
        "probability_and_statistics": "A",
        "software_engineering_fundamentals": "C",
        "sgpa": "2.77"
    },
    "22180069": {
        "advanced_programming_with_java": "A-",
        "calculus_ii": "D+",
        "data_structure_and_algorithms": "B",
        "database_management_system": "B+",
        "probability_and_statistics": "C-",
        "software_engineering_fundamentals": "C-",
        "sgpa": "2.45"
    },
    "22180070": {
        "advanced_programming_with_java": "C",
        "calculus_ii": "F",
        "data_structure_and_algorithms": "C-",
        "database_management_system": "B+",
        "probability_and_statistics": "C",
        "software_engineering_fundamentals": "C-",
        "sgpa": "-"
    },
    "22180071": {
        "advanced_programming_with_java": "F",
        "calculus_ii": "F",
        "data_structure_and_algorithms": "F",
        "database_management_system": "C",
        "probability_and_statistics": "F",
        "software_engineering_fundamentals": "F",
        "sgpa": "-"
    },
    "22180073": {
        "advanced_programming_with_java": "F",
        "calculus_ii": "F",
        "data_structure_and_algorithms": "F",
        "database_management_system": "F",
        "probability_and_statistics": "F",
        "software_engineering_fundamentals": "F",
        "sgpa": "-"
    },
    "22180074": {
        "advanced_programming_with_java": "F",
        "calculus_ii": "F",
        "data_structure_and_algorithms": "C",
        "database_management_system": "B-",
        "probability_and_statistics": "F",
        "software_engineering_fundamentals": "C-",
        "sgpa": "-"
    },
    "22180075": {
        "advanced_programming_with_java": "F",
        "calculus_ii": "F",
        "data_structure_and_algorithms": "C+",
        "database_management_system": "B-",
        "probability_and_statistics": "F",
        "software_engineering_fundamentals": "C-",
        "sgpa": "-"
    },
    "22180076": {
        "advanced_programming_with_java": "B",
        "calculus_ii": "F",
        "data_structure_and_algorithms": "B+",
        "database_management_system": "A-",
        "probability_and_statistics": "C",
        "software_engineering_fundamentals": "C+",
        "sgpa": "-"
    },
    "22180077": {
        "advanced_programming_with_java": "C+",
        "calculus_ii": "B-",
        "data_structure_and_algorithms": "A-",
        "database_management_system": "A-",
        "probability_and_statistics": "F",
        "software_engineering_fundamentals": "C",
        "sgpa": "-"
    },
    "22180078": {
        "advanced_programming_with_java": "F",
        "calculus_ii": "B-",
        "data_structure_and_algorithms": "C",
        "database_management_system": "B+",
        "probability_and_statistics": "B",
        "software_engineering_fundamentals": "C",
        "sgpa": "-"
    },
    "22180080": {
        "advanced_programming_with_java": "F",
        "calculus_ii": "F",
        "data_structure_and_algorithms": "C-",
        "database_management_system": "C+",
        "probability_and_statistics": "F",
        "software_engineering_fundamentals": "D+",
        "sgpa": "-"
    },
    "22180081": {
        "advanced_programming_with_java": "C",
        "calculus_ii": "C+",
        "data_structure_and_algorithms": "C+",
        "database_management_system": "A-",
        "probability_and_statistics": "B-",
        "software_engineering_fundamentals": "B-",
        "sgpa": "2.62"
    },
    "22180082": {
        "advanced_programming_with_java": "B+",
        "calculus_ii": "B+",
        "data_structure_and_algorithms": "A",
        "database_management_system": "A-",
        "probability_and_statistics": "B",
        "software_engineering_fundamentals": "B+",
        "sgpa": "3.43"
    },
    "22180083": {
        "advanced_programming_with_java": "C+",
        "calculus_ii": "F",
        "data_structure_and_algorithms": "C-",
        "database_management_system": "A-",
        "probability_and_statistics": "C+",
        "software_engineering_fundamentals": "C",
        "sgpa": "-"
    },
    "22180084": {
        "advanced_programming_with_java": "F",
        "calculus_ii": "F",
        "data_structure_and_algorithms": "B-",
        "database_management_system": "B",
        "probability_and_statistics": "C+",
        "software_engineering_fundamentals": "B+",
        "sgpa": "-"
    },
    "22180085": {
        "advanced_programming_with_java": "F",
        "calculus_ii": "F",
        "data_structure_and_algorithms": "F",
        "database_management_system": "F",
        "probability_and_statistics": "F",
        "software_engineering_fundamentals": "F",
        "sgpa": "-"
    },
    "22180086": {
        "advanced_programming_with_java": "B",
        "calculus_ii": "B+",
        "data_structure_and_algorithms": "B",
        "database_management_system": "A",
        "probability_and_statistics": "A",
        "software_engineering_fundamentals": "B",
        "sgpa": "3.38"
    },
    "22180087": {
        "advanced_programming_with_java": "C+",
        "calculus_ii": "C+",
        "data_structure_and_algorithms": "B-",
        "database_management_system": "B+",
        "probability_and_statistics": "B",
        "software_engineering_fundamentals": "B-",
        "sgpa": "2.72"
    },
    "22180089": {
        "advanced_programming_with_java": "B",
        "calculus_ii": "C",
        "data_structure_and_algorithms": "A-",
        "database_management_system": "A-",
        "probability_and_statistics": "B-",
        "software_engineering_fundamentals": "C-",
        "sgpa": "2.80"
    },
    "22180090": {
        "advanced_programming_with_java": "F",
        "calculus_ii": "F",
        "data_structure_and_algorithms": "C",
        "database_management_system": "B+",
        "probability_and_statistics": "C+",
        "software_engineering_fundamentals": "F",
        "sgpa": "-"
    },
    "22180091": {
        "advanced_programming_with_java": "B+",
        "calculus_ii": "B",
        "data_structure_and_algorithms": "A-",
        "database_management_system": "A",
        "probability_and_statistics": "A-",
        "software_engineering_fundamentals": "C+",
        "sgpa": "3.33"
    },
    "22180092": {
        "advanced_programming_with_java": "F",
        "calculus_ii": "F",
        "data_structure_and_algorithms": "F",
        "database_management_system": "C",
        "probability_and_statistics": "F",
        "software_engineering_fundamentals": "F",
        "sgpa": "-"
    },
    "22180093": {
        "advanced_programming_with_java": "F",
        "calculus_ii": "F",
        "data_structure_and_algorithms": "C-",
        "database_management_system": "B-",
        "probability_and_statistics": "C",
        "software_engineering_fundamentals": "B+",
        "sgpa": "-"
    },
    "22180094": {
        "advanced_programming_with_java": "A-",
        "calculus_ii": "A-",
        "data_structure_and_algorithms": "A",
        "database_management_system": "A",
        "probability_and_statistics": "A",
        "software_engineering_fundamentals": "B",
        "sgpa": "3.73"
    },
    "22180095": {
        "advanced_programming_with_java": "F",
        "calculus_ii": "F",
        "data_structure_and_algorithms": "C-",
        "database_management_system": "C+",
        "probability_and_statistics": "F",
        "software_engineering_fundamentals": "B-",
        "sgpa": "-"
    },
    "22180096": {
        "advanced_programming_with_java": "F",
        "calculus_ii": "F",
        "data_structure_and_algorithms": "F",
        "database_management_system": "Abs",
        "probability_and_statistics": "Abs",
        "software_engineering_fundamentals": "C-",
        "sgpa": "-"
    },
    "22180097": {
        "advanced_programming_with_java": "NQ",
        "calculus_ii": "F",
        "data_structure_and_algorithms": "F",
        "database_management_system": "F",
        "probability_and_statistics": "F",
        "software_engineering_fundamentals": "F",
        "sgpa": "-"
    },
    "22180099": {
        "advanced_programming_with_java": "A",
        "calculus_ii": "A",
        "data_structure_and_algorithms": "A",
        "database_management_system": "A",
        "probability_and_statistics": "A-",
        "software_engineering_fundamentals": "A",
        "sgpa": "3.95"
    },
    "22180100": {
        "advanced_programming_with_java": "F",
        "calculus_ii": "F",
        "data_structure_and_algorithms": "D+",
        "database_management_system": "Abs",
        "probability_and_statistics": "Abs",
        "software_engineering_fundamentals": "F",
        "sgpa": "-"
    },
    "22180101": {
        "advanced_programming_with_java": "NQ",
        "calculus_ii": "F",
        "data_structure_and_algorithms": "F",
        "database_management_system": "F",
        "probability_and_statistics": "F",
        "software_engineering_fundamentals": "F",
        "sgpa": "-"
    },
    "22180102": {
        "advanced_programming_with_java": "F",
        "calculus_ii": "F",
        "data_structure_and_algorithms": "C-",
        "database_management_system": "F",
        "probability_and_statistics": "F",
        "software_engineering_fundamentals": "F",
        "sgpa": "-"
    },
    "22180104": {
        "advanced_programming_with_java": "F",
        "calculus_ii": "F",
        "data_structure_and_algorithms": "F",
        "database_management_system": "F",
        "probability_and_statistics": "F",
        "software_engineering_fundamentals": "F",
        "sgpa": "-"
    },
    "22180105": {
        "advanced_programming_with_java": "NQ",
        "calculus_ii": "F",
        "data_structure_and_algorithms": "F",
        "database_management_system": "F",
        "probability_and_statistics": "F",
        "software_engineering_fundamentals": "F",
        "sgpa": "-"
    },
    "22180106": {
        "advanced_programming_with_java": "C-",
        "calculus_ii": "F",
        "data_structure_and_algorithms": "C+",
        "database_management_system": "F",
        "probability_and_statistics": "D+",
        "software_engineering_fundamentals": "F",
        "sgpa": "-"
    },
    "22180107": {
        "advanced_programming_with_java": "A-",
        "calculus_ii": "B",
        "data_structure_and_algorithms": "A",
        "database_management_system": "B",
        "probability_and_statistics": "B+",
        "software_engineering_fundamentals": "A-",
        "sgpa": "3.45"
    },
    "22180108": {
        "advanced_programming_with_java": "F",
        "calculus_ii": "F",
        "data_structure_and_algorithms": "F",
        "database_management_system": "Abs",
        "probability_and_statistics": "F",
        "software_engineering_fundamentals": "C+",
        "sgpa": "-"
    },
    "22180109": {
        "advanced_programming_with_java": "F",
        "calculus_ii": "F",
        "data_structure_and_algorithms": "F",
        "database_management_system": "F",
        "probability_and_statistics": "F",
        "software_engineering_fundamentals": "B+",
        "sgpa": "-"
    },
    "22180110": {
        "advanced_programming_with_java": "B-",
        "calculus_ii": "F",
        "data_structure_and_algorithms": "B-",
        "database_management_system": "C",
        "probability_and_statistics": "C",
        "software_engineering_fundamentals": "B",
        "sgpa": "-"
    },
    "22180111": {
        "advanced_programming_with_java": "A",
        "calculus_ii": "B",
        "data_structure_and_algorithms": "B",
        "database_management_system": "C-",
        "probability_and_statistics": "C",
        "software_engineering_fundamentals": "A-",
        "sgpa": "2.90"
    },
    "22180112": {
        "advanced_programming_with_java": "B-",
        "calculus_ii": "F",
        "data_structure_and_algorithms": "A-",
        "database_management_system": "B-",
        "probability_and_statistics": "B+",
        "software_engineering_fundamentals": "A-",
        "sgpa": "-"
    },
    "22180113": {
        "advanced_programming_with_java": "A-",
        "calculus_ii": "C+",
        "data_structure_and_algorithms": "B-",
        "database_management_system": "B+",
        "probability_and_statistics": "B+",
        "software_engineering_fundamentals": "A-",
        "sgpa": "3.17"
    },
    "22180114": {
        "advanced_programming_with_java": "F",
        "calculus_ii": "F",
        "data_structure_and_algorithms": "C",
        "database_management_system": "F",
        "probability_and_statistics": "F",
        "software_engineering_fundamentals": "F",
        "sgpa": "-"
    },
    "22180115": {
        "advanced_programming_with_java": "A",
        "calculus_ii": "A-",
        "data_structure_and_algorithms": "B+",
        "database_management_system": "A-",
        "probability_and_statistics": "C+",
        "software_engineering_fundamentals": "A",
        "sgpa": "3.50"
    },
    "22180116": {
        "advanced_programming_with_java": "C+",
        "calculus_ii": "F",
        "data_structure_and_algorithms": "F",
        "database_management_system": "C",
        "probability_and_statistics": "F",
        "software_engineering_fundamentals": "F",
        "sgpa": "-"
    },
    "22180117": {
        "advanced_programming_with_java": "F",
        "calculus_ii": "Abs",
        "data_structure_and_algorithms": "Abs",
        "database_management_system": "F",
        "probability_and_statistics": "F",
        "software_engineering_fundamentals": "F",
        "sgpa": "-"
    },
    "22180118": {
        "advanced_programming_with_java": "A-",
        "calculus_ii": "F",
        "data_structure_and_algorithms": "D+",
        "database_management_system": "C-",
        "probability_and_statistics": "C-",
        "software_engineering_fundamentals": "C+",
        "sgpa": "-"
    },
    "22180119": {
        "advanced_programming_with_java": "A-",
        "calculus_ii": "F",
        "data_structure_and_algorithms": "B",
        "database_management_system": "B-",
        "probability_and_statistics": "F",
        "software_engineering_fundamentals": "A-",
        "sgpa": "-"
    },
    "22180120": {
        "advanced_programming_with_java": "F",
        "calculus_ii": "F",
        "data_structure_and_algorithms": "F",
        "database_management_system": "Abs",
        "probability_and_statistics": "F",
        "software_engineering_fundamentals": "F",
        "sgpa": "-"
    },
    "22180121": {
        "advanced_programming_with_java": "A",
        "calculus_ii": "C+",
        "data_structure_and_algorithms": "A",
        "database_management_system": "A-",
        "probability_and_statistics": "A-",
        "software_engineering_fundamentals": "A-",
        "sgpa": "3.57"
    },
    "22180122": {
        "advanced_programming_with_java": "F",
        "calculus_ii": "F",
        "data_structure_and_algorithms": "F",
        "database_management_system": "F",
        "probability_and_statistics": "F",
        "software_engineering_fundamentals": "F",
        "sgpa": "-"
    },
    "22180123": {
        "advanced_programming_with_java": "B+",
        "calculus_ii": "B+",
        "data_structure_and_algorithms": "B-",
        "database_management_system": "Abs",
        "probability_and_statistics": "Abs",
        "software_engineering_fundamentals": "Abs",
        "sgpa": "-"
    },
    "22180124": {
        "advanced_programming_with_java": "B+",
        "calculus_ii": "B-",
        "data_structure_and_algorithms": "B",
        "database_management_system": "C+",
        "probability_and_statistics": "C+",
        "software_engineering_fundamentals": "B-",
        "sgpa": "2.72"
    },
    "22180125": {
        "advanced_programming_with_java": "C",
        "calculus_ii": "F",
        "data_structure_and_algorithms": "C",
        "database_management_system": "C",
        "probability_and_statistics": "F",
        "software_engineering_fundamentals": "B-",
        "sgpa": "-"
    },
    "22180126": {
        "advanced_programming_with_java": "C",
        "calculus_ii": "F",
        "data_structure_and_algorithms": "F",
        "database_management_system": "C",
        "probability_and_statistics": "F",
        "software_engineering_fundamentals": "C",
        "sgpa": "-"
    },
    "22180127": {
        "advanced_programming_with_java": "A",
        "calculus_ii": "A",
        "data_structure_and_algorithms": "A",
        "database_management_system": "A-",
        "probability_and_statistics": "A",
        "software_engineering_fundamentals": "A",
        "sgpa": "3.95"
    },
    "22180128": {
        "advanced_programming_with_java": "B",
        "calculus_ii": "F",
        "data_structure_and_algorithms": "C",
        "database_management_system": "B",
        "probability_and_statistics": "F",
        "software_engineering_fundamentals": "A",
        "sgpa": "-"
    },
    "22180129": {
        "advanced_programming_with_java": "F",
        "calculus_ii": "Abs",
        "data_structure_and_algorithms": "F",
        "database_management_system": "Abs",
        "probability_and_statistics": "Abs",
        "software_engineering_fundamentals": "F",
        "sgpa": "-"
    },
    "22180130": {
        "advanced_programming_with_java": "Abs",
        "calculus_ii": "Abs",
        "data_structure_and_algorithms": "F",
        "database_management_system": "Abs",
        "probability_and_statistics": "Abs",
        "software_engineering_fundamentals": "Abs",
        "sgpa": "-"
    },
    "22180133": {
        "advanced_programming_with_java": "NQ",
        "calculus_ii": "F",
        "data_structure_and_algorithms": "F",
        "database_management_system": "F",
        "probability_and_statistics": "Abs",
        "software_engineering_fundamentals": "F",
        "sgpa": "-"
    },
    "22180134": {
        "advanced_programming_with_java": "F",
        "calculus_ii": "F",
        "data_structure_and_algorithms": "F",
        "database_management_system": "F",
        "probability_and_statistics": "F",
        "software_engineering_fundamentals": "F",
        "sgpa": "-"
    },
    "22180135": {
        "advanced_programming_with_java": "F",
        "calculus_ii": "D+",
        "data_structure_and_algorithms": "F",
        "database_management_system": "Abs",
        "probability_and_statistics": "F",
        "software_engineering_fundamentals": "C-",
        "sgpa": "-"
    },
    "22180136": {
        "advanced_programming_with_java": "B-",
        "calculus_ii": "F",
        "data_structure_and_algorithms": "A-",
        "database_management_system": "B+",
        "probability_and_statistics": "F",
        "software_engineering_fundamentals": "A-",
        "sgpa": "-"
    },
    "22180137": {
        "advanced_programming_with_java": "NQ",
        "calculus_ii": "Abs",
        "data_structure_and_algorithms": "F",
        "database_management_system": "Abs",
        "probability_and_statistics": "F",
        "software_engineering_fundamentals": "F",
        "sgpa": "-"
    },
    "22180138": {
        "advanced_programming_with_java": "F",
        "calculus_ii": "F",
        "data_structure_and_algorithms": "C+",
        "database_management_system": "F",
        "probability_and_statistics": "F",
        "software_engineering_fundamentals": "F",
        "sgpa": "-"
    },
    "22180139": {
        "advanced_programming_with_java": "A",
        "calculus_ii": "A",
        "data_structure_and_algorithms": "A",
        "database_management_system": "A-",
        "probability_and_statistics": "A-",
        "software_engineering_fundamentals": "A",
        "sgpa": "3.90"
    },
    "22180140": {
        "advanced_programming_with_java": "A",
        "calculus_ii": "A",
        "data_structure_and_algorithms": "A-",
        "database_management_system": "B+",
        "probability_and_statistics": "A",
        "software_engineering_fundamentals": "A",
        "sgpa": "3.83"
    },
    "22180141": {
        "advanced_programming_with_java": "A-",
        "calculus_ii": "C+",
        "data_structure_and_algorithms": "A",
        "database_management_system": "B",
        "probability_and_statistics": "C+",
        "software_engineering_fundamentals": "A",
        "sgpa": "3.22"
    },
    "22180142": {
        "advanced_programming_with_java": "A",
        "calculus_ii": "B",
        "data_structure_and_algorithms": "B-",
        "database_management_system": "B",
        "probability_and_statistics": "B",
        "software_engineering_fundamentals": "A",
        "sgpa": "3.28"
    },
    "22180143": {
        "advanced_programming_with_java": "B-",
        "calculus_ii": "F",
        "data_structure_and_algorithms": "B+",
        "database_management_system": "C+",
        "probability_and_statistics": "C-",
        "software_engineering_fundamentals": "B+",
        "sgpa": "-"
    },
    "22180145": {
        "advanced_programming_with_java": "B-",
        "calculus_ii": "F",
        "data_structure_and_algorithms": "B",
        "database_management_system": "F",
        "probability_and_statistics": "F",
        "software_engineering_fundamentals": "B-",
        "sgpa": "-"
    },
    "22180146": {
        "advanced_programming_with_java": "C+",
        "calculus_ii": "F",
        "data_structure_and_algorithms": "C+",
        "database_management_system": "C",
        "probability_and_statistics": "Abs",
        "software_engineering_fundamentals": "A-",
        "sgpa": "-"
    },
    "22180147": {
        "advanced_programming_with_java": "F",
        "calculus_ii": "F",
        "data_structure_and_algorithms": "F",
        "database_management_system": "F",
        "probability_and_statistics": "F",
        "software_engineering_fundamentals": "C-",
        "sgpa": "-"
    },
    "22180150": {
        "advanced_programming_with_java": "B+",
        "calculus_ii": "B+",
        "data_structure_and_algorithms": "B+",
        "database_management_system": "C+",
        "probability_and_statistics": "B+",
        "software_engineering_fundamentals": "C+",
        "sgpa": "2.97"
    },
    "22180151": {
        "advanced_programming_with_java": "A",
        "calculus_ii": "A",
        "data_structure_and_algorithms": "A-",
        "database_management_system": "A",
        "probability_and_statistics": "A-",
        "software_engineering_fundamentals": "A",
        "sgpa": "3.90"
    },
    "22180152": {
        "advanced_programming_with_java": "B-",
        "calculus_ii": "F",
        "data_structure_and_algorithms": "B",
        "database_management_system": "B-",
        "probability_and_statistics": "F",
        "software_engineering_fundamentals": "C+",
        "sgpa": "-"
    },
    "22180153": {
        "advanced_programming_with_java": "F",
        "calculus_ii": "F",
        "data_structure_and_algorithms": "C",
        "database_management_system": "F",
        "probability_and_statistics": "F",
        "software_engineering_fundamentals": "C-",
        "sgpa": "-"
    },
    "22180154": {
        "advanced_programming_with_java": "C-",
        "calculus_ii": "F",
        "data_structure_and_algorithms": "C",
        "database_management_system": "F",
        "probability_and_statistics": "F",
        "software_engineering_fundamentals": "F",
        "sgpa": "-"
    },
    "22180155": {
        "advanced_programming_with_java": "C+",
        "calculus_ii": "F",
        "data_structure_and_algorithms": "C+",
        "database_management_system": "C",
        "probability_and_statistics": "F",
        "software_engineering_fundamentals": "B",
        "sgpa": "-"
    },
    "22180156": {
        "advanced_programming_with_java": "F",
        "calculus_ii": "F",
        "data_structure_and_algorithms": "F",
        "database_management_system": "F",
        "probability_and_statistics": "F",
        "software_engineering_fundamentals": "F",
        "sgpa": "-"
    },
    "22180157": {
        "advanced_programming_with_java": "B+",
        "calculus_ii": "A",
        "data_structure_and_algorithms": "A",
        "database_management_system": "B+",
        "probability_and_statistics": "A",
        "software_engineering_fundamentals": "A",
        "sgpa": "3.77"
    },
    "22180158": {
        "advanced_programming_with_java": "C+",
        "calculus_ii": "F",
        "data_structure_and_algorithms": "C+",
        "database_management_system": "C+",
        "probability_and_statistics": "C-",
        "software_engineering_fundamentals": "B-",
        "sgpa": "-"
    },
    "22180159": {
        "advanced_programming_with_java": "B+",
        "calculus_ii": "C-",
        "data_structure_and_algorithms": "A-",
        "database_management_system": "A-",
        "probability_and_statistics": "C+",
        "software_engineering_fundamentals": "A",
        "sgpa": "3.12"
    },
    "22180160": {
        "advanced_programming_with_java": "F",
        "calculus_ii": "F",
        "data_structure_and_algorithms": "C",
        "database_management_system": "F",
        "probability_and_statistics": "F",
        "software_engineering_fundamentals": "F",
        "sgpa": "-"
    },
    "22180161": {
        "advanced_programming_with_java": "NQ",
        "calculus_ii": "F",
        "data_structure_and_algorithms": "C-",
        "database_management_system": "F",
        "probability_and_statistics": "F",
        "software_engineering_fundamentals": "F",
        "sgpa": "-"
    },
    "22180162": {
        "advanced_programming_with_java": "F",
        "calculus_ii": "F",
        "data_structure_and_algorithms": "C",
        "database_management_system": "F",
        "probability_and_statistics": "F",
        "software_engineering_fundamentals": "C-",
        "sgpa": "-"
    },
    "22180163": {
        "advanced_programming_with_java": "A",
        "calculus_ii": "B",
        "data_structure_and_algorithms": "A-",
        "database_management_system": "B",
        "probability_and_statistics": "B",
        "software_engineering_fundamentals": "A",
        "sgpa": "3.45"
    },
    "22180164": {
        "advanced_programming_with_java": "A",
        "calculus_ii": "A",
        "data_structure_and_algorithms": "A",
        "database_management_system": "B-",
        "probability_and_statistics": "A-",
        "software_engineering_fundamentals": "A",
        "sgpa": "3.73"
    },
    "22180165": {
        "advanced_programming_with_java": "A",
        "calculus_ii": "A-",
        "data_structure_and_algorithms": "A",
        "database_management_system": "A-",
        "probability_and_statistics": "A-",
        "software_engineering_fundamentals": "A-",
        "sgpa": "3.80"
    },
    "22180166": {
        "advanced_programming_with_java": "F",
        "calculus_ii": "F",
        "data_structure_and_algorithms": "F",
        "database_management_system": "F",
        "probability_and_statistics": "F",
        "software_engineering_fundamentals": "F",
        "sgpa": "-"
    },
    "22180167": {
        "advanced_programming_with_java": "C-",
        "calculus_ii": "F",
        "data_structure_and_algorithms": "C",
        "database_management_system": "F",
        "probability_and_statistics": "F",
        "software_engineering_fundamentals": "B-",
        "sgpa": "-"
    },
    "22180169": {
        "advanced_programming_with_java": "A-",
        "calculus_ii": "F",
        "data_structure_and_algorithms": "A-",
        "database_management_system": "B+",
        "probability_and_statistics": "A-",
        "software_engineering_fundamentals": "A-",
        "sgpa": "-"
    },
    "22180170": {
        "advanced_programming_with_java": "C",
        "calculus_ii": "F",
        "data_structure_and_algorithms": "F",
        "database_management_system": "F",
        "probability_and_statistics": "F",
        "software_engineering_fundamentals": "F",
        "sgpa": "-"
    },
    "22180171": {
        "advanced_programming_with_java": "B+",
        "calculus_ii": "A-",
        "data_structure_and_algorithms": "A-",
        "database_management_system": "B+",
        "probability_and_statistics": "A",
        "software_engineering_fundamentals": "A-",
        "sgpa": "3.62"
    },
    "22180172": {
        "advanced_programming_with_java": "B",
        "calculus_ii": "C+",
        "data_structure_and_algorithms": "B-",
        "database_management_system": "C+",
        "probability_and_statistics": "C-",
        "software_engineering_fundamentals": "C+",
        "sgpa": "2.38"
    },
    "22180173": {
        "advanced_programming_with_java": "B-",
        "calculus_ii": "C-",
        "data_structure_and_algorithms": "B-",
        "database_management_system": "B-",
        "probability_and_statistics": "F",
        "software_engineering_fundamentals": "F",
        "sgpa": "-"
    },
    "22180174": {
        "advanced_programming_with_java": "C-",
        "calculus_ii": "F",
        "data_structure_and_algorithms": "C+",
        "database_management_system": "C-",
        "probability_and_statistics": "F",
        "software_engineering_fundamentals": "C+",
        "sgpa": "-"
    },
    "22180176": {
        "advanced_programming_with_java": "C+",
        "calculus_ii": "F",
        "data_structure_and_algorithms": "B+",
        "database_management_system": "C-",
        "probability_and_statistics": "F",
        "software_engineering_fundamentals": "C+",
        "sgpa": "-"
    },
    "22180177": {
        "advanced_programming_with_java": "A",
        "calculus_ii": "B+",
        "data_structure_and_algorithms": "A",
        "database_management_system": "A",
        "probability_and_statistics": "B",
        "software_engineering_fundamentals": "A",
        "sgpa": "3.72"
    },
    "22180178": {
        "advanced_programming_with_java": "C",
        "calculus_ii": "C",
        "data_structure_and_algorithms": "B+",
        "database_management_system": "B+",
        "probability_and_statistics": "C+",
        "software_engineering_fundamentals": "B+",
        "sgpa": "2.70"
    },
    "22180179": {
        "advanced_programming_with_java": "B",
        "calculus_ii": "A-",
        "data_structure_and_algorithms": "A-",
        "database_management_system": "B+",
        "probability_and_statistics": "B",
        "software_engineering_fundamentals": "A",
        "sgpa": "3.45"
    },
    "22180180": {
        "advanced_programming_with_java": "NQ",
        "calculus_ii": "F",
        "data_structure_and_algorithms": "F",
        "database_management_system": "F",
        "probability_and_statistics": "F",
        "software_engineering_fundamentals": "F",
        "sgpa": "-"
    },
    "22180181": {
        "advanced_programming_with_java": "C",
        "calculus_ii": "F",
        "data_structure_and_algorithms": "C",
        "database_management_system": "C-",
        "probability_and_statistics": "F",
        "software_engineering_fundamentals": "C+",
        "sgpa": "-"
    },
    "22180182": {
        "advanced_programming_with_java": "A",
        "calculus_ii": "B",
        "data_structure_and_algorithms": "C+",
        "database_management_system": "B",
        "probability_and_statistics": "B",
        "software_engineering_fundamentals": "A",
        "sgpa": "3.22"
    },
    "22180183": {
        "advanced_programming_with_java": "F",
        "calculus_ii": "F",
        "data_structure_and_algorithms": "F",
        "database_management_system": "F",
        "probability_and_statistics": "F",
        "software_engineering_fundamentals": "F",
        "sgpa": "-"
    },
    "22180184": {
        "advanced_programming_with_java": "B+",
        "calculus_ii": "F",
        "data_structure_and_algorithms": "B",
        "database_management_system": "C",
        "probability_and_statistics": "F",
        "software_engineering_fundamentals": "B-",
        "sgpa": "-"
    },
    "22180185": {
        "advanced_programming_with_java": "C+",
        "calculus_ii": "C+",
        "data_structure_and_algorithms": "B-",
        "database_management_system": "B",
        "probability_and_statistics": "F",
        "software_engineering_fundamentals": "B+",
        "sgpa": "-"
    },
    "22180186": {
        "advanced_programming_with_java": "B-",
        "calculus_ii": "B",
        "data_structure_and_algorithms": "A-",
        "database_management_system": "B-",
        "probability_and_statistics": "B-",
        "software_engineering_fundamentals": "B+",
        "sgpa": "3.02"
    },
    "22180187": {
        "advanced_programming_with_java": "B-",
        "calculus_ii": "F",
        "data_structure_and_algorithms": "B",
        "database_management_system": "B-",
        "probability_and_statistics": "B-",
        "software_engineering_fundamentals": "A",
        "sgpa": "-"
    },
    "22180188": {
        "advanced_programming_with_java": "F",
        "calculus_ii": "F",
        "data_structure_and_algorithms": "C+",
        "database_management_system": "F",
        "probability_and_statistics": "F",
        "software_engineering_fundamentals": "B-",
        "sgpa": "-"
    },
    "22180189": {
        "advanced_programming_with_java": "B-",
        "calculus_ii": "F",
        "data_structure_and_algorithms": "F",
        "database_management_system": "F",
        "probability_and_statistics": "F",
        "software_engineering_fundamentals": "B",
        "sgpa": "-"
    },
    "22180190": {
        "advanced_programming_with_java": "C+",
        "calculus_ii": "C-",
        "data_structure_and_algorithms": "C+",
        "database_management_system": "B-",
        "probability_and_statistics": "A-",
        "software_engineering_fundamentals": "B",
        "sgpa": "2.62"
    }
}