{
    "nan": {
        "network_programming": "-",
        "software_project_management": "-",
        "project_iii": "-",
        "web_services_and_applications": "-"
    },
    "16180070": {
        "network_programming": "-",
        "software_project_management": "-",
        "project_iii": "-",
        "web_services_and_applications": "B+"
    },
    "16180092": {
        "network_programming": "-",
        "software_project_management": "-",
        "project_iii": "-",
        "web_services_and_applications": "B+"
    },
    "17180035": {
        "network_programming": "Abs",
        "software_project_management": "-",
        "project_iii": "-",
        "web_services_and_applications": "-"
    },
    "18180027": {
        "network_programming": "B-",
        "software_project_management": "-",
        "project_iii": "-",
        "web_services_and_applications": "-"
    },
    "18180040": {
        "network_programming": "F",
        "software_project_management": "-",
        "project_iii": "-",
        "web_services_and_applications": "-"
    },
    "18180069": {
        "network_programming": "-",
        "software_project_management": "F",
        "project_iii": "-",
        "web_services_and_applications": "-"
    },
    "18180071": {
        "network_programming": "-",
        "software_project_management": "-",
        "project_iii": "Incomplete",
        "web_services_and_applications": "-"
    },
    "18180082": {
        "network_programming": "Abs",
        "software_project_management": "-",
        "project_iii": "-",
        "web_services_and_applications": "-"
    },
    "18180087": {
        "network_programming": "-",
        "software_project_management": "Abs",
        "project_iii": "-",
        "web_services_and_applications": "-"
    },
    "18180090": {
        "network_programming": "-",
        "software_project_management": "-",
        "project_iii": "Incomplete",
        "web_services_and_applications": "-"
    },
    "18180091": {
        "network_programming": "Abs",
        "software_project_management": "-",
        "project_iii": "-",
        "web_services_and_applications": "-"
    },
    "18180096": {
        "network_programming": "Abs",
        "software_project_management": "-",
        "project_iii": "-",
        "web_services_and_applications": "-"
    },
    "18180101": {
        "network_programming": "-",
        "software_project_management": "F",
        "project_iii": "-",
        "web_services_and_applications": "-"
    },
    "18180102": {
        "network_programming": "C+",
        "software_project_management": "-",
        "project_iii": "-",
        "web_services_and_applications": "-"
    },
    "18180107": {
        "network_programming": "Abs",
        "software_project_management": "Abs",
        "project_iii": "-",
        "web_services_and_applications": "-"
    },
    "18180113": {
        "network_programming": "-",
        "software_project_management": "-",
        "project_iii": "Incomplete",
        "web_services_and_applications": "-"
    },
    "18180137": {
        "network_programming": "Abs",
        "software_project_management": "-",
        "project_iii": "-",
        "web_services_and_applications": "-"
    },
    "18180141": {
        "network_programming": "B-",
        "software_project_management": "-",
        "project_iii": "-",
        "web_services_and_applications": "-"
    },
    "19180009": {
        "network_programming": "F",
        "software_project_management": "-",
        "project_iii": "-",
        "web_services_and_applications": "-"
    },
    "19180017": {
        "network_programming": "-",
        "software_project_management": "F",
        "project_iii": "-",
        "web_services_and_applications": "-"
    },
    "19180018": {
        "network_programming": "C",
        "software_project_management": "-",
        "project_iii": "-",
        "web_services_and_applications": "-"
    },
    "19180020": {
        "network_programming": "F",
        "software_project_management": "-",
        "project_iii": "-",
        "web_services_and_applications": "-"
    },
    "19180033": {
        "network_programming": "-",
        "software_project_management": "Abs",
        "project_iii": "-",
        "web_services_and_applications": "-"
    },
    "19180045": {
        "network_programming": "C+",
        "software_project_management": "-",
        "project_iii": "-",
        "web_services_and_applications": "-"
    },
    "19180055": {
        "network_programming": "-",
        "software_project_management": "F",
        "project_iii": "-",
        "web_services_and_applications": "-"
    },
    "19180058": {
        "network_programming": "-",
        "software_project_management": "F",
        "project_iii": "-",
        "web_services_and_applications": "-"
    },
    "19180061": {
        "network_programming": "-",
        "software_project_management": "C-",
        "project_iii": "-",
        "web_services_and_applications": "-"
    },
    "19180063": {
        "network_programming": "-",
        "software_project_management": "C",
        "project_iii": "-",
        "web_services_and_applications": "-"
    },
    "19180064": {
        "network_programming": "-",
        "software_project_management": "F",
        "project_iii": "-",
        "web_services_and_applications": "-"
    },
    "19180072": {
        "network_programming": "-",
        "software_project_management": "C-",
        "project_iii": "-",
        "web_services_and_applications": "-"
    },
    "19180086": {
        "network_programming": "C+",
        "software_project_management": "-",
        "project_iii": "-",
        "web_services_and_applications": "-"
    },
    "19180089": {
        "network_programming": "B-",
        "software_project_management": "-",
        "project_iii": "-",
        "web_services_and_applications": "-"
    },
    "19180099": {
        "network_programming": "Abs",
        "software_project_management": "-",
        "project_iii": "-",
        "web_services_and_applications": "-"
    },
    "19180104": {
        "network_programming": "-",
        "software_project_management": "Abs",
        "project_iii": "-",
        "web_services_and_applications": "-"
    },
    "19180112": {
        "network_programming": "Abs",
        "software_project_management": "-",
        "project_iii": "-",
        "web_services_and_applications": "-"
    },
    "19180113": {
        "network_programming": "C+",
        "software_project_management": "-",
        "project_iii": "-",
        "web_services_and_applications": "-"
    },
    "19180125": {
        "network_programming": "Abs",
        "software_project_management": "Abs",
        "project_iii": "-",
        "web_services_and_applications": "-"
    },
    "19180132": {
        "network_programming": "C+",
        "software_project_management": "-",
        "project_iii": "-",
        "web_services_and_applications": "-"
    },
    "19180134": {
        "network_programming": "C",
        "software_project_management": "-",
        "project_iii": "-",
        "web_services_and_applications": "-"
    },
    "19180137": {
        "network_programming": "F",
        "software_project_management": "F",
        "project_iii": "-",
        "web_services_and_applications": "-"
    },
    "19180157": {
        "network_programming": "F",
        "software_project_management": "-",
        "project_iii": "-",
        "web_services_and_applications": "-"
    },
    "19180173": {
        "network_programming": "-",
        "software_project_management": "F",
        "project_iii": "-",
        "web_services_and_applications": "-"
    },
    "19180182": {
        "network_programming": "C+",
        "software_project_management": "-",
        "project_iii": "-",
        "web_services_and_applications": "-"
    },
    "19180185": {
        "network_programming": "B-",
        "software_project_management": "-",
        "project_iii": "-",
        "web_services_and_applications": "-"
    }
}